v,mu,sd,comat,,,,,,,,
7.753989512872877,23.656154786513003,41.83092268126532,1749.8260923659977,11832.647659287417,16551.861438087093,2982.404844645206,9751.967936731819,8642.097358703877,3236.6950884016956,1106.9242312962074,12452.184788607825
8.540739113090524,73.93861427361799,306.0871428504167,11832.647659287417,93689.33901833139,117955.0886657775,20330.76472686892,71738.3693025124,62275.62130305288,23777.44512922627,7922.821237848826,94667.0446769523
6.454523694564722,97.34934454995775,428.71538326891346,16551.861438087093,117955.0886657775,183796.87985141133,31988.493704387798,99382.74213406422,96201.50719581833,37215.65862830346,11391.091471125279,133405.7449569372
7.5541380259883155,56.64146102660316,76.9850051731451,2982.4048446452066,20330.764726868925,31988.4937043878,5926.6910215091775,17481.093109538888,16276.204002421275,6633.748490419565,1960.0161924717322,22868.77614982979
9.464734771738273,51.442958238530714,242.3861213411433,9751.967936731819,71738.36930251238,99382.7421340642,17481.093109538888,58751.03181880346,53159.45401288431,19843.91362543261,6689.079291624267,76229.70301422304
9.48146544466719,79.82372895283025,234.71184902132825,8642.097358703877,62275.62130305288,96201.50719581834,16276.204002421275,53159.45401288431,55089.65207101079,19048.033455873967,6325.04839080578,70640.37014147654
5.627926552319181,48.251539340684204,90.324134861137,3236.6950884016956,23777.445129226267,37215.658628303456,6633.748490419564,19843.91362543261,19048.033455873967,8158.449338412864,2278.4712376307107,27001.23548880498
6.036214390690934,21.83527117617324,28.265642305731447,1106.9242312962074,7922.821237848825,11391.091471125279,1960.016192471732,6689.079291624267,6325.048390805781,2278.4712376307107,798.9465349555552,8673.554940262351
5.25733601650415,89.77735282077379,319.6708008325984,12452.184788607823,94667.0446769523,133405.74495693718,22868.77614982979,76229.70301422304,70640.37014147654,27001.23548880498,8673.554940262351,102189.42090495476
