v,mu,sd,comat,,,,,,,,
5.487668008747258,12.79719794684202,54.81474331354527,3004.656084529856,9680.38185684771,16081.33296476388,17792.76335802185,10550.26405009902,5814.22148883783,9190.030198970675,16273.09575971867,925.7543547325954
8.80624858337428,82.58244118787815,192.61386523804902,9680.38185684771,37100.10108194131,54914.84623467031,61617.234391040496,38477.47867238429,20403.990272443265,33483.787115293875,61658.39027607838,3289.55178461844
6.234689865831635,69.1850174632054,341.3411042055776,16081.33296476388,54914.84623467031,116513.749420283,108358.91468733625,63392.45976765017,35948.512111017524,53506.39429316752,103691.74927658815,5639.501288128518
5.690658437381598,96.12393345660858,353.71450696111185,17792.76335802185,61617.234391040496,108358.91468733626,125113.95243474244,69170.20822123198,36567.25380333536,64789.6857969446,109646.0576620432,6032.948711048299
6.657232816354657,89.83135650220652,214.7176852948289,10550.264050099022,38477.47867238429,63392.45976765018,69170.20822123198,46103.68437836918,23503.381298091652,37394.62443715544,66484.34877364156,3916.0408827654155
5.414997825034464,65.00822665793427,114.02266008303644,5814.221488837829,20403.99027244327,35948.51211101752,36567.25380333536,23503.381298091652,13001.167012411672,18758.920713829943,36470.710099803335,2117.087580923367
8.359885406402334,38.08703333132436,188.11598198583923,9190.030198970673,33483.78711529388,53506.394293167505,64789.6857969446,37394.624437155435,18758.920713829943,35387.62267849658,57269.515395270966,3061.6278689160436
9.032968990808287,76.40496771366695,331.00467058721927,16273.09575971867,61658.390276078375,103691.74927658813,109646.05766204317,66484.34877364156,36470.71009980333,57269.51539527097,109564.09195055351,5917.586002691212
9.91370957272107,18.492903481121207,19.600938907564224,925.7543547325954,3289.5517846184407,5639.501288128518,6032.9487110483,3916.0408827654155,2117.087580923367,3061.627868916044,5917.586002691211,384.1968060580651
