v,mu,sd,comat,,,,,,,,
9.184720621322619,41.095697424241145,78.68795177600228,6191.793754702459,25426.643020297375,5586.8006865618945,25878.114906929706,5420.0371914694315,13094.269958292707,9866.45840409151,20223.146469313302,10151.754112276963
9.851179259701649,98.81053584483954,347.417265570568,25426.643020297375,120698.75641653058,23361.051036906763,104294.68238059366,23589.239464161466,52496.741782627745,41168.95018652984,76728.19405263146,42174.441254286095
7.235768926307557,34.76282939548169,79.07343178090248,5586.800686561893,23361.051036906767,6252.607613609038,22603.647105579268,5716.1044813646095,12057.707470800167,9997.551429177935,18854.470345720696,10395.838641071276
6.422905045143158,74.81581031714704,357.00529408711105,25878.11490692971,104294.68238059366,22603.647105579268,127452.78000622462,24848.709751063645,61463.877604081725,41123.87310687408,82267.35405883857,40296.267221432405
8.85608294004877,70.63341739163253,78.05663852276804,5420.037191469432,23589.239464161466,5716.1044813646095,24848.709751063645,6092.838817474076,11826.403801008542,9393.876997448413,18112.08631206625,9475.300709131776
6.494718161178888,87.66340528401086,182.0680336008112,13094.269958292709,52496.741782627745,12057.707470800167,61463.87760408174,11826.403801008542,33148.76885926612,21259.428853072615,41186.786707612104,20552.31871181886
9.881675374476423,44.48513514600445,134.1565106355215,9866.458404091509,41168.95018652984,9997.551429177935,41123.87310687408,9393.876997448413,21259.42885307261,17997.969345898797,30941.01906359048,17869.791062944627
9.64575987548868,99.84985629461534,271.54327146913647,20223.146469313302,76728.19405263147,18854.470345720692,82267.35405883857,18112.08631206625,41186.7867076121,30941.01906359048,73735.74828016116,32787.168828091235
6.023370328694622,61.30949794483702,140.29041675937054,10151.754112276963,42174.441254286095,10395.838641071277,40296.26722143241,9475.300709131776,20552.31871181886,17869.79106294463,32787.168828091235,19681.401034517876
