v,mu,sd,comat,,,,,,,,
5.381541446869786,67.58108460064382,86.30160460906141,7447.96695809877,12889.440226752893,12747.133022541564,24488.703693281517,6302.269003921431,9523.11627862144,2586.3763313654144,21702.79090363338,11042.071949689443
8.899593961200573,38.9217096935235,165.4685728206798,12889.440226752891,27379.848591312617,25074.223748352473,50800.77319388382,11179.920516624883,18576.11392328729,5002.739449143488,42239.7950864422,21410.785209475842
7.192046157204468,45.63195913761731,155.12209186762115,12747.133022541566,25074.223748352477,24062.863385386696,48298.19530595869,11245.045925367052,17791.455694693967,4797.239953338045,40423.4053046717,20334.780644158527
8.617325889154706,74.17532189897771,317.83461069284425,24488.703693281517,50800.77319388383,48298.19530595869,101018.83975427186,21999.167958010476,36518.99576079926,9823.28014674768,82319.40035329931,39570.57019960515
9.889947559983014,77.2489363981269,79.45617806893357,6302.26900392143,11179.920516624883,11245.045925367052,21999.167958010476,6313.284233322081,9651.650905607592,2266.1742021102423,20047.06314601335,10485.496804344371
7.692479352052168,44.92439919889083,128.14886456933192,9523.116278621443,18576.11392328729,17791.45569469397,36518.99576079927,9651.650905607594,16422.131490408974,3793.020549828513,32539.575135141684,17095.3801139709
7.505602318299689,10.272452795708654,32.520207769932625,2586.376331365415,5002.739449143488,4797.239953338044,9823.28014674768,2266.1742021102423,3793.0205498285127,1057.5639133995858,8508.013074942119,4248.019340611319
5.360255666798808,62.73822138716738,270.6409412134596,21702.790903633377,42239.79508644221,40423.40530467171,82319.4003532993,20047.063146013348,32539.57513514168,8508.013074942119,73246.51906090727,35720.13434131038
6.342194900509356,94.47188047818761,142.89735546571728,11042.071949689443,21410.78520947584,20334.780644158527,39570.57019960515,10485.496804344371,17095.380113970896,4248.019340611319,35720.134341310375,20419.65419909556
