v,mu,sd,comat,,,,,,,,
5.770814211898362,66.07798410140533,167.89543008577823,28188.875443688452,33722.16546197261,21105.311317118052,7451.350466188195,23876.573684143066,9310.93597392123,27716.874663114562,9395.65418414858,31358.40983584747
8.700248482577024,61.5954799572561,212.08729493754595,33722.16546197261,44981.0206739256,26319.922121992502,9770.462791636444,31886.70010221113,12382.588008500481,36971.79556621775,12250.806394741781,39969.838502834056
6.316575075925673,61.963822897747086,139.3650639945305,21105.311317118056,26319.922121992502,19422.621062199578,6144.6915256916545,20373.317001845364,8436.729007613958,26094.75752116982,8527.070401975205,24523.788273170125
7.668696966901489,11.637999102493364,48.91377629903744,7451.350466188194,9770.462791636444,6144.6915256916545,2392.5575118322763,7645.872536313853,2845.3291826845402,8518.969915758727,2821.0600669905893,9552.364659274937
5.072874812427099,91.58623476266531,162.90429987396365,23876.57368414307,31886.70010221112,20373.317001845364,7645.872536313855,26537.810917426275,9383.62930019261,28116.28412728702,9401.248603679733,31377.768310989417
9.593735040499425,25.00772569102397,62.7634678905459,9310.93597392123,12382.588008500481,8436.72900761396,2845.3291826845402,9383.629300192611,3939.2529016475864,11486.645351401516,3833.0209056088606,11277.880840360602
9.503574270585062,43.27048496640398,196.47875744460552,27716.874663114562,36971.79556621775,26094.757521169817,8518.969915758726,28116.284127287025,11486.645351401516,38603.90212697613,11677.077388527907,33179.11769618473
5.167107138131723,24.204662620156892,64.77311274850659,9395.65418414858,12250.806394741781,8527.070401975205,2821.0600669905893,9401.24860367973,3833.0209056088606,11677.077388527907,4195.556135130747,11856.282830804743
9.784746681375584,66.55612146722983,202.76800352309016,31358.40983584747,39969.838502834056,24523.788273170125,9552.36465927494,31377.768310989417,11277.8808403606,33179.11769618472,11856.282830804745,41114.863252739895
