v,mu,sd,comat,,,,,,,,
8.645068711445596,97.98984569265289,247.6683638206948,61339.61843762005,42463.61695298973,3225.895737821749,30152.40323017264,33660.56613759452,64631.33615086855,12298.445168543169,10719.720665021181,27039.76620914662
7.806198011638205,64.86421998419948,179.89489643540972,42463.61695298973,32362.173763506788,2143.3074279522216,21745.297108810333,21652.178574919413,46269.55684895446,8246.608458976101,7021.17724872002,19634.430345958637
5.624835460046205,7.424611603533114,14.350742069529264,3225.8957378217488,2143.3074279522216,205.94379794615705,1735.2752766738524,2100.2568559632277,3644.7307947564173,719.80520815236,613.5154856231493,1622.442240146374
6.987961843500585,79.02860326734962,132.7583271791787,30152.403230172637,21745.29710881033,1735.2752766738522,17624.773435413856,17539.00141045599,35613.56195940819,6233.772022780201,5645.75490071112,14554.920726436536
8.90654103136738,44.38425528509714,149.98328645336534,33660.56613759452,21652.178574919413,2100.2568559632273,17539.00141045599,22494.986215352234,35996.73893230246,7400.91545237318,6697.767161609589,16412.40384567154
7.554964908265566,91.53265740052916,276.9381212167295,64631.336150868556,46269.55684895447,3644.7307947564173,35613.561959408195,35996.73893230246,76694.72298305196,13680.494108554387,11348.693517156415,30894.828200695818
5.9134667920791255,46.6701541405126,52.698472493028284,12298.445168543169,8246.608458976101,719.80520815236,6233.772022780202,7400.915452373181,13680.494108554381,2777.1290030984587,2224.653919774462,5907.784769869076
9.267564376244264,26.698876014495934,46.093410816058835,10719.720665021181,7021.17724872002,613.5154856231493,5645.754900711119,6697.767161609588,11348.693517156411,2224.6539197744614,2124.6025206579693,4872.5745410492145
9.776859463174047,28.042840740791643,118.84057894157608,27039.76620914662,19634.430345958637,1622.4422401463742,14554.920726436538,16412.403845671543,30894.828200695818,5907.784769869075,4872.574541049215,14123.083203168975
