v,mu,sd,comat,,,,,,,,
9.835149195068382,46.492797734253756,95.01680206816624,9028.192675261085,11008.467534606469,39552.79273760316,7601.382972210013,22590.01392230365,17031.532217925254,3019.067360969364,6020.216648631399,17612.574741373126
7.736161245878612,44.184860107961896,118.24470089663495,11008.467534606467,13981.809290134663,49018.80109563037,9530.721066727905,29478.62238410715,21303.452812814863,3735.848828700761,7667.477703493699,22291.01308919386
9.863421799824422,90.73007630823338,446.2527091391117,39552.79273760315,49018.80109563036,199141.48041399659,36628.321277771814,116766.42504912769,82582.08836087109,15265.636552660808,28791.968500396324,89530.04104899551
8.574079968371823,64.23903974365682,85.6137123671399,7601.382972210013,9530.721066727907,36628.321277771814,7329.707745283364,21548.99840875035,15724.595421112941,3048.0404204368374,5376.282721427074,16447.278474934657
8.488644122986354,74.63487817161952,277.2492874951216,22590.013922303653,29478.622384107155,116766.4250491277,21548.99840875035,76867.16741655262,48774.78124641217,8717.511690649188,17681.34158207601,54463.360417474236
6.080447477901882,83.47217236739586,199.4822438363052,17031.53221792525,21303.45281281486,82582.08836087109,15724.59542111294,48774.781246412174,39793.16560596712,6699.962501661519,12467.407889460323,39119.28961511892
9.881372273881208,10.593608945021696,36.51921321526251,3019.0673609693636,3735.848828700761,15265.636552660808,3048.0404204368374,8717.511690649188,6699.962501661521,1333.652933861804,2180.089897083799,6982.818411249943
5.03115127602295,16.78138873976084,67.76522989263036,6020.216648631398,7667.477703493699,28791.96850039632,5376.282721427073,17681.34158207601,12467.407889460323,2180.0898970837993,4592.126382401043,13303.752922059497
6.264911811917219,80.47021516978101,211.99935698538303,17612.574741373126,22291.013089193857,89530.04104899552,16447.278474934654,54463.36041747422,39119.28961511892,6982.818411249944,13303.752922059497,44943.72736221588
