v,mu,sd,comat,,,,,,,,
6.09322525073603,67.22645449409137,137.6354828285194,18943.52613343966,16631.54544665793,14189.094473087784,51216.500068183435,20531.13716670924,16299.495027457073,20522.35665079071,23408.50603778358,48382.93847243136
5.157013597512902,41.18147497471798,146.45150611953815,16631.54544665793,21448.043644681118,15024.866256242893,50488.22769713143,19625.090544030412,18431.870737400375,21395.356994227648,25167.256065211524,49414.123086097316
6.435626386698517,86.42792025418223,109.00150356072528,14189.094473087785,15024.866256242896,11881.327778498804,40442.21780863521,16565.92809582861,13477.730198583069,17190.27711865559,19527.64699480758,39627.33198168234
5.863223277776032,80.51080918915876,401.3768221704993,51216.50006818344,50488.22769713144,40442.2178086352,161103.3533756886,57574.130288643944,50319.27747017993,58452.88263164945,67963.08837953438,140478.14909523382
6.516881904392052,80.3671985606902,158.71477215967724,20531.137166709243,19625.090544030412,16565.928095828614,57574.13028864393,25190.378901698252,17602.354252910867,25361.412934362896,27087.10706118259,56300.072244350886
5.814751112535442,49.36198283177649,134.37502438684413,16299.495027457073,18431.870737400375,13477.730198583069,50319.27747017993,17602.354252910864,18056.647178964955,19456.006936337504,22584.832009127033,46735.56329902012
8.496568766138832,82.75881240275166,166.85732640325455,20522.356650790713,21395.356994227648,17190.27711865559,58452.88263164946,25361.412934362892,19456.006936337504,27841.36737444223,27834.872344476596,61790.73536787008
8.857554158340966,84.4349478527297,180.8012625320725,23408.506037783576,25167.256065211524,19527.64699480758,67963.08837953438,27087.10706118258,22584.83200912703,27834.872344476586,32689.09653319141,64013.583620852194
7.572762238141335,88.83229430611952,385.2455733835504,48382.938472431364,49414.123086097316,39627.33198168234,140478.14909523382,56300.07224435087,46735.56329902012,61790.73536787007,64013.5836208522,148414.15181162045
