v,mu,sd,comat,,,,,,,,
6.005017980589869,32.89890416324527,143.68658351638416,20645.834282610835,53867.87702545466,13441.581345966944,15754.233487716097,7559.190267396809,14602.367983619702,13931.949109488916,7906.249162273477,30885.83036674612
6.64510233246091,83.91919522301038,408.69867799643606,53867.87702545467,167034.60939603453,40201.45311093405,44812.12048962623,21188.271145839535,44007.79655546613,38287.856506605865,22739.22600111574,82848.13042981009
6.48249844350536,26.854716097526147,110.62890524902392,13441.581345966944,40201.45311093405,12238.754676597513,11726.743171782127,6143.688342537967,11535.527150897056,10091.06161249726,6126.4495106073055,24342.502466739385
5.466668342403839,48.1038867239259,119.52923242845227,15754.2334877161,44812.12048962623,11726.74317178213,14287.237404934966,6155.041631826784,12550.23053279451,11420.847972964742,6785.408021162988,25958.82523339801
6.665394062488417,56.137412671827505,57.63552428364407,7559.190267396808,21188.27114583953,6143.688342537967,6155.041631826784,3321.853659450525,6247.0543765741995,5501.092722895567,3221.910810638535,13594.851098208761
8.626113703059772,26.120325641392775,115.60933332270247,14602.367983619702,44007.79655546613,11535.527150897056,12550.23053279451,6247.0543765742,13365.517951319727,10627.560382069443,6146.505432688465,25869.424876963923
8.261813719600934,54.67589328465823,101.14324801806879,13931.949109488916,38287.85650660586,10091.06161249726,11420.847972964739,5501.092722895568,10627.560382069441,10229.956619644576,5634.223033676362,22085.093268623456
7.524250475684351,21.616564723733198,61.257358506777564,7906.249162273476,22739.226001115738,6126.4495106073055,6785.408021162987,3221.9108106385356,6146.505432688464,5634.223033676361,3752.463971227873,13483.758139401167
9.73665342802364,59.91773003449639,247.3830801552171,30885.830366746115,82848.13042981009,24342.502466739385,25958.82523339801,13594.851098208763,25869.424876963927,22085.093268623456,13483.758139401169,61198.38834708255
