v,mu,sd,comat,,,,,,,,
6.872700594236813,15.249685564363922,17.16682636143074,294.69992732351335,2306.6238723623474,4076.408194322215,1242.6664338624585,2194.834643024541,434.6630447716013,1392.945016466185,4734.131045053128,5923.814255919942
9.75357153204958,65.45898907005915,147.76868798759108,2306.623872362348,21835.58514957405,31232.476270753217,10455.835277218317,20044.034697397336,3553.030270390606,12072.53589004431,40261.81309984095,45949.12282123142
8.659969709057025,53.31421566064677,246.85899452972066,4076.408194322215,31232.476270753217,60939.36318022464,17613.92778680961,29416.896160784214,5641.072081217251,19325.540495467463,65339.85086589948,81303.71939929853
7.993292420985183,28.68276176914312,75.76642423136538,1242.6664338624585,10455.835277218315,17613.927786809614,5740.551040807229,10143.758676743451,1785.0546907871837,6092.616479721238,21445.8461856898,24538.697848242817
5.780093202212183,76.77735816158962,147.04343295624943,2194.8346430245406,20044.034697397332,29416.896160784217,10143.75867674345,21621.771175559017,3177.029153398584,12369.39352409363,38523.5233442112,45285.97280758374
5.779972601681013,12.313091433735334,26.58403596487487,434.6630447716012,3553.030270390606,5641.072081217252,1785.0546907871835,3177.0291533985846,706.7109681817607,2169.0294053602856,6979.817064596626,9084.476511096991
5.290418060840997,20.31602228913042,95.86705519770616,1392.945016466185,12072.53589004431,19325.540495467463,6092.616479721238,12369.39352409363,2169.0294053602856,9190.492272280042,22349.274518742943,32774.067054585015
9.330880728874675,81.77143605861961,288.94877515774584,4734.131045053127,40261.81309984093,65339.85086589948,21445.8461856898,38523.52334421121,6979.817064596626,22349.27451874294,83491.39466516156,93750.02840205583
8.005575058716044,87.78875606783318,370.00224373753406,5923.814255919943,45949.122821231416,81303.71939929851,24538.697848242813,45285.97280758375,9084.47651109699,32774.06705458502,93750.02840205583,136901.6603708096
