v,mu,sd,comat,,,,,,,,
6.254618118724701,36.824486006815896,131.84203060668972,17382.32103449531,11288.526010589876,7487.957585318591,14484.375681556106,36340.28314889711,19154.683641018226,8844.1304214724,20494.127483345434,5227.957018539679
5.230479103363058,38.52288596442561,94.24861868167186,11288.526010589878,8882.802123403188,5130.491381983179,10624.45991426302,25358.14575340833,13174.518897688704,6438.164283156246,15197.996807286461,3648.7505868630838
8.384081205552793,35.63348380053209,59.879815710392506,7487.95758531859,5130.491381983179,3585.5923295105695,6948.845482191933,15782.065520913735,8242.529123049555,4196.657565371335,9850.466742842244,2469.5577326327702
5.217347428223761,37.26019436778081,121.17225794357208,14484.375681556106,10624.459914263021,6948.845482191933,14682.716095143567,33187.16985650372,16336.332892136057,8432.065601354881,20942.85263814724,4990.291513907755
5.582118515832656,71.60643660615536,303.28736246809086,36340.28314889711,25358.145753408327,15782.065520913735,33187.16985650372,91983.2242328511,42844.76345242303,20581.56483835309,48059.44268081386,11948.288326933027
8.019328444744065,37.592240959768034,151.90342441609496,19154.683641018226,13174.518897688704,8242.529123049555,16336.332892136059,42844.76345242303,23074.65034933628,10101.316846010952,23931.514609693182,5940.050305276101
5.954653313898696,36.449069768003106,72.81794971065989,8844.130421472399,6438.164283156246,4196.657565371334,8432.065601354881,20581.56483835309,10101.316846010952,5302.4538000641915,11940.050266985067,3071.833787904532
8.342578586301729,66.65399411510953,176.0644004543344,20494.127483345434,15197.99680728646,9850.466742842242,20942.85263814724,48059.44268081385,23931.514609693175,11940.050266985067,30998.673107344224,7011.785084983384
9.587239244354484,13.077522309040221,43.750760897463735,5227.957018539678,3648.7505868630824,2469.55773263277,4990.291513907755,11948.288326933025,5940.050305276101,3071.8337879045316,7011.785084983385,1914.1290791070412
