v,mu,sd,comat,,,,,,,,
5.46554143335929,31.971920484228672,68.02401008309035,4627.265947784376,10968.80905284592,5702.187286864737,12720.751306415614,11368.949334962414,15421.22318698247,10113.341758833685,5387.329959304128,25746.728438945436
9.858279599948936,59.76327376336852,177.1381161176279,10968.809052845922,31377.91218170223,15238.775940314179,35010.469968314675,27717.97266470661,36327.19666236022,27979.17694081425,13865.897069075898,64558.874043590935
7.4192999023182304,76.7265057478922,97.65237047877281,5702.187286864738,15238.775940314179,9535.985460123502,17585.76657226721,15980.398012329088,20828.89207556495,15567.634934088988,8666.302598907409,35209.94601526845
6.212613507490321,93.10548468039185,199.98321648524816,12720.751306415614,35010.469968314675,17585.76657226721,39993.28687578563,32725.634686593155,44524.17983126394,31595.693814966522,16116.098501829474,74737.153712728
7.655619149036266,57.13335395754248,177.69407442045275,11368.949334962414,27717.972664706605,15980.398012329088,32725.634686593152,31575.184084141394,41376.82121222699,26464.346453444075,14861.1624007465,64797.49337813313
6.427721177323994,51.76922423927348,248.91555536542214,15421.223186982468,36327.19666236021,20828.89207556495,44524.17983126393,41376.821212227,61958.95370287652,34530.36716552653,19320.19038440159,88139.6172487358
9.313151885258197,62.91799355981484,167.78114919156906,10113.341758833685,27979.176940814243,15567.634934088986,31595.693814966522,26464.346453444075,34530.367165526535,28150.514024043554,14235.369441975352,60586.85089593455
5.205500767304368,46.57555146205703,90.52122772331663,5387.329959304127,13865.897069075896,8666.302598907409,16116.098501829474,14861.1624007465,19320.19038440159,14235.36944197535,8194.092668536547,32202.156320497867
5.541738669753602,98.15534341481184,393.97264805298175,25746.728438945443,64558.87404359094,35209.94601526845,74737.153712728,64797.49337813313,88139.61724873583,60586.85089593454,32202.156320497863,155214.44741387866
