v,mu,sd,comat,,,,,,,,
8.85660321633373,54.38071365816111,180.13860025332113,32449.915301225832,18477.634569894482,32674.48837463806,41115.761716762165,3434.572598013146,21790.47943959996,33615.386618164324,4229.876590975857,8410.141386942145
5.1037597467970075,86.1237062975462,109.5828646409305,18477.634569894482,12008.404222912497,20414.84226924328,23883.970107669407,2032.4587003014276,12527.588789412062,19740.965617326838,2412.7738691208638,5318.876830865615
8.168241174631376,49.130426739036594,202.8004022829258,32674.488374638055,20414.842269243276,41128.00316611653,42601.50585806715,3789.20597546119,20715.407174078082,36515.747411647346,4540.818278538579,9617.496583191618
8.74401941269306,73.26726698631377,245.0121824759309,41115.761716762165,23883.97010766941,42601.50585806715,60030.96956161887,4654.912733511861,26992.94838986065,40560.853420874744,5507.962612334898,10833.362048364084
7.492535061512952,8.523969257268748,20.479906453917653,3434.572598013146,2032.4587003014271,3789.2059754611905,4654.912733511862,419.426568361218,2315.62974585124,3777.6064377520647,464.7118166285768,947.7092800107074
6.1239832276542385,58.503115026810775,128.64363984051283,21790.47943959996,12527.588789412062,20715.407174078082,26992.94838986065,2315.62974585124,16549.186071415577,23911.02487876981,2768.891950595856,6236.2175584784545
5.99031432379812,53.67174456098718,198.256323697607,33615.38661816432,19740.96561732684,36515.747411647346,40560.85342087474,3777.606437752065,23911.02487876981,39305.569886090336,4328.139340948654,9404.097477963935
8.802653560994793,20.123404670918884,24.18653500433512,4229.876590975857,2412.7738691208638,4540.81827853858,5507.962612334898,464.71181662857674,2768.891950595856,4328.139340948653,584.988475515928,1153.4323421216548
5.845554182812677,37.09250927114455,53.12593524593136,8410.141386942145,5318.876830865615,9617.496583191618,10833.362048364086,947.7092800107074,6236.217558478454,9404.097477963935,1153.4323421216548,2822.3649957548923
