v,mu,sd,comat,,,,,,,,
9.637402693094794,26.167896971669073,105.99377036849182,11234.679356928573,12173.400445488584,41923.44986028624,20624.664629707146,30111.341987016396,25120.191419734878,14651.171220095068,4107.398685753145,1467.3533585542284
9.362131472046078,70.65058670314897,131.53828750852983,12173.400445488582,17302.32108067665,48496.932762185934,26178.38298605868,39205.93092929522,30657.589671125563,18458.159604112596,6010.622425016814,1840.0976103304342
7.923156362977766,88.29605248848651,425.76594064361115,41923.44986028624,48496.932762185934,181276.63621213904,87737.67288561222,122262.68854624325,101103.69960418301,52753.700999788045,16948.3536495782,5717.3497934215875
9.525850868618985,65.9830957122173,226.59045239652028,20624.66462970715,26178.38298605868,87737.67288561224,51343.23311725971,63321.43543356827,52300.91575330944,30950.470847247976,10252.728331513994,3177.7932288442785
6.584162855953697,91.48968338011406,309.4631132885692,30111.341987016393,39205.93092929522,122262.68854624327,63321.435433568266,95767.41848625381,68557.42665185597,42188.58164724735,12650.890473579278,4520.546988867322
5.740040504648919,89.97176155133246,266.0503013848527,25120.191419734878,30657.589671125563,101103.699604183,52300.91575330943,68557.42665185597,70782.76286697095,36686.23454149645,12130.912523832605,3338.754174056945
9.297670511216035,38.441254047601795,154.65297755585692,14651.171220095066,18458.159604112596,52753.70099978805,30950.470847247972,42188.58164724736,36686.23454149646,23917.543466892384,6662.193208011249,2186.4124480902137
7.168504833755769,22.81365130125539,50.82968761168932,4107.3986857531445,6010.622425016813,16948.353649578203,10252.728331513992,12650.89047357928,12130.912523832607,6662.193208011249,2583.6571427019226,612.515648364268
7.467603986227223,7.306889316029684,15.200222441857331,1467.3533585542284,1840.097610330434,5717.349793421587,3177.793228844278,4520.5469888673215,3338.754174056945,2186.4124480902137,612.5156483642679,231.04676228194322
