v,mu,sd,comat,,,,,,,,
7.4984716023441695,32.16817652217789,68.11229852374802,4639.285210188167,23778.51564630712,6490.579242487226,4268.185717222483,4068.8762965184837,8412.664159293668,11724.065921271846,7349.442874523385,15772.532856622553
6.279685671558351,90.92854984687223,420.3378418683309,23778.515646307125,176683.90130652592,39802.19781565609,28038.401663907855,24812.055533640538,53311.91536262809,73903.89034420006,45795.6509930279,105258.46661596699
6.290503154942872,44.83039903485971,110.62095516645658,6490.579242487226,39802.19781565608,12236.995721939194,7432.744910817503,6853.090500337803,12958.619933844295,20635.131319910502,11797.987953663804,26589.6631907596
5.484608547195821,26.260901051787013,73.31616516147797,4268.185717222483,28038.401663907855,7432.744910817503,5375.260073985115,4487.351332000032,9728.581679772802,12704.888026477218,8849.939902823819,19591.285324205688
7.820925572809623,45.99625087898684,68.56044694052707,4068.8762965184847,24812.055533640538,6853.090500337804,4487.351332000033,4700.534884684829,8755.769062640133,12071.557678764208,7695.05975440285,16669.24014453865
5.0799503673027715,33.05077295535088,139.46469676744556,8412.664159293668,53311.9153626281,12958.619933844297,9728.581679772802,8755.769062640133,19450.40164443554,23730.78522125171,16901.153959339346,35376.575594454254
5.762976144419594,99.13109503420955,194.362769783803,11724.065921271851,73903.89034420006,20635.1313199105,12704.88802647722,12071.557678764206,23730.785221251714,37776.8862780316,21138.57116154625,45843.678146373924
7.401238652809499,35.384602203306265,124.71717688263092,7349.442874523387,45795.6509930279,11797.987953663805,8849.939902823819,7695.059754402849,16901.153959339346,21138.57116154625,15554.37420957345,32290.021112909264
5.499363798862599,61.37063376893671,274.5310453046195,15772.532856622553,105258.46661596699,26589.663190759602,19591.28532420569,16669.240144538646,35376.57559445425,45843.67814637393,32290.02111290926,75367.29483604705
