v,mu,sd,comat,,,,,,,,
5.927876374092697,12.279447625669466,38.75371794137837,1501.850654279912,3348.228545091148,8557.731273453139,948.1952166554767,6250.926469482739,5583.87867252559,3255.6397217315766,5566.307100474835,2643.183011541041
6.93299651521035,69.8108182459713,96.49516480843039,3348.228545091148,9311.316831406142,22349.14156303418,2285.4780010547197,15758.449089359396,14949.362168233318,8115.400889852296,12807.79790687152,6487.498935050705
9.159480993185849,74.39622095661755,254.24863684616608,8557.731273453139,22349.141563034176,64642.369338133656,5872.19924115762,40326.46529941231,38288.50546819269,21768.055495260138,35785.90096715618,17676.05599347745
5.993487245199411,6.509320033286121,26.692539194661684,948.1952166554767,2285.4780010547192,5872.19924115762,712.4916486585503,4352.3199985369865,4010.29118157279,2183.9627111145815,3690.650191612979,1832.6381466230505
9.582789829497457,67.71837508407273,175.71289077041723,6250.926469482737,15758.449089359392,40326.46529941232,4352.319998536986,30875.01998289658,25702.183335177633,14571.52441256631,24288.882721545753,11661.72883272358
8.941553503192246,98.14980564234679,171.49407965178958,5583.87867252559,14949.362168233316,38288.50546819269,4010.29118157279,25702.183335177637,29410.219355614343,15174.46059639094,24041.642055500008,11690.354335029071
8.613021421899187,32.93784649186075,94.55938252373015,3255.6397217315757,8115.400889852294,21768.055495260138,2183.9627111145815,14571.52441256631,15174.460596390938,8941.476823269124,13669.284939705416,6774.046508085779
9.978472604322324,85.75987210398559,153.17536617792328,5566.307100474837,12807.797906871521,35785.90096715619,3690.6501916129796,24288.882721545753,24041.642055500004,13669.284939705418,23462.69280374089,10699.6077252144
9.22686071293835,18.739979898130876,73.58639473092572,2643.183011541041,6487.498935050705,17676.055993477446,1832.6381466230507,11661.728832723582,11690.35433502907,6774.046508085778,10699.607725214402,5414.957489495612
