v,mu,sd,comat,,,,,,,,
7.290274741120452,32.28002512482254,80.12419199837606,6419.8861433926295,9972.056524690362,1591.633744470765,17702.947981916877,23639.165151590452,9998.006877661004,16622.442835964033,18275.39873636571,1221.0108256148415
6.5417480348245585,52.07496058744676,131.55032833956108,9972.056524690362,17305.488886246323,2615.470328592757,29813.594945841374,40410.7322393191,16449.004246868477,27758.187615409835,30055.478389153577,1995.7151419154604
6.157435225177812,8.064774610621097,22.611708499919004,1591.6337444707644,2615.470328592757,511.2893612853093,5001.117170146458,6618.1949558640345,3198.7090193717254,5518.301054629201,5467.915164056702,362.94356900665076
6.387122758780629,95.09462889327337,247.46641884539622,17702.947981916877,29813.59494584138,5001.117170146459,61239.628456165075,78206.58540683275,31291.865037631553,56785.55167836815,61316.11220675008,3842.44952796385
9.08617405951335,98.0705624483917,325.1122822136946,23639.165151590456,40410.7322393191,6618.1949558640345,78206.58540683276,105697.996046197,40813.995097402934,73210.11700355563,75807.52826264463,5106.714449077082
5.556733180462491,76.0825957740537,145.75464668285517,9998.006877661002,16449.00424686848,3198.7090193717254,31291.865037631553,40813.99509740294,21244.417029643944,36009.50159730895,35201.136891683156,2157.360688377004
8.132186144771262,88.32856330321053,254.51039535243555,16622.442835964033,27758.187615409843,5518.301054629202,56785.55167836815,73210.11700355563,36009.50159730895,64775.541342453056,62220.80935371644,3910.8619327484
6.383939433182571,54.78132719529657,258.58216676336065,18275.39873636571,30055.478389153574,5467.915164056702,61316.11220675006,75807.52826264461,35201.13689168315,62220.80935371643,66864.73696803446,4016.7314035704344
8.410873370942475,6.7606122906389885,17.240071090558246,1221.0108256148415,1995.71514191546,362.9435690066507,3842.4495279638495,5106.714449077081,2157.3606883770035,3910.861932748399,4016.7314035704344,297.22005120750214
