v,mu,sd,comat,,,,,,,,
5.0518707694285,77.01342236766328,157.80765568536387,24903.25619291036,9828.12265008755,12755.522868554363,9707.277170027668,17017.5945717372,20354.256216057925,36659.272820213504,41074.3295495814,27697.28843864958
7.509372960743693,14.581566149296057,68.07799061541694,9828.12265008755,4634.612806232796,5190.411407472798,4138.295100196422,7206.392598792154,7953.278741661462,15306.881066434167,18348.49233937063,10966.608500618177
7.47886646567073,54.158722968038894,83.08807622235463,12755.522868554363,5190.411407472799,6903.62841033181,4984.271026984812,8600.075428757113,10657.639605748405,18745.741815104007,22154.029496689716,14570.122085132123
5.669147644796383,15.691595834118877,68.51836678722832,9707.277170027666,4138.295100196422,4984.271026984813,4694.766587189153,6960.885879430022,8451.50692372659,14936.453810399604,18928.196340047078,10184.295972559015
5.710555427272693,56.877099970390034,116.2605651448363,17017.5945717372,7206.392598792154,8600.075428757113,6960.885879430023,13516.519007796729,13579.712749166465,25606.481923727475,31103.78963965002,18056.43607846422
6.092793378130391,59.70342419288707,134.65572545890979,20354.256216057925,7953.278741661464,10657.639605748407,8451.50692372659,13579.712749166467,18132.16439886529,29636.23667208967,33909.649464685004,21901.12103185052
7.092540902552262,80.20420260414045,238.39599412818873,36659.272820213504,15306.881066434169,18745.74181510401,14936.453810399606,25606.48192372748,29636.23667208967,56832.65001636739,61951.7138777129,40789.578671105315
6.240505842067796,96.69002742870443,297.9259321683536,41074.3295495814,18348.492339370627,22154.029496689713,18928.196340047074,31103.789639650015,33909.649464685004,61951.71387771289,88759.86105838243,44605.427247477324
5.420298255826751,90.7870515722406,181.50312967777438,27697.288438649575,10966.608500618177,14570.122085132125,10184.295972559017,18056.43607846422,21901.121031850515,40789.57867110531,44605.427247477324,32943.386082826975
