v,mu,sd,comat,,,,,,,,
9.12234737956641,90.9121034808261,115.47261983118531,13333.925930677457,8006.791594221111,8670.88942980193,8840.796529957594,8735.103270652438,22769.100572345546,10267.856060071033,18019.4788165082,15914.941461926632
5.906748662485999,17.296472553001557,86.10239302128275,8006.791594221112,7413.6220839914395,6800.741334997905,5801.291316224162,5998.476891311023,17222.10796849745,7416.718793929333,10832.767606292975,11841.133392324678
9.386633841035263,26.68280661981997,81.86919029061022,8670.88942980193,6800.741334997907,6702.564318840146,6066.157739153781,6001.438201597363,16713.56636268204,7217.859179368195,11575.355295847152,11530.329871505965
7.4977565367331955,21.33567207607107,80.41214455294123,8840.796529957594,5801.291316224162,6066.157739153781,6466.112991603116,6101.686188853135,16111.64220224386,6879.295703718623,11398.666460326229,11768.284785763144
9.824632166113393,47.03089597379811,89.24661531479137,8735.103270652438,5998.476891311024,6001.438201597362,6101.686188853134,7964.958345146353,18281.50375057189,8159.17842751647,12822.992944793097,12780.74549524504
5.017727734048655,49.47917607916577,222.81470994966622,22769.100572345546,17222.107968497447,16713.566362682035,16111.64220224386,18281.50375057189,49646.39496995388,20382.40399589452,31603.859568627067,32248.7918715129
9.618221733191927,43.9535463900132,99.19630734973597,10267.856060071035,7416.718793929334,7217.859179368194,6879.295703718626,8159.178427516472,20382.40399589452,9839.907391823283,14666.248467608773,14397.254386128096
8.147219566172721,87.6181834008578,161.58902785942584,18019.4788165082,10832.767606292975,11575.355295847148,11398.666460326229,12822.992944793097,31603.859568627067,14666.248467608775,26111.0139245543,21592.68044981712
6.521487774996759,36.681690225549545,154.4900917066147,15914.941461926634,11841.133392324682,11530.329871505965,11768.284785763144,12780.74549524504,32248.791871512905,14397.254386128096,21592.68044981712,23867.188435518223
