v,mu,sd,comat,,,,,,,,
7.586489419232946,46.13668086430734,164.8851543262266,27187.114117183562,17279.30301984402,4771.413877651723,7446.996882997164,16609.71335681888,34265.19420123938,58957.71208955979,24898.01749108305,8616.69719334849
9.734813019074071,58.99322867139762,115.669652034032,17279.303019844025,13379.468401674045,3565.9154489271077,5475.611670135866,10479.652849314962,23936.850621161615,40770.520602271456,18031.039140478446,6338.640976837356
8.827298796984534,33.09214629505354,33.7572883392683,4771.413877651723,3565.9154489271077,1139.5545160204992,1701.3956689736553,3033.568136888552,7191.266466530232,12824.541858817049,5842.909224419385,1895.0343060980329
6.411979219835564,17.24488711479674,53.745761437143265,7446.996882997163,5475.611670135867,1701.3956689736553,2888.606872458316,4932.843192085343,12160.4883732315,19955.4565328771,9654.13188201489,3037.4829785814
6.105226816308263,66.51202387756365,105.18529503039198,16609.71335681888,10479.652849314962,3033.5681368885525,4932.843192085344,11063.946290630603,21619.276131610077,38695.052402828245,16881.57465241414,5775.602432383482
8.431110426187335,70.68197974378027,241.892167065045,34265.194201239385,23936.85062116162,7191.266466530231,12160.4883732315,21619.27613161008,58511.82048742364,81870.71368416041,39323.68596900566,12722.279841500545
5.8356960155002815,96.53675410593124,422.00252427256146,58957.71208955978,40770.52060227145,12824.541858817045,19955.4565328771,38695.052402828245,81870.7136841604,178086.13049241382,73180.65663284893,25757.07723924851
6.962212332325153,54.23987228054958,185.16954493600835,24898.017491083046,18031.03914047845,5842.909224419385,9654.131882014892,16881.57465241414,39323.68596900566,73180.65663284893,34287.76037180842,10916.30277714336
8.090261736264047,13.122097457529296,63.22512256425526,8616.69719334849,6338.640976837357,1895.0343060980326,3037.4829785814,5775.602432383482,12722.279841500542,25757.07723924851,10916.302777143359,3997.416123265099
