v,mu,sd,comat,,,,,,,,
6.2852121355257,15.167771012036853,40.680284700769214,1654.8855633356375,4333.071965155717,11482.428350186876,7340.2546119720655,7867.298711981277,1131.8638185721084,9877.071988271497,2508.4119954234693,5874.0994301806295
8.418937915355363,46.284141577754056,109.99297092410397,4333.071965155717,12098.45365271078,30640.491523927623,19484.533135533464,20853.02568184433,3061.1694194286592,27431.57133301032,6856.2741843951235,16003.691710848194
8.318208787845577,74.2742235012673,317.0252656944656,11482.428350186876,30640.491523927616,100505.01908864647,58165.63283806153,61767.99814752802,8066.952368056893,71428.7760288555,18543.217030944335,43453.971192323
8.885652172332,73.98787703606423,201.2603894305712,7340.2546119720655,19484.533135533467,58165.63283806154,40505.744353745176,37364.03425140427,5111.503914376031,48459.03766442112,12674.785422114348,29560.680063266565
9.136833141677291,66.86146870333474,211.4605572791232,7867.298711981277,20853.025681844327,61767.99814752802,37364.03425140427,44715.56728479735,5533.649852213824,48913.14823095202,14565.06278514445,30382.056062514093
6.783420718674227,10.02412665551959,29.03841958015419,1131.8638185721081,3061.169419428659,8066.952368056894,5111.503914376031,5533.649852213824,843.2298117130822,6802.78026400911,1791.5521555688997,4120.429667003302
6.933680333740088,66.697602005346,270.3277773287758,9877.071988271493,27431.57133301032,71428.77602885549,48459.037664421114,48913.14823095203,6802.7802640091095,73077.10719551619,17222.671140931106,39584.760206602194
8.717045806498945,16.804069981494298,72.72610049716955,2508.4119954234693,6856.274184395123,18543.217030944335,12674.785422114346,14565.06278514445,1791.5521555688995,17222.671140931106,5289.085693524405,10759.064687063545
6.412702575478894,45.03731486781717,157.34572488112792,5874.0994301806295,16003.691710848194,43453.971192323006,29560.680063266565,30382.056062514097,4120.429667003302,39584.7602066022,10759.064687063545,24757.6771383676
