v,mu,sd,comat,,,,,,,,
5.240906137501188,78.64732091742196,170.1026379787506,28934.90744732989,45761.92472228838,33749.03232762405,6214.180005214581,28391.898622036628,6951.5461113273195,27639.99826879406,3672.1604258246784,44833.86367705325
8.40481506933859,96.16358232364585,339.1605822984728,45761.92472228838,115029.90058503911,62632.649448856115,10959.021901651293,55183.26710864794,13017.172487215292,49222.41426753158,7384.026608641169,81945.45572491869
8.993480339519008,76.25177739871934,229.22900740979202,33749.03232762405,62632.64944885611,52545.937838078484,7296.435268116813,36847.486225365676,8436.690571786074,32550.98114510982,5149.545491993672,55744.00990749072
9.000542958289412,12.74994689596392,37.97022771004882,6214.180005214582,10959.021901651291,7296.435268116815,1441.7381923529585,6742.214733720325,1575.4953558500597,6373.837378394217,822.4894919615675,10047.388217129223
9.826486250781302,66.77542940772233,185.83725348538016,28391.898622036628,55183.26710864793,36847.486225365676,6742.214733720326,34535.484782989435,7198.51820220657,29942.805248075056,4203.736369111708,45952.74646387102
7.220099121096446,10.879192057193215,42.90612371021012,6951.546111327319,13017.17248721529,8436.690571786074,1575.4953558500595,7198.518202206571,1840.935451835855,6886.413153042491,894.8272465837117,11697.232947968549
9.156174382804242,73.22872477333723,170.11392863063776,27639.99826879406,49222.41426753159,32550.98114510982,6373.837378394214,29942.805248075056,6886.41315304249,28938.74871414971,3841.8767400868455,43679.48502709682
6.232838174386064,11.118815300453871,25.46290219240798,3672.1604258246784,7384.026608641169,5149.545491993672,822.4894919615676,4203.736369111709,894.8272465837117,3841.876740086845,648.3593880601353,6082.126918899507
5.25138939054962,95.53048554185251,277.8066108828822,44833.86367705325,81945.45572491869,55744.00990749073,10047.388217129223,45952.74646387103,11697.23294796855,43679.485027096816,6082.126918899507,77176.5130502331
