v,mu,sd,comat,,,,,,,,
6.296857349742217,8.355324745037244,14.986035403742605,224.5812571222268,1484.1124863860261,4619.673759480659,2807.1471036825096,1101.1049390355029,4946.923132586566,1031.3205327330875,204.2153680696206,426.7186341971993
5.2168052558095015,29.97482091631401,107.75863730350949,1484.1124863860261,11611.923913509308,38006.43070253105,20898.090232866423,8325.129885770019,36758.30083781362,7368.61788944206,1614.494084314673,3157.7043311120315
7.910151710633022,97.88860618911706,378.4277245480282,4619.673759480659,38006.43070253104,143207.54270659832,73444.24844510233,30325.66292032431,124804.2640497098,25673.67064120845,5675.895242549946,10983.289779923256
5.562560839055607,70.57758755632304,205.3826041125867,2807.14710368251,20898.090232866427,73444.24844510233,42182.014072067526,15774.040417510128,68135.33077678744,14363.979142717988,2895.3687446956164,6006.040960957477
8.053883912485752,65.65300998652977,94.42168245915049,1101.1049390355029,8325.129885770017,30325.66292032431,15774.040417510125,8915.454118416646,31765.464136851915,6596.172015656352,1386.4594743170694,2668.8971091045946
6.481939791478635,81.0852631026122,401.5679384708799,4946.923132586566,36758.300837813615,124804.2640497098,68135.33077678744,31765.464136851908,161256.80920775235,26229.46517787586,5569.704398625693,11572.964677541371
9.036260967055947,17.162447782781445,77.97242347243191,1031.3205327330877,7368.617889442058,25673.67064120845,14363.979142717988,6596.1720156563515,26229.46517787586,6079.698822164252,1018.4603008036593,2204.1010582123763
5.474188674581098,15.197799845966712,16.570519668340886,204.21536806962064,1614.4940843146726,5675.895242549946,2895.368744695617,1386.4594743170696,5569.704398625693,1018.4603008036594,274.58212207887215,480.7608277488699
8.500501868977846,15.583957668526219,30.877420058955444,426.7186341971993,3157.7043311120315,10983.289779923258,6006.040960957477,2668.897109104595,11572.964677541373,2204.1010582123768,480.7608277488698,953.4150694971842
