v,mu,sd,comat,,,,,,,,
5.901348444383846,59.67806140024728,135.63324099837297,18396.37606372272,14082.17908198251,11062.765358707906,3913.470356158132,3587.4399618623806,44668.46277598315,16215.847394725015,28253.62793722248,32710.42138615827
5.097376207438123,25.710320650699394,112.60488288611742,14082.179081982511,12679.859649796217,8842.204083741099,3063.122786444824,3259.683150156424,37773.91634042346,13682.320907966649,24982.38171806167,27290.427811120047
7.316092632491723,33.70564533982302,92.78768739250725,11062.765358707906,8842.204083741097,8609.55493164965,2466.969351431388,2640.5913207463936,27865.593424942737,11466.90498870497,19180.87364809951,22858.618986558733
8.62466964596074,13.684385757936768,30.1592460187644,3913.470356158132,3063.1227864448247,2466.9693514313885,909.5801204203561,795.1745375554179,10393.873495155804,3554.5306153589963,6502.239658992234,7377.692885352513
7.1010180229386375,13.141006571271742,31.207961872867344,3587.439961862381,3259.6831501564243,2640.5913207463936,795.1745375554178,973.9368842583418,9792.019828076192,3698.4828330338896,6893.884092534016,7662.3462913482335
7.4271354908389124,72.38359668828639,354.3808983383115,44668.46277598314,37773.91634042346,27865.59342494274,10393.873495155805,9792.019828076192,125585.8211070687,41467.481362486265,79674.02288494541,87206.88750891972
5.063904072953044,64.39635980677542,133.7650304890792,16215.847394725015,13682.320907966652,11466.90498870497,3554.530615358997,3698.48283303389,41467.481362486265,17893.083381744294,28253.828002162965,32659.083586014956
7.436858036599358,67.3873365879229,236.39418891487682,28253.62793722248,24982.381718061668,19180.873648099514,6502.239658992234,6893.8840925340155,79674.0228849454,28253.82800216296,55882.212552722485,59414.497659075896
9.709033261716831,83.43696176186377,261.5561792019552,32710.421386158272,27290.427811120047,22858.618986558737,7377.692885352513,7662.3462913482335,87206.88750891971,32659.083586014956,59414.497659075896,68411.63487872531
