v,mu,sd,comat,,,,,,,,
7.844701100596228,6.401804735022816,19.98416964692247,399.3670364769775,3083.845955083758,3168.1331693016245,1849.4394582350185,1178.3408814837103,465.1468860602135,183.87320321540722,3849.496883685973,1130.3548006997787
5.329821137947212,52.89028103467376,188.50249111525082,3083.845955083758,35533.189156655215,27622.377617323957,16381.597017370954,11920.5458966465,4644.0133763821295,1497.0796557777076,30958.575225517267,10499.369284355396
9.440553349501286,36.781015105435586,169.98709444709465,3168.1331693016245,27622.377617323957,28895.61227856547,15531.799693246921,9793.44119967853,4105.383755149859,1464.443871740639,32432.49597694984,9232.902150839358
9.648290885870345,52.81666041421668,107.86304341491011,1849.4394582350187,16381.597017370956,15531.79969324692,11634.436134726784,6056.534473527356,2578.513496906133,920.2251938988966,20290.833213614686,5774.701882227801
8.39846020688065,44.34792704749989,65.76534120785833,1178.34088148371,11920.5458966465,9793.441199678531,6056.534473527357,4325.080104186029,1611.719409025533,565.8785355687321,11663.624096084117,3669.722427881012
7.7213790821241695,5.581525068694917,25.790298528564136,465.14688606021343,4644.01337638213,4105.383755149859,2578.5134969061323,1611.719409025533,665.1394981924575,226.9917074488211,4835.875515771362,1504.4578095702575
5.939246710790018,5.023276417405997,9.525090398757797,183.8732032154072,1497.0796557777076,1464.4438717406388,920.2251938988966,565.878535568732,226.9917074488211,90.72734710450797,1873.300146203116,531.5396121968265
8.09131731092507,52.47232275393378,201.7339732892923,3849.496883685973,30958.575225517263,32432.495976949842,20290.833213614682,11663.624096084119,4835.875515771362,1873.3001462031161,40696.5959790849,10897.377912528498
6.870638841926912,13.677980875562076,60.82156890320157,1130.3548006997787,10499.369284355394,9232.902150839358,5774.701882227801,3669.722427881013,1504.4578095702575,531.5396121968265,10897.377912528498,3699.263243846897
