v,mu,sd,comat,,,,,,,,
6.376128349006688,63.60058442371565,268.9798917885512,72350.1821865807,54146.034313360455,17695.238884168084,13496.006601802132,41571.756568644756,13072.262303649217,51121.085292083946,78321.52759191027,13738.584348730798
8.196153804626348,76.73321981447042,250.66905207425242,54146.03431336046,62834.973667804275,15317.993890414098,11493.863767774998,38574.41921749059,12631.758418071897,38125.77693993957,83903.45068153011,12938.782923312561
8.119496061676898,46.31188204552542,75.43412995295881,17695.23888416808,15317.993890414098,5690.307961759878,3942.3652668607247,11924.454305122854,3533.849991177886,13277.14035561657,22643.744920997677,3520.248875416035
8.89021153657708,39.28036850468706,57.50219008114178,13496.006601802132,11493.863767774998,3942.3652668607247,3306.5018641277593,8818.59850584177,2611.7774689815087,10562.617273776514,16777.05396864318,2750.4140357634424
7.3905676475025,77.95271269792585,170.89216858149996,41571.75656864476,38574.4192174906,11924.454305122856,8818.59850584177,29204.133282487797,8677.75574159598,30218.586226426265,51357.07036678999,8756.577410505959
9.795669427444036,32.94694591791803,57.35694839945175,13072.262303649217,12631.758418071897,3533.849991177886,2611.7774689815087,8677.755741595978,3289.8195296973704,9598.456961342054,18204.93804362894,3138.417964546038
9.987171033547423,42.04579519448396,195.00538985244498,51121.08529208394,38125.77693993958,13277.14035561657,10562.617273776516,30218.58622642626,9598.456961342052,38027.10207150405,57357.34103324141,10061.937714889315
9.162566382318673,82.88862516506667,354.5159707374254,78321.52759191029,83903.45068153014,22643.74492099768,16777.053968643184,51357.07036678999,18204.93804362894,57357.34103324141,125681.57350789907,18842.364074866986
6.019225259923972,13.559669857765636,57.30885965153222,13738.5843487308,12938.782923312561,3520.248875416035,2750.4140357634424,8756.577410505959,3138.417964546038,10061.937714889315,18842.36407486699,3284.305394559017
