v,mu,sd,comat,,,,,,,,
7.128607052594479,74.13084703872293,353.6776199909005,125087.85888242784,65046.61626898653,71960.36820912838,66007.50555580443,10144.036645924438,57848.2140036456,34069.39706346705,70205.42489388294,111905.22712525417
9.072918702472762,42.22742752925961,200.87423489418967,65046.61626898652,40350.45824432608,41604.18155326926,38222.59404720993,5888.5246907649935,33819.83184310215,21271.38262281587,44362.891597620044,64159.77141590464
8.676986450998399,50.33138671222727,232.2746630615843,71960.36820912838,41604.18155326926,53951.519100372505,43897.22409774128,6689.178343265742,33742.340820136196,23797.083811279885,46969.29630486288,72968.33680103126
9.340015999398679,77.54754136264182,201.92475995515167,66007.50555580443,38222.59404720993,43897.22409774128,40773.60868294562,6140.268690123836,32170.431292871628,22260.932903329394,46205.50004247667,69694.53229498895
6.916903864363101,11.835568016474738,30.942021578115284,10144.036645924438,5888.5246907649935,6689.178343265742,6140.268690123835,957.4086993405517,4746.575794404898,3301.7443685262524,7102.925151920535,10144.386897377191
9.897283160722603,58.035988538685906,186.89057284605894,57848.2140036456,33819.83184310215,33742.3408201362,32170.431292871628,4746.575794404898,34928.08621872805,20096.959249240204,38228.50975043768,56001.510002778654
9.465971733575676,24.962108816668476,119.09438269225512,34069.39706346705,21271.38262281587,23797.08381127988,22260.93290332939,3301.744368526252,20096.9592492402,14183.47198884932,27292.652646012033,38303.94549214505
6.048575848771877,64.06502898845443,245.2528761906558,70205.42489388294,44362.891597620044,46969.29630486288,46205.50004247667,7102.925151920535,38228.50975043768,27292.652646012033,60148.973279789134,75929.3519271412
8.709138237063705,73.63012052166519,352.5691135056435,111905.22712525418,64159.77141590462,72968.33680103124,69694.53229498894,10144.386897377191,56001.510002778654,38303.945492145045,75929.3519271412,124304.97979815531
