v,mu,sd,comat,,,,,,,,
6.042302686794213,80.07907332679072,224.23475567461634,50281.22565245488,43136.478212918526,23232.471223129964,54587.26517506253,5905.32450695069,42503.76595368501,8407.98659804797,73884.72050833392,37924.720658474806
7.40840530881683,85.86502567016717,210.3407590726302,43136.478212918526,44243.23492725024,20077.45706691109,49709.97891350898,4995.571646043966,38429.41702551283,7193.325434767083,62547.54139931497,35243.100075283044
7.1026901765718735,24.230624506539982,108.76540373455752,23232.471223129964,20077.457066911087,11829.913049541297,26212.179379880734,2965.921857731745,18510.748895869467,3923.607240765347,35105.49697660077,18977.29955352326
9.29590999260672,62.25725979121158,269.4127477413602,54587.26517506252,49709.978913508974,26212.179379880734,72583.22864554977,7684.455627891389,44589.32374573817,9311.264863350503,84584.14741261739,46945.68479954729
5.855807768058367,7.7295994879402095,29.50532267978469,5905.32450695069,4995.571646043967,2965.9218577317456,7684.455627891389,870.5640664382171,4700.5396634715225,1020.9153065115793,9064.686443629293,4967.270924625805
6.694319803018502,77.4846116060678,200.20076697389123,42503.765953685004,38429.417025512834,18510.748895869474,44589.32374573818,4700.5396634715225,40080.347096934296,6709.910249210645,62170.59136874194,31335.145134550014
6.352664166489156,23.376444929066906,39.171729288353355,8407.986598047968,7193.325434767083,3923.6072407653473,9311.264863350503,1020.9153065115792,6709.910249210645,1534.42437544004,11557.14376811679,6135.542049766635
8.455206752247982,89.50210461734942,351.18552556447804,73884.7205083339,62547.54139931497,35105.49697660077,84584.14741261739,9064.68644362929,62170.59136874193,11557.143768116792,123331.27336599864,61752.073010780354
6.102022583188628,89.28343352961329,184.6539853551409,37924.720658474806,35243.10007528304,18977.29955352326,46945.6847995473,4967.2709246258055,31335.14513455001,6135.5420497666355,61752.07301078034,34097.09430753659
