v,mu,sd,comat,,,,,,,,
9.945057567378,68.52041862140672,212.07055768282655,44973.92143590505,20222.968355494944,13098.950983874876,45277.61108879804,14585.919243600072,12487.25617208545,8870.828066063745,3125.5487879301013,14117.822780494684
7.747723634223627,33.299025311892954,109.35209533575863,20222.96835549494,11957.880754320848,6764.253360715116,24016.728221513957,7127.85839218169,5756.668110184521,4280.548070182286,1581.5058334698354,6751.954414759777
6.407236509775315,59.528849027973784,70.10631128420377,13098.950983874875,6764.253360715116,4914.894881877677,14040.83283717398,4696.302522973489,3668.8024767049033,3008.1179568761245,1004.3223434699345,4360.036483850465
5.386447830395864,48.060198184012535,238.37994701243102,45277.61108879804,24016.728221513957,14040.83283717398,56824.999137649436,15333.130343545514,13532.764414914529,9651.020324084617,3307.2011669785807,14620.877006967701
7.222347479859016,26.538016025573043,76.77419894662142,14585.919243600072,7127.858392181692,4696.302522973489,15333.130343545514,5894.277623895408,4059.3625563180917,3187.041155668845,1108.7805741159236,4885.758244744534
7.364039848777427,12.491124793989748,60.82622541940219,12487.25617208545,5756.66811018452,3668.8024767049033,13532.764414914529,4059.3625563180913,3699.8296987719295,2434.338331413977,865.7394667374323,3717.196776614242
5.24261000453223,43.71984828842749,49.04900776069743,8870.828066063743,4280.548070182287,3008.1179568761245,9651.020324084617,3187.041155668845,2434.3383314139774,2405.8051623089573,692.7790169443504,3045.1636886884207
5.816622241041333,12.101885134264101,15.705972076679426,3125.5487879301018,1581.5058334698354,1004.3223434699345,3307.2011669785807,1108.7805741159236,865.7394667374322,692.7790169443504,246.67755887343392,1050.137955212201
5.579753557489722,40.46357719399766,70.32916138049332,14117.822780494684,6751.954414759778,4360.036483850465,14620.877006967703,4885.758244744534,3717.1967766142425,3045.163688688421,1050.1379552122012,4946.190940483472
