v,mu,sd,comat,,,,,,,,
8.378657077517762,89.51074877688286,375.5304490139624,141023.11813662824,29987.766344070355,117573.97512868386,5879.172066241169,27593.399089453265,72113.17020582562,61633.17647361607,74170.25536114202,13448.044418950722
5.22356091101473,18.365647665484385,82.9439474375182,29987.766344070355,6879.698416517783,26322.10854631407,1340.5051613883475,5927.268632958997,15881.931774355962,13856.213855959053,15179.717364311413,3113.0348412789995
6.716518362712962,72.14726159141907,345.1218364226161,117573.97512868387,26322.108546314066,119109.08197571899,4853.6398035329,24188.26115440794,63541.03864429018,53854.764216251184,61162.199145029095,12350.791466680279
8.220098635099156,14.517351983208812,17.35330581645183,5879.172066241169,1340.5051613883472,4853.6398035329,301.1372227593008,1177.2191798931262,3128.5623444198177,2761.1510800586557,3183.2087812912514,617.0391707184151
6.421064993701448,35.40614093362852,79.6375392047985,27593.399089453265,5927.268632958995,24188.26115440794,1177.2191798931262,6342.137650595817,14954.955926748202,11693.495632430511,15899.22328926446,2789.615167910579
9.746689033250025,60.52391957729763,206.87349845523647,72113.17020582563,15881.93177435596,63541.03864429019,3128.5623444198177,14954.955926748204,42796.64436310874,33092.03711097034,38280.67311898011,7268.233682665703
5.78835084386882,84.46821906273532,170.12001612117797,61633.176473616084,13856.213855959053,53854.764216251184,2761.151080058655,11693.495632430511,33092.03711097034,28940.819885069854,31220.843910583644,6342.109103269287
6.939864812113812,47.770411599006295,219.4493753938683,74170.25536114203,15179.717364311413,61162.1991450291,3183.2087812912514,15899.223289264462,38280.6731189801,31220.843910583648,48158.02836075893,7317.015935973798
7.949968382361572,7.879352569773468,38.854686112636635,13448.04441895072,3113.034841278999,12350.791466680279,617.0391707184152,2789.615167910579,7268.233682665702,6342.109103269287,7317.015935973798,1509.6866329115182
