v,mu,sd,comat,,,,,,,,
7.729257149674893,88.29209163400014,336.05632751723675,112933.8552643723,28491.93001485162,44824.88850838908,12129.209478431603,96052.46811190798,5159.915852224457,123822.41079673661,66782.53890885304,15707.085302090536
9.294283052956795,21.589554092244963,91.0703549999198,28491.930014851627,8293.809559811418,13049.004913132932,3530.011493651647,27966.326496153863,1486.737641317174,34409.11237245745,18806.427548028114,4453.814851594902
8.429462932832896,41.756345951923954,160.56307289172304,44824.88850838908,13049.004913132932,25780.500376432767,6948.259847398359,49120.90913245988,2508.521693779451,59494.23667852396,31751.365257138543,7522.397312440058
6.657959105067171,32.496785354052,44.993166203290166,12129.209478431607,3530.011493651646,6948.259847398359,2024.3850049968923,12898.448879594753,712.6334284307477,16161.5730358811,8343.236519612099,2203.618543918671
5.2999896478030895,68.3819139311309,318.78638061740054,96052.46811190798,27966.32649615386,49120.90913245988,12898.448879594755,101624.75646714219,5187.7473520577605,118215.91884375589,65379.49081080912,15116.495029313333
6.931388905213545,15.884619734684872,17.526178492901096,5159.915852224456,1486.7376413171737,2508.5216937794507,712.6334284307476,5187.74735205776,307.16693256502884,6472.694931870714,3301.4329170893484,818.1604771550589
6.065749293421778,91.08255231973607,403.42294900069845,123822.41079673664,34409.11237245745,59494.236678523965,16161.5730358811,118215.91884375589,6472.694931870716,162750.07578042016,82959.7685574728,18100.325680702725
9.662533250406801,77.057351219015,221.0248335037743,66782.53890885304,18806.42754802811,31751.365257138546,8343.236519612099,65379.49081080912,3301.432917089349,82959.7685574728,48851.97702537114,9398.976022890747
8.614091494279311,17.335848527500815,54.93585929031625,15707.085302090536,4453.8148515949015,7522.397312440057,2203.6185439186715,15116.495029313332,818.160477155059,18100.325680702725,9398.976022890745,3017.948635965427
