v,mu,sd,comat,,,,,,,,
6.895492627168851,7.219558199012841,24.615775423584854,605.9363997043639,826.6410694709318,822.0552994755153,1294.795975858899,672.096303319529,907.5930734592164,893.4735588188636,6895.909537550748,1340.0928937672065
7.83549083589807,12.346580648755618,39.22261999962095,826.6410694709318,1538.4139196346653,1436.3100747664353,2172.915807138603,1000.9872767660547,1418.6223825914387,1434.104898843693,10918.825662095654,2090.8584747815103
7.97796256328561,9.673669884143544,38.30552831243581,822.0552994755153,1436.3100747664353,1467.313499294822,2254.3010384675827,1095.147283717334,1535.4630889171858,1434.9851864770478,10592.886538873254,2075.9315000267657
7.2492944942772635,52.78688512802672,62.72641495627635,1294.7959758588993,2172.915807138603,2254.3010384675827,3934.6031332669695,1731.5564603716866,2536.5605674980848,2337.8216601111585,17333.042819639322,3450.4582519719997
7.285099126973593,7.150110940224792,30.78816501124571,672.096303319529,1000.9872767660545,1095.147283717334,1731.5564603716866,947.9111047596944,1232.62404929437,1117.610994685299,8406.861400207594,1578.9919301106343
6.5582549893769775,40.68726875919369,41.85154730544596,907.5930734592164,1418.622382591439,1535.463088917186,2536.5605674980848,1232.6240492943698,1751.5520118599813,1609.5241374042716,11399.787710090988,2262.49743997709
6.566686805987851,9.78826037131853,42.001997699244036,893.4735588188637,1434.104898843693,1434.9851864770476,2337.821660111158,1117.610994685299,1609.5241374042719,1764.1678107273017,10903.015919241636,2265.2771718931317
6.4742973050079025,97.01547319814605,301.2476281688903,6895.909537550748,10918.825662095653,10592.886538873254,17333.042819639322,8406.861400207594,11399.787710090988,10903.015919241634,90750.13347738198,16771.967795654564
7.653862306178132,20.311714745750287,58.97113756113938,1340.0928937672068,2090.8584747815103,2075.931500026765,3450.4582519719993,1578.9919301106345,2262.49743997709,2265.2771718931317,16771.967795654567,3477.595065254823
