v,mu,sd,comat,,,,,,,,
8.919161754028753,34.498014350293346,45.368946358344225,2058.341293666316,11397.26202826924,418.3960984721055,4027.4776390684488,2177.1214978907087,4921.9371607186,6067.435283299308,1425.3119153725365,915.6280937568866
8.17416853026365,72.90943262468842,283.9090883665826,11397.26202826924,80604.370457144,2340.1178382828484,28641.472653558303,13501.472368219409,31983.580450045003,40462.74160064999,7952.264786835095,6278.092759607363
6.245215457578745,7.203117264087684,10.745324269199685,418.3960984721055,2340.1178382828484,115.46199365025174,844.9096162266948,504.05712145614797,1186.788059611069,1383.2058384969191,313.7681950556921,209.60630181838675
8.790379323249088,47.63957034521571,108.40716994080793,4027.4776390684488,28641.4726535583,844.9096162266949,11752.114494575213,4578.14252290458,12031.272815001093,16072.696147565199,3058.092655174458,2183.333153657395
6.565384678158399,51.210495047543404,52.769602404294,2177.1214978907083,13501.472368219407,504.0571214561479,4578.142522904581,2784.630937907271,5647.021704401198,7044.200688251421,1570.65523336683,1148.6549027473573
9.686186787441986,44.816607067119314,121.9151715469109,4921.937160718599,31983.580450045003,1186.7880596110688,12031.272815001093,5647.021704401198,14863.309053312712,17377.88854147846,3618.296232795064,2557.687333175103
5.214327241761319,79.820724469771,156.401328958519,6067.435283299308,40462.741600649984,1383.2058384969191,16072.696147565199,7044.2006882514215,17377.88854147846,24461.37569999087,4714.236930657755,3240.8947490227483
7.204336017149022,24.66003781844132,32.89809920824531,1425.3119153725365,7952.264786835095,313.7681950556921,3058.092655174458,1570.65523336683,3618.296232795064,4714.236930657754,1082.2849315155509,641.1462429932285
9.563611449675989,6.2474968420736445,22.856680468224912,915.6280937568865,6278.0927596073625,209.60630181838675,2183.3331536573946,1148.6549027473573,2557.6873331751035,3240.8947490227483,641.1462429932286,522.4278420265342
