v,mu,sd,comat,,,,,,,,
8.361392793153959,66.5750879377211,271.6363798128675,73786.32283784042,63886.70539837706,34990.540580203604,9582.461124498015,14287.856949599225,56045.431838848286,25416.36692200185,11617.780659096405,65914.67682107375
7.440391996202918,80.08151685914034,248.76084800995903,63886.70539837705,61881.95950263392,31793.102543144993,8729.204355134038,13265.324880307557,53906.71019134119,24530.364439675133,11271.959404589137,58210.95445748866
9.127475870179481,29.347799864086312,146.19487709545135,34990.5405802036,31793.102543145,21372.94208895412,5314.682739780493,8576.856537462307,31408.699499796137,13492.250499071213,6161.659606479986,37382.08102989658
5.157231938131491,15.1292201387741,40.240172269748584,9582.461124498015,8729.204355134041,5314.682739780494,1619.2714642990431,2206.9982796747563,7940.884250909243,4020.449431369933,1791.1326873032806,9983.193232275737
9.04024981682424,19.688912649167438,59.624289873609115,14287.856949599225,13265.324880307558,8576.856537462307,2206.9982796747563,3555.055942932167,12610.848153885154,5624.574205141886,2584.181174539306,15130.437526041042
7.828087098052653,81.65327831470806,236.71695699964533,56045.431838848286,53906.7101913412,31408.699499796134,7940.884250909244,12610.848153885154,56034.917731171954,20497.84716706239,10513.603061738944,57228.9107118025
6.48811249351972,46.243471020916274,107.59995276880579,25416.366922001842,24530.364439675133,13492.250499071211,4020.4494313699324,5624.574205141886,20497.847167062388,11577.749835849234,4642.505998550104,24233.548202748792
5.233478602534766,12.291096471968565,47.897195225629986,11617.780659096405,11271.959404589139,6161.659606479987,1791.1326873032806,2584.1811745393065,10513.603061738946,4642.505998550104,2294.141310482112,11496.70647407038
9.95313699735398,76.37860258795838,264.2820053416018,65914.67682107374,58210.954457488675,37382.08102989658,9983.193232275737,15130.43752604104,57228.910711802506,24233.548202748792,11496.706474070383,69844.97834737845
