v,mu,sd,comat,,,,,,,,
5.087451354655763,62.695346482209324,295.92971888312223,87574.39851824375,20023.69680921212,58912.606108522734,4156.864641971628,35158.18033934193,21634.578507827446,19360.86140568165,50548.96816324295,4716.6841950851085
9.457866335901292,42.370570113223984,75.38022347521331,20023.696809212124,5682.1780911731,13982.097920633461,1244.1850582819995,9766.76079456665,5221.535537067903,4878.441005931135,13215.43900429168,1126.9126831586302
6.424305837369592,76.15797441293964,213.64594256152904,58912.606108522734,13982.097920633461,45644.588773004165,3096.9026789790896,26039.239634952974,15001.26372954508,13119.422354227007,37247.53048222855,3355.9554576170453
6.49488188729479,15.905606366084324,17.735853389931354,4156.864641971628,1244.1850582819995,3096.902678979089,314.56049546913954,2199.141021825063,1150.675388085994,1167.914505963474,3072.2011706047588,278.0541595268062
8.960171303277146,31.50706052806469,135.3753425595195,35158.18033934193,9766.76079456665,26039.239634952974,2199.1410218250635,18326.48337310725,9413.633970071927,8826.648693105837,24167.692728816215,2021.6519174465925
6.622352987391144,29.203947423100782,80.26350588607346,21634.57850782745,5221.535537067903,15001.26372954508,1150.675388085994,9413.633970071927,6442.2303771237475,5633.680190347238,13808.583708673628,1242.7274658868223
9.323551933451292,27.832183181396097,73.96841770974844,19360.86140568165,4878.441005931135,13119.422354227008,1167.914505963474,8826.648693105839,5633.680190347239,5471.326818483825,12308.177992839328,1230.994781801225
7.237563161069371,92.10483550501861,195.00984041860164,50548.96816324295,13215.439004291678,37247.530482228554,3072.2011706047588,24167.69272881622,13808.583708673628,12308.177992839326,38028.837860088475,2881.201554116517
7.741149531750471,10.271766875400157,17.88678873646468,4716.6841950851085,1126.91268315863,3355.955457617045,278.0541595268062,2021.6519174465923,1242.727465886822,1230.994781801225,2881.201554116516,319.93721130291976
