v,mu,sd,comat,,,,,,,,
7.569716718863451,97.01852079337851,188.9734381675188,35710.96033285305,9195.760852514632,32420.042615446222,5611.474840360694,5432.735012481517,55819.74906429122,36799.54343718841,32583.087463597087,25684.438744424977
8.865825260396484,42.308755966911065,56.29860554490055,9195.76085251463,3169.532986300308,8542.617846752364,1646.8850647483696,1669.4591651498608,17915.107910669427,10507.506032392617,9447.521656419269,6842.091050503343
9.352138428624063,83.23732604374595,179.62491895248044,32420.042615446222,8542.617846752364,32265.111508685164,5225.704930408147,5106.179244216204,54448.36040200991,34807.04311242414,31993.410659624624,24412.227589534064
5.04023474264909,20.57981782901745,34.0089762959179,5611.4748403606945,1646.8850647483696,5225.7049304081465,1156.6104686963054,1005.3581022496846,10588.776503348647,6319.055207826804,5666.5543993743395,4232.159644336458
6.54867962752602,31.406550813259635,32.29378874663756,5432.735012481517,1669.4591651498608,5106.179244216204,1005.3581022496844,1042.8887916124545,10490.152035707415,6084.899038002454,5365.630512516129,4091.7213021742095
9.788018696829454,76.13178177741815,336.14157853242267,55819.74906429123,17915.107910669427,54448.360402009916,10588.776503348647,10490.152035707415,112991.16081826884,64569.788759812254,55687.5398923329,42717.62266718912
7.5655835613394355,92.94173108243365,205.26921564723924,36799.54343718841,10507.506032392619,34807.04311242415,6319.055207826804,6084.899038002454,64569.788759812254,42135.45089243281,35714.30104383028,26850.222889494493
6.591422124360493,50.042384334847675,198.2309890235122,32583.087463597094,9447.521656419269,31993.41065962462,5666.5543993743395,5365.63051251613,55687.539892332905,35714.30104383028,39295.52500923982,24297.149453381895
7.695999687128241,66.8105361643176,138.32927023836288,25684.438744424977,6842.091050503343,24412.227589534064,4232.159644336458,4091.7213021742095,42717.62266718911,26850.22288949449,24297.149453381888,19134.98700467803
