v,mu,sd,comat,,,,,,,,
6.0110114671512065,80.25817664509565,304.87201787350966,92946.94728226558,62453.81713524325,27989.453663396936,105431.82703152427,30225.602373562095,35836.59107066701,6547.600274917931,47090.7676039471,34636.43627909729
8.922738020552805,53.11771287673843,235.54718051487743,62453.81713524325,55482.47424850827,20886.209406511767,79983.65402746756,23704.059255957836,26881.9961972787,4529.62214449227,36387.66354362579,25924.130142338025
9.302686196185157,89.01967322858209,100.48849259732968,27989.45366339694,20886.209406511767,10097.937144483583,35216.881153661045,9842.622410729982,11670.338421151973,2126.7890897147918,14676.641540719203,11656.283128858728
6.635426005407173,85.71105593722714,373.06189710596675,105431.82703152427,79983.65402746755,35216.881153661045,139175.1790723029,39599.54454946992,44894.77234419362,8214.701010590914,58256.30048718181,42109.55556688993
6.244302380424167,51.71561377138036,109.77384676217224,30225.602373562095,23704.05925595783,9842.622410729984,39599.544549469916,12050.297432964875,13138.476107527187,2436.805248899984,18210.457477741635,12253.514455274424
9.051818581232387,50.135225616955466,131.4004477750425,35836.59107066701,26881.99619727869,11670.338421151975,44894.77234419361,13138.476107527187,17266.07767548167,2870.7713104532204,19852.594870027835,14676.593746366552
8.567173946286314,6.935433845775869,23.25380370342182,6547.600274917931,4529.62214449227,2126.7890897147918,8214.701010590914,2436.805248899984,2870.7713104532204,540.7393866772743,3644.6453985090043,2561.0644485383914
8.306642066891122,70.72963273037531,172.887521716972,47090.767603947104,36387.66354362579,14676.641540719209,58256.30048718183,18210.45747774164,19852.59487002784,3644.645398509005,29890.095165436473,19839.78691380811
8.552456285147834,66.2036337274848,127.37261000958419,34636.436279097295,25924.13014233802,11656.283128858726,42109.55556688993,12253.514455274422,14676.59374636655,2561.0644485383914,19839.78691380811,16223.781780653631
