v,mu,sd,comat,,,,,,,,
7.08511002351287,63.628766793968765,146.76481591115095,21539.91118943403,34245.56952304309,22986.556168843304,8472.854254461648,44198.42165892777,24036.336953622984,10700.839055563694,11640.341750465694,41868.80441047365
8.60162246721079,55.07051971447288,250.22768709837487,34245.569523043094,62613.89539060221,37895.8614888834,13767.799028792157,82181.04935709969,40187.42933547217,19051.593405377324,20066.036168561586,66593.82516429936
5.000571874086725,38.94062720023748,180.45634164135507,22986.55616884331,37895.8614888834,32564.491238581464,10726.143659532654,55466.46967874498,27904.98004804315,13736.263112973713,15083.312934504038,50094.00577045471
6.511662863159199,64.21921100022126,68.28332193081621,8472.854254461648,13767.799028792155,10726.143659532652,4662.612053907486,19328.68853647684,9416.01573461389,5303.774893288252,5804.090769010341,20178.436299602243
5.733779454085565,93.29653720565733,351.129697087224,44198.42165892778,82181.04935709969,55466.46967874498,19328.68853647684,123292.06417656569,54578.789695710504,27105.44558068767,28801.724067350166,86086.68041220837
5.461692973843989,99.74567079289065,168.50654923166093,24036.336953622987,40187.42933547217,27904.980048043148,9416.015734613888,54578.78969571049,28394.45713396217,12481.435890796593,13713.359641016326,45898.45201739535
5.931301056888355,18.027896214743386,85.27883308664153,10700.839055563694,19051.59340537732,13736.263112973715,5303.774893288252,27105.44558068767,12481.43589079659,7272.4793726192665,7504.747754911079,24104.695757525613
6.727803635215238,71.19772534154052,89.99397402137907,11640.341750465697,20066.036168561586,15083.31293450404,5804.090769010342,28801.72406735017,13713.359641016326,7504.747754911079,8098.915360160653,26006.78022905284
6.983837371153349,76.7689899972343,308.26624428177246,41868.80441047365,66593.82516429936,50094.00577045472,20178.436299602246,86086.68041220838,45898.452017395364,24104.695757525613,26006.78022905284,95028.07736358941
