v,mu,sd,comat,,,,,,,,
9.429402497188129,71.89003341531225,323.34262315366556,104550.45194789338,12361.829585902442,12444.014443907614,70696.22551839141,17936.283227773845,51348.79067769625,28880.48775161685,44323.91942516063,49683.67048518751
8.942907834018623,15.01056147898376,46.20329225948139,12361.829585902438,2134.744215615053,1670.7866295492731,9483.356683043,2506.31654538338,6973.276252024471,3539.722246828553,5799.94796754181,8068.985451570764
7.123640657375538,31.496425851984863,40.873424056316665,12444.014443907614,1670.7866295492736,1670.636794087486,8577.691326693095,2420.285046264521,6665.188106245815,3579.7758405901704,5647.793631183991,6503.49547905772
7.394348234235947,51.06553589188618,239.21155160136576,70696.22551839142,9483.356683043003,8577.691326693097,57222.166419532885,12821.653710745411,37724.096144974224,20969.246747741967,30805.83022113941,38541.417746682426
5.001770298657749,59.55321338126741,61.58285660913605,17936.28322777384,2506.31654538338,2420.2850462645206,12821.653710745411,3792.448228141412,10030.733473144064,5509.424151678742,8192.351320599011,9934.473733041223
9.281835230369264,90.88843088587718,176.90651833829483,51348.79067769624,6973.276252024471,6665.188106245814,37724.096144974224,10030.733473144066,31295.91623057744,15938.298449635424,23577.89552487416,31172.414824308235
6.7666084666832385,20.857742203266355,95.27998761370526,28880.487751616853,3539.7222468285536,3579.7758405901704,20969.246747741967,5509.424151678743,15938.298449635422,9078.276039667828,12233.004436023888,15156.120019758853
7.433745228528791,37.562989329403756,146.1928025839096,44323.919425160646,5799.947967541811,5647.793631183992,30805.830221139408,8192.351320599013,23577.89552487416,12233.004436023888,21372.33552733797,24967.940756736334
7.206365531410016,39.88830547439562,191.98158897290443,49683.67048518752,8068.985451570765,6503.495479057719,38541.41774668242,9934.47373304122,31172.41482430823,15156.120019758853,24967.94075673633,36856.93050456121
