v,mu,sd,comat,,,,,,,,
8.642535957978629,39.90345156270531,125.29733974458657,15699.423347070353,13999.574690863968,16315.139470526934,7887.477049746945,5854.449323459628,13466.213800157127,25016.16974786991,21537.7704441009,14246.62721901804
8.008071061851066,60.156993737506085,117.91476121135014,13999.574690863967,13903.890911529723,14691.08087784195,7036.485375525165,5750.44546324713,11443.728620303249,23310.149053501304,20788.174859883904,12805.904172574186
9.760903337030069,79.56125981679108,137.33341243951895,16315.139470526934,14691.08087784195,18860.46617228302,7910.408100439102,5915.0871215880015,13035.74998835916,26519.231806497002,21704.49204913559,13666.132657395781
5.715867238605153,19.07395543744353,67.05399190740478,7887.477049746945,7036.485375525165,7910.408100439103,4496.237830718306,3006.3790639895046,7317.796119117684,13204.391380088355,10967.128687087445,7615.286015726089
9.036795649350823,22.475870633493095,50.24336010206016,5854.449323459628,5750.445463247131,5915.0871215880015,3006.379063989504,2524.395234345291,5050.096567618375,9608.087969606755,8793.541523328815,5321.673627057122
6.816072982605145,86.1023243916035,115.37009352237786,13466.213800157127,11443.728620303249,13035.74998835916,7317.796119117685,5050.096567618374,13310.258479362215,20856.79677702054,19052.922357791205,12529.163645858516
5.932784061446579,60.723712367963444,206.79231310702954,25016.169747869906,23310.149053501304,26519.231806497002,13204.391380088351,9608.087969606755,20856.79677702054,42763.06076015575,33997.81259051957,23550.176160380503
6.295756191439736,60.68545052061107,184.29446077466577,21537.770444100905,20788.174859883904,21704.49204913559,10967.128687087443,8793.541523328813,19052.922357791205,33997.81259051957,33964.44827222482,19444.392617146237
8.148811713059747,30.43582897836411,119.70372292438702,14246.627219018039,12805.904172574186,13666.13265739578,7615.2860157260875,5321.673627057121,12529.163645858514,23550.176160380495,19444.392617146237,14328.981281958419
