v,mu,sd,comat,,,,,,,,
6.504366650233093,66.44835433217327,241.7064522638343,58422.009065969214,20296.73424353376,8173.353227104904,13019.659464822362,20282.116845185905,40960.36923074876,15757.425373570417,37935.54676930679,45218.39357819418
5.93472908170939,56.786993681486216,99.91583512109993,20296.73424353376,9983.174107946825,3161.748400843419,4447.841721767685,7427.268860292726,14711.326059234543,5979.053651343203,14375.903966142847,18905.564633482893
6.615913384841097,20.26017953877696,37.37589176103783,8173.353227104903,3161.748400843419,1396.9572849328151,1917.5310847958035,2909.5371758502174,5992.2893834405195,2280.5538623693924,5813.894222478797,7122.916042789375
8.328747851441545,49.38260328931382,55.46033441296722,13019.659464822362,4447.841721767686,1917.5310847958033,3075.8486931981556,4842.170973744692,9107.69323130071,3700.93227162248,8792.191612744782,10104.3042332278
7.834854004846067,35.93066594224315,89.62939204740927,20282.116845185905,7427.268860292726,2909.537175850217,4842.170973744691,8033.427918788192,13932.469579586406,5918.6433575558685,13704.912560890465,15693.962943979162
6.991269794493824,91.52664582769962,173.6636100803439,40960.36923074876,14711.326059234545,5992.28938344052,9107.69323130071,13932.469579586408,30159.049466137723,11230.773053886931,27373.750916415604,32801.40589251363
6.897074577622983,19.262336764926076,70.23543050312091,15757.425373570419,5979.0536513432035,2280.5538623693924,3700.93227162248,5918.643357555869,11230.773053886935,4933.015697958728,10744.908862580685,12626.516398561716
5.052907679393215,84.16266670117012,164.27637285672483,37935.5467693068,14375.903966142845,5813.894222478797,8792.191612744784,13704.912560890465,27373.7509164156,10744.908862580685,26986.726678961684,32693.461407297462
5.851828004968561,50.83449231480277,207.78893010954317,45218.39357819419,18905.564633482896,7122.916042789376,10104.304233227802,15693.962943979162,32801.40589251363,12626.516398561713,32693.461407297465,43176.239476068615
