v,mu,sd,comat,,,,,,,,
5.243624404045637,46.68520897533764,175.633823924761,30847.240106433957,15481.29674292478,7060.788897433181,18928.450864886156,16649.808346633272,39713.26284694438,52865.811119606544,38532.16201322419,11501.191062826138
6.445548298949085,79.02842977883112,93.95820571549066,15481.296742924776,8828.144421274465,3644.672053755416,10277.506916876833,9160.24442592482,20037.656756667315,27224.462210071924,20739.93508011212,6088.943647382683
8.60483173415615,12.083314111191934,41.31742031918515,7060.788897433182,3644.672053755416,1707.1292218322142,4536.919382716992,3936.5753796439035,8923.942425112347,12586.807718385804,8784.195433847108,2778.950699823048
5.108081249579749,72.67325025395631,116.50235613877172,18928.450864886156,10277.506916876831,4536.919382716991,13572.7989858852,11057.398243520596,26784.61119608318,34513.5061990378,24722.122905081324,8309.109574285701
6.0296138263371954,63.40253957757468,101.65988252958624,16649.80834663327,9160.24442592482,3936.5753796439026,11057.398243520598,10334.731715929276,22137.443483756433,29391.57696671177,22505.248937582124,7190.876158828994
5.253866283476884,48.86456082874927,240.46509929843364,39713.26284694437,20037.656756667315,8923.942425112347,26784.61119608318,22137.443483756433,57823.46398060554,69064.70125186934,51049.1108697448,16783.01813021931
6.511359469823084,85.13431999164665,320.75709835142646,52865.811119606544,27224.462210071924,12586.807718385802,34513.5061990378,29391.57696671177,69064.70125186934,102885.11614282666,64087.24983080792,21252.332708454665
8.3195514731235,48.96589814362968,228.52847304523775,38532.16201322419,20739.93508011212,8784.195433847108,24722.12290508132,22505.24893758212,51049.11086974479,64087.24983080792,52225.262992387965,15192.783485311853
6.540571966184395,74.59391129428623,75.22064960338263,11501.191062826134,6088.943647382682,2778.950699823047,8309.109574285701,7190.876158828994,16783.018130219305,21252.332708454665,15192.783485311853,5658.146126754867
