v,mu,sd,comat,,,,,,,,
8.251871208697958,23.190864878961342,84.2967139269258,7105.935978877968,12271.830681785723,14269.765612491423,18659.24528467997,12838.242704625176,9671.228350608471,19122.55962919969,10912.32545297339,996.6718981320812
7.527266868674214,55.96418369200907,162.5259160858459,12271.830681785723,26414.673399543415,29550.626671896825,36348.71201231709,27125.24904282914,19720.224013529743,36838.66514004507,21747.912756995924,1959.5962880682248
9.39300735460776,66.5020976404575,196.3855410687421,14269.765612491421,29550.626671896833,38567.28074086258,44556.68009800873,29938.886441471805,24029.2636143335,42089.37569738305,26349.195846859708,2198.5985838937786
5.909201126857672,56.23778441317917,262.9932633934338,18659.24528467997,36348.71201231708,44556.680098008736,69165.45659032803,36225.92451417129,27709.433507339483,54741.18560725538,32784.29260806925,3257.2869593336477
9.261165343372985,48.27784795950844,171.24007304568937,12838.242704625176,27125.249042829142,29938.88644147181,36225.92451417129,29323.162616693022,20232.188472006157,39634.036027981376,22170.143579999727,2055.3980895639006
8.750681430530054,62.319168072592355,126.22205422162986,9671.22835060847,19720.224013529743,24029.263614333504,27709.433507339483,20232.188472006157,15932.006971928073,28778.29649647304,17000.87773021053,1483.8778773465406
8.330508337426613,77.12197307401273,244.04015649124926,19122.559629199688,36838.665140045065,42089.37569738306,54741.185607255386,39634.03602798137,28778.296496473038,59555.59798027342,32593.833274385623,2958.419151690869
9.939477241379812,32.68708498378395,146.05808561211367,10912.32545297339,21747.912756995927,26349.195846859708,32784.29260806925,22170.143579999727,17000.87773021053,32593.833274385626,21332.964372675528,1603.6922263220226
6.284842113019151,6.106667579696323,13.268264118788025,996.6718981320813,1959.596288068225,2198.5985838937786,3257.2869593336472,2055.3980895639006,1483.8778773465408,2958.4191516908695,1603.6922263220229,176.04683272591774
