v,mu,sd,comat,,,,,,,,
5.230204968157428,35.75826308849449,154.1979966580549,23777.022173357513,23330.854056150656,8633.344380737233,30809.434313093745,37847.169453796174,5162.687055976534,27769.83640596874,22313.054105505656,31972.473515275957
6.851211580577996,40.34240903551388,186.9238900840043,23330.854056150652,34940.54068413692,10727.803456874195,38153.16573500712,42797.377068697606,6016.088062825486,29739.997216533942,25306.151946955193,39642.885304653486
6.2115913374570235,15.15749192234675,63.22281149955195,8633.344380737231,10727.803456874195,3997.123893907879,13544.742161454295,15824.720564715233,2251.8313180576874,10650.569344338572,9375.502003902144,13615.259905550929
8.142400025222924,88.47363875259047,232.45670491148195,30809.43431309375,38153.16573500712,13544.742161454293,54036.11965830379,54845.55655540047,7895.7585486795415,41619.19573287797,33447.32978970989,51109.96419001646
9.950550300134584,89.7946204100902,260.7496467103063,37847.169453796174,42797.377068697606,15824.720564715233,54845.55655540047,67990.37825954959,8772.374712577868,45978.16494338247,37513.247618272806,57212.6487093695
5.652940246291533,8.241629819150385,39.49971361094438,5162.687055976533,6016.088062825487,2251.8313180576874,7895.7585486795415,8772.37471257787,1560.227375346625,5952.615558388537,5375.757127201929,7971.3798996445585
5.867945816733246,92.6476889834197,190.6220838090378,27769.83640596874,29739.99721653394,10650.569344338572,41619.19573287797,45978.16494338247,5952.615558388537,36336.77883569983,28226.81026896989,42003.670373251276
6.291570288298399,62.50086165074143,155.58793829676847,22313.05410550566,25306.151946955193,9375.502003902142,33447.32978970988,37513.2476182728,5375.757127201929,28226.810268969894,24207.606543439033,33850.17280506738
7.091994833413091,64.88622102338135,233.04964241970112,31972.473515275957,39642.88530465349,13615.259905550929,51109.96419001647,57212.6487093695,7971.379899644558,42003.67037325128,33850.17280506738,54312.13583195055
