v,mu,sd,comat,,,,,,,,
5.765270993830734,98.35172540146114,455.3543796040985,207347.61102463337,104016.17930699572,36064.18883633597,52918.17447259978,92745.72952046161,64255.67103193893,86881.38927208353,12359.237506546206,62317.55555376628
5.788428305047036,63.106840504068735,241.63369749303394,104016.17930699569,58386.84376415501,19597.462196340122,29825.003427550953,52920.43539891412,37392.425689215626,46245.26931943319,6716.284767505309,35731.290767568644
9.927455570915763,31.966683251402877,84.21458533211117,36064.18883633597,19597.462196340122,7092.096382659433,10525.461437573125,17503.065740660382,13487.994822404602,15659.97534702835,2275.8051249693626,12003.028464966204
9.522488654026468,41.460620930145296,128.8824582767955,52918.17447259977,29825.00342755095,10525.461437573123,16610.68805146993,28129.100861619696,20578.306408307344,23853.000885265905,3513.477475289311,18966.580449379857
5.930391313335205,73.43197770140537,230.56016542223952,92745.72952046161,52920.435398914124,17503.065740660382,28129.100861619696,53157.989879530454,33650.997857586015,43338.13496947064,6253.433912785131,34687.590189190465
6.338547572065808,95.16249377133842,166.63013584979973,64255.67103193892,37392.425689215626,13487.9948224046,20578.306408307344,33650.997857586015,27765.602173322706,29406.4569444328,4383.312807486224,22402.944853865913
6.670255787441896,74.62907320558992,201.993354009714,86881.38927208351,46245.26931943318,15659.975347028347,23853.0008852659,43338.134969470644,29406.456944432804,40801.315064093644,5504.531356492108,27834.231238462315
8.222959354662622,13.907808904967924,29.296180430751903,12359.237506546204,6716.284767505308,2275.8051249693626,3513.477475289311,6253.433912785131,4383.312807486223,5504.531356492109,858.2661878311708,3992.1058863994845
6.257036203789532,50.337094963908754,160.80584361869631,62317.55555376628,35731.29076756865,12003.028464966204,18966.580449379857,34687.59018919046,22402.944853865913,27834.23123846232,3992.105886399485,25858.519341920615
