v,mu,sd,comat,,,,,,,,
9.920959252712883,8.135234677267773,10.282362174312798,105.72697188373859,4220.057782352301,929.2003383179397,2544.449728082511,363.53851680006267,962.8576563263678,1863.5520136528858,2296.2362290097158,1242.5753979365206
6.667061330073267,98.0549336242658,449.1683060428686,4220.057782352301,201752.16715342007,39096.22994720885,117547.19724556479,17153.158102003807,43105.15328027332,80861.56545037458,103031.07208623824,61907.988519737715
8.368508123345688,71.0561337857114,99.36029872589873,929.2003383179398,39096.22994720884,9872.468962899833,23748.642605531935,3735.1689806281775,9382.077115406211,17767.99314514488,21064.15950407171,12610.588290498012
5.9819520860726225,80.52188110554648,292.1288026460489,2544.449728082511,117547.19724556479,23748.642605531928,85339.23733541417,10538.765306535932,26476.05850008218,53985.52343434125,61584.33534171791,36671.0330350688
6.7722323232051185,31.515381447217436,41.980210979767705,363.53851680006267,17153.158102003807,3735.1689806281765,10538.765306535932,1762.338113905809,3692.0008564291093,7824.293916522953,8323.47647918556,5612.846272951086
9.066829765910303,52.781846855569945,105.20104935310512,962.8576563263676,43105.15328027331,9382.077115406211,26476.05850008218,3692.0008564291093,11067.260784994458,17627.269736625953,23037.008281303708,13612.0951876746
6.239247767556305,60.3970450904651,197.02680298740668,1863.5520136528855,80861.56545037458,17767.99314514488,53985.52343434126,7824.293916522953,17627.269736625953,38819.56109543837,42071.793578615885,25540.373031872292
7.293056625731069,62.41469602533266,238.6052303117006,2296.2362290097158,103031.07208623824,21064.159504071707,61584.335341717924,8323.476479185561,23037.00828130371,42071.793578615885,56932.4559320997,30138.839113336966
9.38650710748544,71.83520831606616,144.6700238738112,1242.5753979365206,61907.98851973772,12610.588290498012,36671.03303506881,5612.846272951087,13612.095187674598,25540.373031872292,30138.839113336962,20929.41580764911
