v,mu,sd,comat,,,,,,,,
8.213449578930394,96.79186997069546,262.825134729798,69077.05144573646,4230.835512100191,15175.925843229708,13164.62022025332,16481.044117652626,17330.788715541043,6978.105581579837,10123.898695495856,8967.789291406172
7.693104654844735,5.056507316684415,19.822808234004526,4230.8355121001905,392.94372628211767,1274.8247416804911,1128.7516819582281,1340.4542586089958,1603.8105968751038,541.5457016040687,807.9892480255683,803.5486765049106
7.5594899122931505,50.33840658754829,69.40328063051929,15175.925843229708,1274.824741680491,4816.815362278613,3925.280118000257,4714.521946512762,5413.388087217714,1932.937410202167,3023.4578544070823,2789.257748877927
8.051286135564983,26.180374342794963,59.40360931871531,13164.620220253317,1128.751681958228,3925.280118000257,3528.7888000905605,4108.713592588087,4864.296588132511,1619.6973711066971,2447.239602615202,2353.1402543862073
7.464944918055958,21.421884608910226,74.36366554917291,16481.044117652622,1340.4542586089956,4714.521946512762,4108.713592588087,5529.9547539092455,5625.122667940887,2064.9022188906483,2972.2699379279065,2811.67707803232
6.072309988957176,46.96853413036514,84.90377023540198,17330.788715541043,1603.8105968751036,5413.388087217715,4864.296588132511,5625.122667940887,7208.650200185931,2353.875273719941,3512.1932566534874,3448.9299285296474
6.219900096437906,17.775252808012993,30.08018143374332,6978.105581579837,541.5457016040688,1932.937410202167,1619.6973711066971,2064.9022188906483,2353.875273719941,904.8173150869162,1310.7976337318373,1212.2634691972921
7.860472629891987,39.14552589027378,45.2436430977434,10123.898695495856,807.9892480255684,3023.4578544070814,2447.239602615202,2972.269937927907,3512.1932566534874,1310.7976337318373,2046.9872407559842,1899.2558579696731
8.863143318625296,12.581890369748173,43.129786043041015,8967.789291406172,803.5486765049106,2789.2577488779275,2353.140254386207,2811.6770780323195,3448.929928529648,1212.2634691972921,1899.2558579696731,1860.1784441184955
