v,mu,sd,comat,,,,,,,,
9.59554515899591,94.1648874291443,305.68412204650883,93442.78247134492,51153.667733668684,35369.62908309438,17130.0252207497,7809.684114345808,79145.55132050323,36634.00483580219,19378.108775253764,7917.379154509705
8.210977999619278,89.62900516897886,201.65747716361608,51153.667733668684,40665.73809599434,26112.764817264422,11651.580826688274,5414.881445279333,53752.02384009892,23117.697412959616,12655.209753376766,4921.796513920864
8.768561148645883,78.25008593245482,145.12283164014204,35369.62908309438,26112.764817264433,21060.636263253014,9672.157474503954,4014.204667752538,35732.830183519,17549.599805719474,9737.051870702206,3668.2164528786298
5.696572840513675,32.392717649708665,67.82293868175171,17130.0252207497,11651.580826688272,9672.157474503952,4599.951011428651,1883.2360775894003,16083.482973949827,8319.647115989299,4669.440876318208,1718.9724179389332
5.4365977399480006,28.607567661302923,30.263893013349694,7809.684114345808,5414.881445279333,4014.2046677525373,1883.2360775894003,915.9032203234764,7416.945474239363,3725.674200947445,2156.2214581231437,759.0533940931984
8.940010290182459,62.865732753659984,279.58800630139086,79145.55132050322,53752.02384009892,35732.83018351899,16083.482973949825,7416.945474239362,78169.45326758658,32996.92984336208,17873.079621819008,7294.380469955962
6.630754685172445,29.618356943033106,132.31880019846096,36634.00483580219,23117.697412959613,17549.59980571947,8319.647115989297,3725.674200947444,32996.92984336208,17508.264885960234,8463.048593497571,3350.4325522966824
7.705339107379839,45.52033614811955,74.72452702965603,19378.10877525376,12655.209753376768,9737.051870702206,4669.440876318209,2156.2214581231437,17873.07962181901,8463.048593497573,5583.7549398057945,1880.767575086322
6.20117587934003,10.370504996389585,27.909401443553428,7917.379154509705,4921.7965139208645,3668.2164528786293,1718.9724179389336,759.0533940931986,7294.380469955963,3350.4325522966824,1880.767575086322,778.9346889374224
