v,mu,sd,comat,,,,,,,,
6.013034768144452,16.556749320688745,76.50012294514467,5852.2688106222495,1173.1570874544445,3255.9051463487995,21884.896991009027,6278.166693314401,24472.715002113404,13408.501612875545,13641.350140272933,21376.717573140635
6.035465520304866,11.04878874847671,15.919940204909205,1173.1570874544445,253.44449612788443,687.9883199373137,4396.544068338142,1338.1794998448834,4855.424793804284,2919.939087015928,2859.1913706742885,4308.471032970319
5.763188716501229,13.936072852508094,46.38536415556629,3255.905146348799,687.9883199373138,2151.6020078444944,12268.971459341139,3982.235871154126,13991.551563718518,8084.044513080078,8465.614012056116,13591.329684583909
8.772964057627615,72.46646151359158,302.0552267303981,21884.896991009024,4396.544068338142,12268.971459341139,91237.35999515218,24428.639746426008,98539.25876211976,52877.5774777603,54913.83926759998,82365.53746999771
6.137133828680611,67.31354890615333,92.9722074937695,6278.166693314401,1338.1794998448831,3982.2358711541256,24428.639746426004,8643.83136626453,28138.479099991793,15212.334928737122,17124.21356237748,24149.87021090571
8.320409820172141,69.49800310449578,336.4682463032523,24472.7150021134,4855.424793804284,13991.551563718516,98539.25876211979,28138.47909999179,113210.88077038602,56668.910814791314,59854.68787033395,90588.97612280032
7.946089124002047,63.77864432056718,188.57255176827988,13408.501612875545,2919.9390870159286,8084.044513080077,52877.57747776031,15212.334928737122,56668.910814791314,35559.607280400596,34192.777446654814,53084.86100588453
7.108236103950121,82.0930506134204,195.75100973800602,13641.350140272933,2859.1913706742885,8465.614012056116,54913.83926759998,17124.21356237748,59854.68787033395,34192.777446654814,38318.45781344892,54662.121964255944
9.280119380442605,67.21927258801668,307.1127280789789,21376.71757314063,4308.471032970319,13591.329684583907,82365.5374699977,24149.870210905712,90588.97612280032,53084.86100588453,54662.121964255944,94318.22774811285
