v,mu,sd,comat,,,,,,,,
6.481245808362168,62.54945446296852,235.4011560449341,55413.704267291425,41086.582626629825,32010.99894016916,24084.204412587864,62745.3316011556,27457.20422111602,17655.060426838878,85112.82958128874,33558.86575616053
9.045338578366634,56.33338524428823,187.99812603031776,41086.582626629825,35343.29539091124,23657.291173746027,17775.995719816226,49890.42391115646,21134.10627405805,12574.676704130463,66467.83193845984,25512.270812664196
6.751262626117057,62.39574274574422,138.971026038789,32010.99894016916,23657.291173746027,19312.946078273773,13578.223224271931,36129.23136864154,16232.07021943661,10424.507051940156,49444.267107983746,19105.025450206656
8.947046282154464,86.65377265854276,109.92746845252421,24084.204412587864,17775.995719816226,13578.223224271933,12084.048320380705,25713.448712852824,11500.063034200844,7321.454619749687,33256.538123433515,14209.624846967235
7.806744878852863,85.3393195751771,278.47384250370067,62745.3316011556,49890.42391115646,36129.23136864154,25713.448712852824,77547.6809587759,32013.3667450608,19837.81941836618,102123.46146735376,38772.50748583948
6.267944771100666,26.679975638411843,121.71622539528353,27457.20422111602,21134.106274058046,16232.070219436613,11500.063034200844,32013.3667450608,14814.839524475463,8757.435270572108,45548.56012713184,16930.426927869084
5.524885418425545,59.96424395980523,76.2222456221868,17655.060426838874,12574.676704130461,10424.507051940156,7321.454619749686,19837.81941836618,8757.435270572108,5809.830727688975,27332.167884157705,10640.158057743954
5.292303645984399,83.64444357221532,383.79165566925474,85112.82958128874,66467.83193845984,49444.26710798374,33256.53812343351,102123.46146735377,45548.56012713183,27332.16788415771,147296.03496134776,53505.85415961465
8.36646190384922,44.91593483986933,144.10627734165382,33558.865756160536,25512.270812664196,19105.02545020666,14209.624846967237,38772.507485839495,16930.426927869084,10640.158057743958,53505.85415961465,20766.619169269652
