v,mu,sd,comat,,,,,,,,
5.192808404407049,31.355999538748534,134.38955983379248,18060.553792320487,29046.510825180798,39251.200952194326,3764.9621370804884,39274.950489909046,25523.2915987917,56399.76060414758,24447.482148256473,16049.920260030263
8.900502302623375,93.29758497443221,240.60019635232817,29046.510825180798,57888.45448477886,66203.79770799025,6881.472405004516,68930.86948757705,51528.618480556324,102261.17701081446,45303.05323025413,28822.34331174225
5.463518776670667,90.79268188386841,323.42532794934345,39251.200952194326,66203.79770799026,104603.94275914038,9998.825792982363,83350.20039375943,62573.33127086737,129241.42306050354,62401.894946576256,37545.11764944531
8.164463432422387,11.596085351247218,34.773591532516434,3764.9621370804884,6881.472405004516,9998.825792982361,1209.2026680702986,9763.094411701666,6979.519080727955,14591.575855813044,6674.465145513437,4131.897485454325
5.069454241601093,77.68305535300613,328.37149992184027,39274.95048990905,68930.86948757705,83350.20039375941,9763.094411701666,107827.84196091912,66853.5232574723,136139.2932170649,58336.71839813586,41094.157935723095
9.680792680424616,50.71758265854374,230.04970786976085,25523.291598791704,51528.618480556324,62573.33127086738,6979.519080727956,66853.5232574723,52922.86809096231,95677.08691306465,43694.4827184977,28875.388078052005
7.132871908677667,99.57512899500058,472.2723817206029,56399.76060414759,102261.17701081446,129241.42306050356,14591.575855813046,136139.2932170649,95677.08691306463,223041.20253605084,84031.08547880812,58176.82816697015
6.265432253790651,44.30946312001837,212.6592433722485,24447.482148256473,45303.053230254125,62401.89494657626,6674.465145513439,58336.71839813586,43694.48271849769,84031.08547880812,45223.95379165721,25053.218169074284
5.94982653146835,36.266191806868655,130.87990227930246,16049.920260030263,28822.34331174225,37545.11764944531,4131.897485454325,41094.157935723095,28875.388078052005,58176.82816697015,25053.218169074284,17129.54882063976
