v,mu,sd,comat,,,,,,,,
7.734445780726773,61.6224217402132,146.06591897255402,21335.252685296717,21412.572401124926,46619.362620389606,4657.198142412288,3633.307987091819,12734.73182028931,12391.018031322194,6655.263575273873,27567.66698992427
8.989495106413026,36.13925370457967,152.82874000214946,21412.57240112493,23356.623770644597,46883.90460081869,5021.9657144066605,3731.474226109911,13637.315405013494,12671.148221381101,6867.252834048277,28261.569444683486
9.102009399491907,91.01577495694627,327.489817914012,46619.36262038961,46883.90460081868,107249.58083735273,10100.837088471539,8098.607339940347,29612.315982655397,26684.60711511016,14678.38656679817,61212.16865915972
5.610249334151006,30.649506428574362,34.6816982819769,4657.198142412288,5021.965714406659,10100.837088471539,1202.8201957220792,882.0748491915908,2842.670780240694,2830.212388583046,1546.8137793470482,6665.302867920573
8.01001003395719,9.666645865321309,27.553659184256304,3633.307987091819,3731.47422610991,8098.607339940347,882.074849191591,759.2041344421518,2352.713237837602,2470.9597158671977,1206.0184470687477,5399.066881059307
7.627572916822919,21.001630218611048,98.5551252741426,12734.731820289311,13637.315405013494,29612.3159826554,2842.6707802406945,2352.713237837602,9713.11271780194,7911.4727347879325,3996.1869398770586,17736.033048781846
7.319542029050342,58.45717630035255,95.67214680231329,12391.018031322195,12671.1482213811,26684.60711511016,2830.212388583047,2470.959715867198,7911.4727347879325,9153.159673763386,3979.628749502922,18386.757597875192
7.35722872212258,39.12608515188657,46.44219753015107,6655.263575273873,6867.252834048277,14678.386566798168,1546.8137793470485,1206.0184470687477,3996.1869398770586,3979.628749502921,2156.87771142957,8930.118668977017
8.163564214386657,42.88245260829377,204.31057895395375,27567.66698992427,28261.56944468348,61212.16865915972,6665.302867920573,5399.066881059307,17736.033048781846,18386.757597875192,8930.118668977017,41742.812672499764
