v,mu,sd,comat,,,,,,,,
9.36714701395908,79.9154101272995,240.41029311974046,57797.10903791954,92757.671789376,25023.584673603924,30133.296919073404,73150.14721002911,22385.57826567603,32003.03135088948,5392.468107129805,35474.70935641086
9.84270331410466,99.72627284596959,492.2650972119386,92757.67178937599,242324.9259330793,51550.895545758845,72661.87534227717,147312.71663916163,45423.16435974261,68633.76405407795,11249.682093130648,69920.29164659625
9.345972701069599,26.57246952541116,116.91432629128079,25023.58467360392,51550.895545758845,13668.959692144066,16432.67470299846,35384.612944783315,10592.38379986451,16479.554802414306,2640.499720101636,16363.071514130905
7.654278457777995,82.2176658856263,159.87533291567524,30133.296919073404,72661.87534227718,16432.67470299846,25560.122074897987,45085.509206063965,13711.47273194739,21214.302293461496,3369.122998448628,22994.410202780757
6.163641639886453,67.40106294952955,330.85051970076574,73150.14721002911,147312.71663916163,35384.612944783315,45085.50920606394,109462.0663862668,32388.64071584832,48018.63579701558,7881.863991276454,51716.07324241773
5.056994021387149,74.4990089062289,102.99588146720016,22385.57826567603,45423.1643597426,10592.38379986451,13711.472731947388,32388.640715848323,10608.151599205543,14766.519111963662,2463.9939450557554,14615.098866534414
7.152344091462453,52.55758006471002,149.7596874506606,32003.031350889483,68633.76405407795,16479.554802414306,21214.302293461493,48018.635797015595,14766.519111963664,22427.96398531955,3677.2577979406806,22726.99722430671
7.011756800186824,5.070669497123589,25.128999576765125,5392.468107129804,11249.682093130648,2640.499720101636,3369.1229984486276,7881.863991276454,2463.9939450557554,3677.25779794068,631.4666197290618,3800.551634167865
7.613373356762848,88.37389441163403,165.15707638302126,35474.70935641086,69920.29164659626,16363.071514130905,22994.410202780757,51716.07324241774,14615.098866534412,22726.997224306713,3800.5516341678654,27276.859879387124
