v,mu,sd,comat,,,,,,,,
9.2944463364652,67.3054985654293,145.49732204460742,21169.4707221522,8485.563631039568,13619.425193497256,26956.44559887475,18463.045899737022,5810.560269791785,11060.62689809046,35677.819704393056,7885.990619442689
6.863555774876399,41.89488334117437,63.22867719818947,8485.563631039571,3997.865620232845,5929.384226537496,11656.750107334232,7768.471256758414,2506.5838782076235,4575.00775983844,16569.592548700908,3272.0907672442436
7.775643889992984,25.21709337385944,101.37813062849504,13619.425193497258,5929.384226537495,10277.525369728202,18665.163395472468,12593.612283801645,4001.826178656623,8040.207271167745,26952.031931811383,5488.944961949686
9.778282744958839,59.99271503608033,211.61391323374573,26956.44559887475,11656.75010733423,18665.163395472468,44780.44827409926,23805.58163833243,8973.724978914519,15660.995287533453,56181.72827708628,11288.370562011583
8.683347990056118,95.9684283997324,132.14981765529,18463.04589973703,7768.471256758415,12593.612283801647,23805.58163833243,17463.574306326398,5328.1613070484,10121.077082017282,33401.73337678359,7174.32400204802
9.081025695562404,17.13405411200398,45.00605629912603,5810.560269791784,2506.583878207623,4001.8261786566227,8973.724978914519,5328.1613070484,2025.5451036001018,3349.4419483048264,10936.837200118889,2341.3081853575873
5.505432801543123,26.158344155716453,81.78086822309757,11060.62689809046,4575.007759838439,8040.207271167745,15660.995287533455,10121.077082017282,3349.4419483048264,6688.110407323651,21444.653760221892,4539.394130624638
9.642440352039685,83.90500264401183,286.6918247858665,35677.819704393056,16569.59254870091,26952.03193181138,56181.72827708627,33401.73337678358,10936.83720011889,21444.653760221892,82192.20239904999,15240.461039988899
8.045545844956546,22.612000921159545,57.1005965270632,7885.990619442688,3272.0907672442427,5488.944961949686,11288.370562011583,7174.324002048019,2341.3081853575877,4539.394130624637,15240.461039988895,3260.4781237464626
