v,mu,sd,comat,,,,,,,,
9.23331203605067,33.608144482023945,69.5194267920849,4832.950701500052,8008.356519439734,12047.9161438081,4942.650307714551,13434.792243749993,7296.446072692839,12820.0038367107,6027.539643545176,20655.769464311812
7.805827701325171,61.382999283332104,125.66217774447287,8008.356519439735,15790.982915483492,20436.914570293942,9392.060366498314,26196.204361574764,13892.435372849559,21614.3829545952,10989.688667711647,37725.65981544558
7.274377012028764,59.660525958223566,187.97744463831052,12047.9161438081,20436.914570293942,35335.5196927491,14668.546895766327,31194.973619371736,19543.427632790033,33462.034195866676,16660.48553304181,53947.60540264996
6.760874568459808,40.2984789574835,82.71800448555214,4942.65030771455,9392.060366498314,14668.546895766329,6842.268266071825,14807.78165166584,8972.614469461085,13965.078085130104,7420.979156686304,23854.900741432706
7.929256920674186,91.2433298655168,216.97252122557126,13434.792243749995,26196.204361574764,31194.973619371736,14807.781651665839,47077.07496698097,22481.2187213127,35272.681148439704,17971.12694667013,60770.88046384792
7.678748721365379,23.697102203279258,117.5649171678614,7296.446072692841,13892.43537284956,19543.427632790033,8972.614469461085,22481.218721312704,13821.50974868611,20094.65937539219,10181.024897049942,36433.002458934665
9.137281383896731,56.75487822985691,188.84257529827704,12820.003836710704,21614.3829545952,33462.03419586667,13965.078085130104,35272.681148439704,20094.65937539219,35661.51824528544,17048.872078397402,57679.36841147805
6.322710993610173,62.47713488311865,93.75536320117372,6027.539643545176,10989.688667711645,16660.48553304181,7420.979156686304,17971.126946670134,10181.024897049942,17048.872078397402,8790.068128983998,28379.36770523688
7.391895306693579,87.25143498358847,317.66203378247815,20655.769464311812,37725.65981544558,53947.60540264997,23854.90074143271,60770.880463847934,36433.002458934665,57679.36841147805,28379.367705236877,100909.16770682028
