v,mu,sd,comat,,,,,,,,
7.100914835703869,17.408920779527694,55.10745257054248,3036.831328814588,14882.0209829158,2493.8270543965155,6163.464695626676,14790.48698957333,7234.868521876373,4572.667822724931,5256.802073899566,16438.52270764989
6.8161974848254285,96.1104376762371,291.75683644873607,14882.020982915798,85122.05161457455,12671.442100210756,30615.967421469755,77135.70430180366,38270.27060037278,25432.780774889063,26101.817225533803,86231.12212103418
5.924383438807259,13.725018538305884,49.83312527990957,2493.827054396516,12671.442100210754,2483.3403751631618,5695.756200765904,12422.59901695624,7008.339630389826,3752.119536625785,4937.213314588676,14188.698250776804
7.591413640837381,52.978790194697176,124.96652079383708,6163.464695626677,30615.967421469755,5695.756200765904,15616.631319316513,31847.74888328741,17416.662679937126,9966.548939447444,11985.894377577493,36435.9753209427
5.043027260043846,63.65340698994857,286.66067269252903,14790.486989573334,77135.70430180366,12422.599016956241,31847.74888328741,82174.34126853327,37670.11209585919,24416.225206926774,25732.263684373796,86855.17550591165
9.844681033597432,83.43882798633459,156.73871792103571,7234.868521876373,38270.27060037278,7008.339630389824,17416.662679937126,37670.11209585919,24567.02569553,12578.33788710053,13698.67679175877,38226.36485628204
9.006906280082305,26.41516868173985,91.09230415701245,4572.667822724932,25432.780774889063,3752.1195366257857,9966.548939447446,24416.225206926774,12578.337887100533,8297.807876633666,7847.839191471721,26380.448676703763
8.786559943043272,64.7530232301074,101.33474332689946,5256.802073899566,26101.817225533803,4937.2133145886755,11985.894377577493,25732.26368437379,13698.676791758771,7847.839191471722,10268.730205128593,29976.298366884817
8.35742150920912,89.36954507752064,320.84501597832434,16438.52270764989,86231.12212103419,14188.698250776806,36435.97532094271,86855.17550591167,38226.364856282045,26380.448676703756,29976.29836688483,102941.5242781312
