v,mu,sd,comat,,,,,,,,
6.473325013435549,83.24389876690145,331.30379493481314,109762.20453820872,40440.42485543073,113047.49849000652,16031.067773168801,46633.82261087268,83662.18008702714,41380.28904289784,112976.8021989778,18794.784451664946
7.652933778026471,44.240949669106485,135.32516075075358,40440.42485543072,18312.8991322173,42843.14880365218,6506.980799613863,17633.238067564314,33343.25430678927,16568.42128253073,47746.7294158172,7383.022719722623
5.957603934737474,85.42144203611977,378.8823836599988,113047.49849000652,42843.14880365218,143551.86064788254,16636.203960077684,52131.93045429007,88367.39605519822,44999.990465181094,125029.26859540027,23125.237862031983
5.339501790956457,34.497843324603195,50.97213578284913,16031.0677731688,6506.980799613862,16636.20396007768,2598.1586262652086,6968.147812242204,12567.24707269238,6270.366256052006,18356.299484664214,2769.236296518981
8.934927299999567,54.49115072639757,152.346374087197,46633.82261087269,17633.238067564314,52131.93045429007,6968.147812242204,23209.41769751617,36730.199595703336,18128.45439579738,51428.336772534894,8741.711499300687
8.281667608879278,90.24229111852188,268.237030278319,83662.18008702714,33343.25430678926,88367.39605519822,12567.247072692382,36730.199595703336,71951.10441253184,34599.66895698689,91428.6750133872,14652.955651307995
8.18760448021818,52.925364209201156,130.22257271072078,41380.28904289784,16568.421282530733,44999.9904651811,6270.366256052006,18128.45439579738,34599.66895698689,16957.91844339896,45081.38764099609,7378.541104674961
7.87801446876517,79.38558150375337,380.39126190641554,112976.80219897778,47746.7294158172,125029.26859540025,18356.299484664214,51428.3367725349,91428.6750133872,45081.38764099609,144697.51213475523,21195.27418944217
5.195314580944332,17.351426242006667,63.236417411380465,18794.784451664946,7383.022719722622,23125.237862031983,2769.2362965189805,8741.711499300687,14652.955651307993,7378.54110467496,21195.27418944217,3998.844487026342
