v,mu,sd,comat,,,,,,,,
8.220717680341675,23.383688228297373,108.7230660570425,11820.705092844026,8056.380635221504,20537.22453391378,7768.545398295914,1822.1446322025756,5713.949473287573,8700.38441335245,31585.118747522527,13079.262892981653
6.903742448175583,34.51767936443139,78.09866628284256,8056.380635221504,6099.401675158808,15654.62974397784,5952.8423099711845,1334.9277804339563,4092.0602746620034,6549.004815061823,22332.176363623304,10218.81600408536
8.315239526678344,81.66786061573994,215.59027282101982,20537.224533913777,15654.629743977835,46479.16573504175,17952.90577165359,3752.354944419076,11953.708171016455,16372.79613473491,60534.692673840334,29505.867736590302
5.818253630513767,53.63461913170429,86.16000340262693,7768.545398295913,5952.842309971184,17952.905771653594,7423.546186340684,1516.6338710729976,4704.760389796409,6213.514253292979,23152.39955405468,10833.26952222559
9.813039068371594,17.763276065577973,18.861476479480704,1822.1446322025754,1334.9277804339563,3752.3549444190767,1516.6338710729979,355.7552949860039,988.392775362436,1406.156275611563,5452.106400615935,2441.7016118115835
6.7333092018988285,41.006257944624984,56.859194515600535,5713.949473287573,4092.060274662004,11953.708171016457,4704.760389796409,988.3927753624362,3232.968000962899,4276.040068046243,16371.817853950957,7145.900620720503
9.958754961468038,47.007726617793395,87.74806624716463,8700.38441335245,6549.004815061823,16372.796134734912,6213.5142532929785,1406.1562756115632,4276.040068046243,7699.723130116794,23913.993890779027,11213.477295931738
6.175289478028228,83.55572417812296,310.75568111918426,31585.11874752252,22332.1763636233,60534.69267384034,23152.399554054675,5452.106400615934,16371.817853950955,23913.99389077902,96569.09334784813,39378.233438801435
7.9284713426082885,30.59583966235206,147.70603937851058,13079.262892981653,10218.81600408536,29505.867736590302,10833.26952222559,2441.701611811584,7145.900620720502,11213.477295931734,39378.23343880143,21817.074068886115
