v,mu,sd,comat,,,,,,,,
6.82552791511347,22.026240913405573,56.66243748485378,3210.631821724963,2529.460956820864,2864.7789194110564,12291.231295978727,1857.5198787998986,5870.025727808708,3819.7070100760407,12689.13609575089,11995.282184547503
7.25602957946669,11.644005483153094,47.90435708465562,2529.460956820864,2294.827427694195,2560.8843777233674,10987.074231905564,1786.7504290105567,5069.36748871022,3232.6141957834984,11951.113508284752,11667.103729772813
7.480301743838948,31.332836733142926,57.22419149233809,2864.778919411057,2560.8843777233674,3274.608091951779,12284.341771801848,2176.874530755247,5985.65524208646,3958.431751554301,13829.904954475865,14369.963447073644
5.378110332975685,87.51827328659415,243.10573792125297,12291.231295978727,10987.074231905566,12284.341771801848,59100.39981023692,9111.0018251223,25872.95223180917,16305.227743788802,57856.24505364131,59960.21531856127
7.858807911638604,11.015133565347117,42.02494356274292,1857.5198787998982,1786.7504290105567,2176.8745307552467,9111.0018251223,1766.0958814517276,4078.4670506800994,2504.3601903590934,10084.542404822283,9418.449458534831
6.448170028869793,73.10998404953963,111.38497242716498,5870.025727808708,5069.367488710221,5985.65524208646,25872.952231809173,4078.4670506800994,12406.612082600303,7449.810730353865,27020.76404533919,27968.405264629695
6.544022293942124,17.0183541988675,74.36718932359275,3819.7070100760407,3232.614195783498,3958.4317515543016,16305.227743788799,2504.3601903590934,7449.810730353866,5530.478847891087,16491.320613842086,18362.269640589082
6.8743808325261035,94.04467080518502,266.5185815065347,12689.136095750886,11951.113508284752,13829.904954475864,57856.2450536413,10084.542404822283,27020.764045339187,16491.320613842086,71032.15428825539,69916.4683062447
9.079283372155071,92.5678843963363,287.30480732657406,11995.282184547503,11667.10372977281,14369.963447073642,59960.21531856128,9418.449458534833,27968.40526462969,18362.269640589082,69916.46830624469,82544.05231295982
