v,mu,sd,comat,,,,,,,,
5.7714378906563795,57.084760817841946,57.20197933700029,3272.066440070608,8222.617412575832,2796.240327905532,2502.2119974655557,10045.74540850613,1445.8102378084359,8898.706597930928,9397.19604285559,11399.434119879
5.66849780350033,58.09941060702606,186.84983047482012,8222.61741257583,34912.85914846901,9033.508466665793,9646.441674502892,33552.23147198482,4730.874404652857,24673.544260588053,25168.177875032496,37217.18562872606
6.813427330884438,33.41038949305681,62.28422652853465,2796.240327905532,9033.508466665793,3879.3248742578207,3443.744776862682,11576.398275066542,1438.8126121317928,8105.564651258569,9706.461980962902,12088.109767106045
8.395544377228157,16.93347049189888,60.760876522112916,2502.211997465555,9646.441674502894,3443.7447768626826,3691.8841157354527,11261.559020054261,1431.568756515911,8084.024331862985,8495.035510879534,11599.542165128561
5.972250286669338,49.55733101281254,207.7361758438541,10045.745408506129,33552.23147198482,11576.39827506654,11261.55902005426,43154.31875422867,4967.748275285143,29354.8031512239,32868.770862759055,41320.20859351658
6.256051917434968,6.2268576535104145,27.878200637196528,1445.8102378084357,4730.874404652857,1438.812612131793,1431.5687565159108,4967.748275285143,777.1940707677849,4305.486653877333,4239.212004729751,6112.99008883276
8.792081957678032,40.325746308381014,161.71326772840817,8898.706597930926,24673.544260588056,8105.56465125857,8084.024331862985,29354.803151223896,4305.486653877332,26151.180959399815,25773.234272904723,34117.831929580156
7.788092947811764,87.40589457932388,171.46020590080468,9397.19604285559,25168.1778750325,9706.4619809629,8495.03551087953,32868.770862759055,4239.212004729751,25773.234272904723,29398.602207546337,34638.18977476846
7.57401458947168,52.032387180852425,222.54071822471067,11399.434119878999,37217.18562872606,12088.109767106045,11599.542165128561,41320.20859351659,6112.990088832761,34117.831929580156,34638.18977476846,49524.37126797008
