v,mu,sd,comat,,,,,,,,
6.539674763124854,84.21640981836185,271.35608072914033,73634.1225486797,3473.4768732069538,39741.17363843399,10647.20951027092,10628.922556207479,31553.589122358444,51377.4577158332,91132.89172622573,98929.63000029106
7.596957396526504,5.479208991275731,13.471889275865333,3473.4768732069533,181.49180066117538,2116.613753447656,528.8223101953648,546.852985658451,1643.5622689683612,2478.1597347307684,4553.004918547779,5076.038134771691
8.841488307689866,78.09908098916081,164.20407147134193,39741.17363843399,2116.613753447656,26962.977087765576,6208.464451302197,6322.127263299089,19617.71082883593,29225.29393363372,52969.00968618528,56523.903573492404
8.946103680854298,32.78543315108351,43.96896513735216,10647.20951027092,528.8223101953648,6208.464451302196,1933.2698952496894,1917.0082592471056,5064.666533727036,7204.782541632111,14782.970287725519,13061.0818956397
9.352810312379116,22.82768297096683,46.80047306015589,10628.92255620748,546.8529856584511,6322.127263299089,1917.008259247106,2190.2842786543774,5427.802865186616,8176.394273823263,16566.978636536238,14945.828956729061
5.939606958110344,66.27941755441873,126.49195359766907,31553.589122358444,1643.5622689683616,19617.710828835934,5064.666533727037,5427.802865186616,16000.214324954864,22738.917640773212,42386.79791812705,46313.53247455358
6.347526228084591,53.82546666307662,203.4823951491605,51377.4577158332,2478.1597347307684,29225.293933633726,7204.782541632112,8176.394273823262,22738.91764077321,41405.0851356391,69415.12141756607,74002.90726493283
7.4809607049393065,88.37986185590206,373.67682495968813,91132.89172622573,4553.004918547779,52969.00968618528,14782.970287725522,16566.978636536238,42386.79791812706,69415.12141756606,139634.36951195344,127805.10130452535
8.695608735568554,90.55239725088657,401.0897477172614,98929.63000029104,5076.038134771691,56523.9035734924,13061.081895639702,14945.82895672906,46313.532474553576,74002.90726493283,127805.10130452535,160872.98572389636
