v,mu,sd,comat,,,,,,,,
8.237755246765117,37.13630001746684,54.760497955738444,2998.7121363604347,4568.828316935728,16472.512024980657,3642.2156333102143,1286.2010100342263,6830.588820589012,11003.558655154511,12020.845961901265,4337.305143984917
7.535748441065401,37.359770069707615,91.75843623188206,4568.828316935727,8419.610619720366,26938.82567000638,6545.858550162359,2115.545239544546,11051.44318604807,17787.14728199502,20877.505696878907,7521.6393053157235
7.641706900761197,67.19988297185579,318.79689889708095,16472.512024980653,26938.825670006383,101631.46274639564,21078.18766974382,7655.544386027211,39479.51245559351,62698.20781888876,77744.00003972401,25788.913189311097
9.48142602004944,23.950104952593026,83.71050795364916,3642.2156333102134,6545.858550162359,21078.18766974382,7007.449141857958,1760.9815473949218,10820.949946851213,14468.100882531166,16752.68633648392,6069.197351143876
8.49995595333744,19.93134815438137,26.513576406051534,1286.201010034226,2115.545239544546,7655.54438602721,1760.9815473949216,702.9697338395325,2971.4430407443783,5273.17908863608,5903.0651450713885,2080.218825911651
8.571485509355675,70.84422837759875,148.4076548238487,6830.588820589012,11051.44318604807,39479.51245559351,10820.949946851215,2971.443040744379,22024.83201031462,26525.964095066298,29441.266638498793,10007.75508648227
8.586691910457004,43.467660841552544,216.8470948628712,11003.558655154511,17787.147281995018,62698.20781888876,14468.100882531164,5273.179088636081,26525.964095066294,47022.66255046706,48397.211282751305,16195.556520456881
6.114097310914305,52.890563975746076,251.3420648519845,12020.845961901265,20877.505696878903,77744.00003972402,16752.686336483923,5903.0651450713885,29441.26663849879,48397.2112827513,63172.83356405918,19778.650925028272
5.875772616620115,38.89684364236999,85.26132807442548,4337.305143984916,7521.6393053157235,25788.9131893111,6069.197351143876,2080.218825911651,10007.75508648227,16195.556520456881,19778.650925028276,7269.494065014815
