v,mu,sd,comat,,,,,,,,
9.244088486342893,39.512625812898264,41.88404027486558,1754.2728297465621,12258.441482484946,12891.19204583327,10856.426426615102,2400.856375834208,2379.055268392487,4689.192331708332,7941.476935629077,13614.786548994205
5.894479624604992,90.47410383704067,313.18521824912693,12258.441482484945,98084.98092975326,96506.46935077287,94479.68289779699,18977.095247940757,17941.05753616983,33485.54519072526,59265.59940581435,111199.19401544456
5.271816071532157,97.23949648969075,339.02368966383295,12891.192045833266,96506.46935077288,114937.0621532789,88769.92604508664,20385.478536139242,18971.588257948923,35472.756593511134,64431.291942166295,101912.97661200358
6.8076922304411145,93.94493334529284,319.0519013476842,10856.4264266151,94479.68289779699,88769.92604508664,101794.11575357242,17986.796392150172,17016.42101643161,30845.1774097175,56867.70923052664,112261.84017412199
6.37700464303206,18.23147795531976,67.70257320402938,2400.8563758342075,18977.095247940757,20385.478536139246,17986.796392150172,4583.638418446957,3509.3009135101825,6581.628929372196,11647.969843819783,21391.14702302718
7.650001124477127,56.90220949664477,58.960791123046654,2379.055268392487,17941.057536169832,18971.588257948926,17016.421016431614,3509.3009135101834,3476.374889855538,6452.362548857767,11460.306322578144,19846.766405843016
6.52959457867958,78.60317279240608,116.78057814465657,4689.192331708332,33485.54519072526,35472.75659351114,30845.177409717504,6581.628929372197,6452.362548857767,13637.703431800239,22441.498755517197,37114.16144011805
6.522371795770716,54.152443544420635,198.36090840220967,7941.476935629076,59265.59940581435,64431.2919421663,56867.70923052664,11647.969843819783,11460.306322578144,22441.498755517197,39347.04998214982,66243.327001525
5.5587063808779735,77.47671994286107,369.06155809610857,13614.786548994201,111199.19401544456,101912.97661200361,112261.84017412197,21391.14702302718,19846.766405843016,37114.16144011805,66243.327001525,136206.4336643273
