v,mu,sd,comat,,,,,,,,
7.503340631701906,63.669344555439906,266.6128105101308,71082.39072811091,29278.87328441812,32713.45326003524,49880.7718951206,53211.93258976645,78138.4014584345,22653.734145278886,43169.66509631772,27904.794511099266
7.3403371297405755,27.75077198144281,132.80346548101517,29278.87328441812,17636.760443767187,17975.16589857565,27767.644360259994,27003.613263318755,43939.726308922225,11163.292759054904,21468.077791767362,14538.832821506094
7.503912628211162,56.09488360853489,142.62869107505807,32713.453260035236,17975.16589857565,20342.943517784344,31057.49771107486,30256.094953635766,47303.501193639706,12452.910669447536,23068.38417307444,16545.902537414557
5.745890827260541,63.983810448392596,225.13258383768996,49880.7718951206,27767.644360259994,31057.49771107486,50684.680305434515,46834.122165766596,72620.14304014691,18520.577594700633,35874.44604529529,25284.58716773739
9.101389679097075,66.67732597156986,226.80309687719694,53211.93258976645,27003.61326331876,30256.094953635766,46834.12216576658,51439.64475308718,72540.1019312002,18389.436713649207,37586.0129986742,25017.273271607562
6.60682015804819,70.80476210166256,347.49262665579494,78138.4014584345,43939.726308922225,47303.50119363971,72620.14304014691,72540.10193120022,120751.12558014371,28130.053463996726,54920.26780325085,38000.81202323868
8.895869985537066,32.31366231499029,92.33352573357016,22653.734145278893,11163.292759054904,12452.910669447536,18520.577594700633,18389.436713649207,28130.05346399673,8525.479974391861,15293.379031987173,10519.86141165005
9.075401539396115,84.8782952513033,174.26200298884334,43169.665096317716,21468.077791767362,23068.384173074435,35874.44604529529,37586.01299867421,54920.26780325085,15293.379031987171,30367.24568568364,19895.780074608665
5.0740113864068705,38.7766443164902,120.15439667233892,27904.794511099266,14538.832821506094,16545.90253741456,25284.587167737387,25017.27327160756,38000.81202323867,10519.861411650048,19895.78007460866,14437.079039693768
