v,mu,sd,comat,,,,,,,,
6.504822279279573,39.14487919071247,148.28452059248235,21988.299047342323,28811.200134736857,24798.924738159065,43660.662559335586,22722.359971636037,38190.977124022436,16595.815688609637,18633.07988521621,4716.2375706296925
6.235309159809072,81.96353963986353,207.5543220933874,28811.200134736857,43078.796619645604,32634.82268503077,56924.83645050548,30790.755013721075,53318.918538027734,22265.418830326347,25789.223510660548,5977.775695066624
9.631675675295877,41.405554855389575,185.6865018569306,24798.92473815906,32634.822685030766,34479.476971863885,61091.50839643981,26036.466264976276,47608.5293290435,20274.122326896606,24984.323351476643,6101.610314517426
9.45801719138882,84.40311380974464,345.67397010179974,43660.662559335586,56924.83645050548,61091.5083964398,119490.49360593992,49806.98705848091,86740.32198922981,36112.84425809412,41996.869724654054,10890.516592055965
8.416383799874936,37.93678531617602,167.68638376008047,22722.359971636037,30790.755013721075,26036.466264976283,49806.98705848092,28118.72329853298,41615.19572413452,16998.972457144595,18276.811240907322,4859.8561542909465
7.834423297498361,57.87851130252046,273.24732957027635,38190.97712402244,53318.91853802773,47608.5293290435,86740.32198922981,41615.19572413452,74664.1031172872,29505.072395124356,34799.20825028813,8370.633822871518
7.734829401215158,45.242489209313526,120.00951243475765,16595.815688609637,22265.418830326347,20274.12232689661,36112.84425809413,16998.972457144595,29505.072395124353,14402.283074828252,15595.34969306019,3942.23271814296
6.052119179933829,33.62512739307176,140.84380398691033,18633.079885216208,25789.22351066055,24984.323351476647,41996.869724654054,18276.811240907322,34799.20825028813,15595.349693060192,19836.97712150322,4551.197971476611
8.848772340927178,10.493919678864314,34.17309641501935,4716.237570629693,5977.775695066624,6101.610314517427,10890.516592055967,4859.8561542909465,8370.63382287152,3942.232718142961,4551.197971476611,1167.8005185902084
