v,mu,sd,comat,,,,,,,,
9.318799927850414,66.82928123777162,333.9086000325372,111494.9531756889,92922.61317746612,59769.46653224128,70574.38974874189,74906.33662659068,28661.490003547086,20464.726284217242,20955.03071231425,115367.46202870517
6.424529826138134,74.68386224218781,300.25008237675854,92922.61317746613,90150.1119672503,51272.24512502073,66125.52716825767,62317.228104476824,24208.913034778096,17850.6886431638,18692.927535192073,114171.40588572604
5.366281940418681,57.589473978190426,190.91551205616622,59769.46653224127,51272.24512502072,36448.732743668144,40736.19939097918,40687.69899352306,15768.878224845,10510.608600162968,11631.54833477633,69159.537596993
8.816186021651426,76.93672601465727,231.16903932881087,70574.3897487419,66125.52716825769,40736.19939097917,53439.1247442053,50599.541329290434,18472.16963788174,13489.454630524959,13659.873690867778,88765.09237929038
7.263595287997057,50.31950478207126,235.51553248719375,74906.33662659068,62317.22810447684,40687.69899352307,50599.54132929043,55467.5660427264,19140.402260579438,13522.566324733938,13664.35026473244,80395.31800205966
7.711484370043872,50.683695974616,92.65864287133166,28661.490003547086,24208.9130347781,15768.878224845,18472.16963788174,19140.40226057944,8585.624098756982,5458.197920688349,5939.047138685758,32863.74016077394
8.633178914137536,40.79512669646571,63.70208879640281,20464.726284217246,17850.6886431638,10510.608600162968,13489.45463052496,13522.566324733938,5458.197920688349,4057.956117024789,3999.9890375455893,22817.456315752635
9.244525538074111,59.878837537426016,67.21076614968581,20955.03071231425,18692.927535192073,11631.54833477633,13659.873690867778,13664.35026473244,5939.04713868576,3999.9890375455893,4517.287086427752,25165.609860539567
8.84099988904491,87.86935945006813,409.08876261746974,115367.46202870517,114171.40588572604,69159.537596993,88765.09237929038,80395.31800205966,32863.740160773945,22817.456315752635,25165.60986053957,167353.6156998925
