v,mu,sd,comat,,,,,,,,
6.116455395767694,91.33859400106886,251.00131018350865,63001.6577138379,76429.01814213737,11284.919430095477,66555.8037162217,70855.80799609494,10018.334342491169,19129.652082061908,7033.038441874069,90923.73935634771
7.615816707003381,93.6597911418031,358.2364311012035,76429.01814213739,128333.3405681273,16995.453754829265,83938.84624786353,102664.11592264853,14582.645872667665,29010.253364492502,10082.430130284878,144472.8071079095
7.753507282905906,30.37797992057099,52.22174045100057,11284.919430095477,16995.453754829265,2727.110175731669,12691.577160204846,15961.311969474646,2106.73391477257,4164.717881827706,1516.375647878627,18956.02429833216
5.2280097506640315,67.27756871159052,288.4937002785557,66555.80371622171,83938.84624786353,12691.577160204846,83228.61510041315,85749.91577484118,10879.932843200062,21801.056178783114,7311.810245095261,102292.62278090802
6.803644176738864,91.25134237313496,319.80884298589217,70855.80799609494,102664.11592264853,15961.311969474644,85749.91577484115,102277.69605197501,13142.113603075884,24852.387088483767,9034.718844242358,118188.68209175848
6.115404708456444,20.463391067192262,43.517135837963394,10018.334342491169,14582.645872667665,2106.73391477257,10879.93284320006,13142.113603075884,1893.741111539758,3398.9187367040126,1308.5876602928702,16670.309052556026
8.443630809106782,60.87986193011885,88.09301638329251,19129.652082061908,29010.2533644925,4164.717881827706,21801.056178783114,24852.387088483763,3398.9187367040136,7760.379535507042,2477.335726711156,35467.01396275484
5.818657125004496,30.604616833101513,30.84754416769961,7033.03844187407,10082.430130284878,1516.3756478786268,7311.81024509526,9034.718844242358,1308.5876602928704,2477.3357267111564,951.5709811781783,11976.673467105355
5.351624334027502,90.17352053446533,425.7371291643374,90923.73935634771,144472.8071079095,18956.02429833216,102292.622780908,118188.68209175851,16670.30905255603,35467.01396275484,11976.673467105355,181252.10314909168
