v,mu,sd,comat,,,,,,,,
6.923865597583719,43.726969705084265,199.88768486296274,39955.08655987511,9070.679445096126,21781.19505040391,39605.953956024896,9039.151261063738,22000.34914058276,23710.410134440637,19521.990191640452,22865.330593176965
9.298539232953095,27.4471913864203,50.577296596693856,9070.679445096124,2558.06293102994,5502.254914902452,9698.27765154225,2172.2425985482096,5407.146187089043,5978.84070067756,4487.259300231843,6194.2428323248305
9.7209981790371,38.83443207376099,119.70889511516678,21781.195050403905,5502.254914902452,14330.219569693996,20563.197891337357,4997.326918266516,12627.501798375148,13819.175830456299,11618.21574125549,14399.86139507101
8.514124468053648,60.54746487868001,208.83089622627423,39605.953956024896,9698.277651542252,20563.19789133736,43610.3432186689,9305.38172445417,22079.747512477763,24431.816121634914,18808.652230490432,22732.55699628672
8.168170485857035,33.05619444642151,46.709922552598925,9039.151261063738,2172.2425985482096,4997.326918266516,9305.381724454171,2181.8168648697906,5116.754251859672,5647.64484367349,4624.965895679515,5535.071731993082
8.02980640995299,99.90226764725385,114.68016639603421,22000.349140582763,5407.146187089043,12627.50179837515,22079.747512477763,5116.754251859672,13151.540564622097,13387.934979049714,11753.126731003289,14204.429062126439
6.000634214299522,54.55063727661669,125.84199261854809,23710.410134440634,5978.840700677561,13819.175830456299,24431.816121634914,5647.644843673489,13387.934979049714,15836.207106206717,12120.926589040422,14843.285971999481
6.936939438333506,67.20399616333302,107.68282860798791,19521.990191640452,4487.2593002318445,11618.21574125549,18808.652230490432,4624.965895679514,11753.126731003289,12120.926589040422,11595.5915770173,12612.110333634413
6.294915818757158,95.67775087175768,129.5345178233855,22865.330593176965,6194.2428323248305,14399.86139507101,22732.55699628672,5535.071731993081,14204.429062126437,14843.28597199948,12612.110333634411,16779.191307736975
