v,mu,sd,comat,,,,,,,,
7.473008227690107,29.973317064593665,35.93173508249771,1291.0895860387966,4160.101919395133,2259.607396065236,9972.263312156947,1548.559736767243,12355.201925111438,5103.101664595821,6843.906791540111,993.2930795186273
6.1404155222466805,48.95574279616755,128.89440471052774,4160.101919395133,16613.76756568131,7577.425704704321,33652.098482294896,5053.965925492702,43583.52398526727,17990.979211584272,23196.93406837352,3465.5509449203128
6.277369618786057,51.269130663428605,65.73026128479417,2259.6073960652357,7577.425704704322,4320.467248567312,17792.488797888,2720.7686232160627,23480.93690149501,8597.93428284882,12412.745392741808,1895.4158539084951
6.981649548613884,60.300318060730575,298.3712315556407,9972.263312156947,33652.0984822949,17792.488797888007,89025.39182002979,12949.459877378453,100087.92592114351,40706.88582292082,56098.746875291115,8396.63562298185
6.88657548845562,24.863403319776364,45.98497564147729,1548.559736767243,5053.965925492702,2720.7686232160627,12949.459877378453,2114.61798474726,15341.29757245484,6225.662192703373,8498.930393053835,1279.0249573743558
9.982871150773246,96.30782970317159,368.6486804021182,12355.201925111436,43583.52398526727,23480.936901495006,100087.92592114351,15341.297572454836,135901.84956222307,51425.231629730704,68552.91175207979,10642.547348659835
7.040986001665985,61.33198024983591,154.76570948332545,5103.101664595821,17990.979211584272,8597.93428284882,40706.88582292082,6225.662192703373,51425.231629730704,23952.424831877095,26410.75793313896,3945.319259141648
8.859469974198568,65.68034715816242,197.67907852562377,6843.906791540111,23196.93406837352,12412.74539274181,56098.746875291115,8498.930393053835,68552.9117520798,26410.757933138964,39077.01808673972,5683.235045994362
8.802683440044422,13.530342096144148,29.613841719625526,993.2930795186272,3465.550944920313,1895.4158539084951,8396.635622981848,1279.0249573743558,10642.547348659835,3945.3192591416478,5683.235045994363,876.9796213950332
