v,mu,sd,comat,,,,,,,,
5.575272831948895,63.60901270298504,89.90561741232074,8083.020042290592,4377.020408722163,10213.618533289087,28791.049592875443,11787.994555242367,24379.884047267766,30814.183262607035,15365.627800419119,13891.190389239084
8.045332696397407,51.56041780156094,60.78032847018586,4377.020408722163,3694.2483289436855,8171.5781110295375,18928.080369165415,8042.077142953564,16559.535882797387,22353.987142717473,11328.115491999475,8896.570438441651
5.666954820929941,34.60460958436932,138.70076853896072,10213.618533289085,8171.578111029537,19237.903193298353,45426.867858096295,18471.16006072945,38169.10701551648,53311.52618890653,27275.014844601472,20783.977755292224
6.2029480998267434,72.97241322016615,347.80235459909795,28791.04959287544,18928.080369165415,45426.867858096295,120966.47786467664,46623.12130002733,98716.92755879064,130569.11550549668,65516.60284669336,51644.620153499156
6.635695279055699,78.8050598373331,146.64944384639531,11787.994555242367,8042.077142953565,18471.16006072945,46623.121300027335,21506.059380457053,39333.67301449605,54728.189528165036,28447.36850385353,23199.600444482792
9.295687454742989,90.9722621601588,291.9351372144704,24379.884047267762,16559.535882797387,38169.107015516485,98716.92755879067,39333.67301449606,85226.12434043165,109583.89129034356,56023.35410460417,45398.073270394576
8.330451065490129,85.26529931980134,399.8906671329106,30814.183262607035,22353.987142717473,53311.52618890654,130569.1155054967,54728.189528165036,109583.89129034356,159912.5456600043,78463.1269510911,63230.107450946336
7.705811061417019,83.75132149921848,215.80973454511172,15365.627800419119,11328.115491999473,27275.014844601475,65516.602846693364,28447.36850385353,56023.35410460417,78463.1269510911,46573.8415244316,33828.7751389008
5.145069122121802,61.827872975302036,168.83908057496365,13891.190389239082,8896.57043844165,20783.977755292224,51644.62015349916,23199.600444482785,45398.07327039457,63230.10745094632,33828.77513890079,28506.63512939907
