v,mu,sd,comat,,,,,,,,
9.464300757180009,39.94334259874066,172.26072739211915,29673.75820166199,7699.302833066408,19888.276948042163,22334.942196900985,43754.78164446111,4612.313442653173,46516.7679136209,50881.79344960461,9512.85581795651
6.659899026505887,31.25329364610071,46.96224185085692,7699.302833066408,2205.4521596583772,5456.076172226841,5906.616413112686,12084.71675130945,1250.4467626948872,12576.06959198762,13292.622454327107,2558.771647357351
9.106145615289158,58.46420255180424,120.98324959252479,19888.276948042163,5456.076172226841,14636.946681967149,15209.614896762103,31273.13953108324,3167.504306216339,34827.480832336456,34261.47316975758,6491.708676053209
5.208483128626249,78.62831818910404,135.05399507801292,22334.942196900985,5906.616413112686,15209.614896762101,18239.581586531942,34741.40339646842,3819.639652023197,37294.50998084015,40368.806478031256,7347.197243079771
5.538283399679839,79.40938377706208,272.53183648175053,43754.78164446111,12084.71675130945,31273.139531083238,34741.40339646841,74273.6018961156,7528.180523926662,76848.05461588078,84061.75185353668,15867.256825797467
7.975260321031201,8.96614323458756,29.096036151555417,4612.313442653172,1250.4467626948874,3167.504306216339,3819.639652023197,7528.180523926661,846.5793197326196,8427.593983658353,8789.27720744437,1640.1837146200248
7.649086810964108,68.47308480855949,325.49163096858445,46516.76791362088,12576.069591987622,34827.480832336456,37294.50998084015,76848.05461588078,8427.593983658353,105944.80183058916,88691.39461903254,17197.144129586042
7.094037142783272,79.67055658713652,318.8194099711862,50881.79344960461,13292.622454327111,34261.47316975758,40368.80647803126,84061.75185353667,8789.27720744437,88691.39461903255,101645.81617437533,19156.518201328574
6.677039246366646,52.21984270428256,61.14578076297763,9512.855817956512,2558.771647357351,6491.708676053209,7347.197243079771,15867.256825797469,1640.183714620025,17197.144129586042,19156.51820132857,3738.8065051141257
