v,mu,sd,comat,,,,,,,,
8.281320926164785,93.02222282395657,399.2332704842282,159387.20426153293,39397.3511239324,33751.845814087676,122198.69591189132,50070.32116424115,50920.14557139784,81090.17912759862,72477.89507110245,39338.094568366
9.774506884566136,36.492898325158464,103.7539236572167,39397.3511239324,10764.876674267553,8846.031962652754,31471.07713147774,13197.686754336752,13058.441368032727,22666.37717522576,20968.859363874395,10114.99049834156
9.854380174969082,54.78339715277976,95.93478605257962,33751.845814087676,8846.031962652754,9203.483174954225,32311.328160619796,12185.582410081,13217.714418779227,21906.886660934702,19460.908230103654,10536.34563792754
5.489160886576936,94.44974007609707,362.63007202457914,122198.69591189132,31471.077131477734,32311.328160619796,131500.5691365514,47456.593394990414,50376.59787658534,87015.64314898083,71586.62890472241,38897.74281226394
6.203724578905905,66.65347735437115,140.58863764996482,50070.32116424115,13197.686754336752,12185.582410081,47456.593394990414,19765.1650362731,17998.951505642184,31784.115084430723,26293.582126660815,15444.205314298515
9.343209934568952,41.5982274037529,146.29034258604662,50920.14557139785,13058.441368032727,13217.71441877923,50376.59787658534,17998.951505642188,21400.864333942885,34492.885272507825,30934.54997533278,15043.85401226704
7.737264672262567,51.676704244077314,255.63139569001137,81090.17912759862,22666.37717522576,21906.886660934702,87015.64314898083,31784.115084430727,34492.88527250782,65347.41046242317,54780.043111475316,26174.771570496734
8.59576648964379,48.31836842381743,229.85742865721693,72477.89507110247,20968.8593638744,19460.908230103654,71586.62890472243,26293.58212666081,30934.54997533278,54780.04311147532,52834.43750890756,21588.81921016473
9.62841840245326,84.34037204099975,120.66412459918067,39338.09456836601,10114.99049834156,10536.34563792754,38897.74281226395,15444.205314298515,15043.854012267038,26174.771570496738,21588.819210164733,14559.8309652866
