v,mu,sd,comat,,,,,,,,
8.031771688882376,7.041855091440916,13.99808005525021,195.94624523319368,2411.6114963250234,314.98473440122586,870.645843302754,361.3802637014245,2823.6672803399456,4736.866193841159,791.8207266863187,1755.9208832370769
8.287557843089079,61.561061833290694,183.02420435947397,2411.611496325023,33497.859381418486,4044.76704263281,11010.557920857604,4502.83313901053,36675.46746092679,61872.466495745306,10588.42974861005,24051.26032100039
6.53620504671785,9.863251251395122,25.00976233263993,314.9847344012259,4044.76704263281,625.4882119351352,1457.0997515947984,640.1845450280595,4689.103419477362,8554.773346273429,1440.94489102103,2931.4186433085097
9.81001742575421,22.67526988703621,66.54675171479096,870.6458433027542,11010.557920857604,1457.0997515947986,4428.470163790034,1553.8761756763527,12546.809982940731,20080.576177075243,3568.988388233964,8109.3825242798
7.679594536656468,7.56894480552651,28.532826524397233,361.3802637014245,4502.833139010531,640.1845450280596,1553.8761756763527,814.1221894713465,5469.268024353201,10692.075395642478,1692.9606059634098,3375.1699271299453
8.298173454433183,50.38771238083072,210.82989088985488,2823.6672803399456,36675.4674609268,4689.103419477361,12546.809982940731,5469.268024353201,44449.242892628106,70203.11455704033,12152.67243039697,26322.658112786696
9.996882644116358,84.68147050713645,387.8746106797899,4736.866193841159,61872.466495745306,8554.773346273429,20080.576177075247,10692.075395642478,70203.11455704035,150446.71360999864,24262.53437237844,46458.739945772504
8.754919634660956,14.605427168292296,66.14834613262613,791.820726686319,10588.429748610051,1440.94489102103,3568.9883882339636,1692.9606059634098,12152.67243039697,24262.53437237844,4375.6036960817155,7961.356926072499
7.692611018347336,39.85371834756952,134.22068302646386,1755.920883237077,24051.260321000387,2931.418643308509,8109.3825242798,3375.169927129946,26322.6581127867,46458.73994577251,7961.356926072499,18015.191752090483
