v,mu,sd,comat,,,,,,,,
5.567442359468248,67.78686715128372,217.05339250109347,47112.17519623374,35469.653562655934,7052.652433523018,34473.32005980579,24486.7920360163,46826.07444057797,2122.0648915545994,26830.615020581055,49169.38234341866
9.872415472182283,80.98045380375133,182.94320773436647,35469.653562655934,33468.21725613957,6123.368651309909,26829.13970047003,20299.502899449326,36167.35245820046,1891.260683436322,23853.3180837332,43224.90717945148
8.643673167505531,8.681542189252028,36.75194192922693,7052.652433523018,6123.368651309909,1350.7052355692688,5729.538941076136,3904.1301109170595,7484.617301612044,367.41161799035746,5165.0300462191835,8488.014763804858
6.757339029463507,80.62520874640003,170.89940598360187,34473.32005980579,26829.139700470027,5729.538941076137,29206.606965547973,20163.735111687583,36884.517929074245,1746.4708936148156,23185.989089099916,40133.41849355168
8.538025691295406,48.26676332353212,125.03971157291238,24486.7920360163,20299.502899449326,3904.1301109170586,20163.73511168758,15634.929470237119,26902.68589816883,1293.5867861010647,17326.04646883402,29742.5992827136
8.998023008300269,95.57597669571258,229.26067975308627,46826.07444057798,36167.35245820047,7484.617301612044,36884.51792907424,26902.685898168835,52560.459280847186,2315.863356122797,31600.895577264397,51847.034526821946
8.227809272541462,10.645535601550932,10.788154135929807,2122.0648915545994,1891.260683436322,367.4116179903574,1746.4708936148154,1293.5867861010647,2315.863356122797,116.38426966057938,1528.8373876246226,2619.3224864200993
7.072998035940832,63.10520347120431,150.286757392559,26830.615020581055,23853.3180837332,5165.030046219183,23185.989089099912,17326.04646883402,31600.8955772644,1528.8373876246226,22586.109447569885,34528.59966924723
8.530155056365047,50.485530984557236,248.97616567379458,49169.38234341867,43224.907179451475,8488.014763804858,40133.41849355168,29742.599282713596,51847.03452682194,2619.3224864200993,34528.59966924723,61989.131073624805
