v,mu,sd,comat,,,,,,,,
7.609578582501274,67.59442028254807,155.58159881518367,24205.63388988876,38687.6124491945,3037.002122141699,15435.63468789537,4394.717866536854,7191.26976278432,18030.550124900983,41950.630631094595,3786.7059819253623
8.49703183507332,68.67839983139459,277.4565368669545,38687.61244919451,76982.12985020367,5636.2447486944175,27402.606344360083,7737.412997124965,12921.566991975751,31458.341747306236,78110.0483351952,6114.0469365888375
6.349344855364752,17.126907424723235,23.263632791243367,3037.002122141699,5636.2447486944175,541.1966106458138,2358.7778235564847,605.029151336424,1037.8127648404104,2560.0460688921744,5842.254863326565,460.9977139473522
8.372409373444961,25.549569173558783,110.50654461461261,15435.634687895366,27402.606344360083,2358.7778235564842,12211.696402661366,2961.747400987502,4947.417604492589,13106.390331868157,28152.94202241017,2275.0585329175447
9.540360416566575,22.120334186726865,29.681822358077692,4394.717866536854,7737.412997124964,605.0291513364239,2961.747400987502,881.0105784964807,1483.886935481141,3431.383610201794,8642.282994634978,714.3426376697284
8.425751020797037,22.089857231017998,52.68461087746664,7191.269762784321,12921.56699197575,1037.8127648404104,4947.417604492589,1483.8869354811409,2775.668223310076,5553.711733666233,13417.829774228143,1156.193937202001
6.0582667199653875,43.109552318510985,121.82028184499305,18030.550124900983,31458.341747306233,2560.0460688921744,13106.390331868157,3431.383610201794,5553.711733666233,14840.181068793545,34103.63185012727,2774.699882887712
6.586330370630902,67.77101028920964,305.5806494112866,41950.63063109459,78110.0483351952,5842.254863326566,28152.942022410167,8642.282994634978,13417.829774228145,34103.63185012726,93379.53329462362,7086.84930895317
6.336497024814774,6.274411990109684,25.17074822855509,3786.7059819253623,6114.0469365888375,460.9977139473523,2275.0585329175447,714.3426376697284,1156.193937202001,2774.699882887712,7086.84930895317,633.5665663853093
