v,mu,sd,comat,,,,,,,,
5.533691011276554,26.57198529802893,86.38706161412082,7462.724414321907,19140.15204868021,18836.919181049707,15454.050462778368,4266.278010081138,35401.55052328947,13690.318712324493,4063.902525944043,26084.391279889333
8.421713166393436,77.02401351551046,246.36951861571268,19140.15204868021,60697.93970293798,50159.050110802265,42926.390294634155,11405.589405712612,107006.52994833632,40542.97254029748,10952.626224384387,71947.52889427813
7.674813086955436,77.08112648969067,246.91366298293877,18836.919181049714,50159.05011080227,60966.35696765226,44427.26933715913,12163.743423843644,96272.58059219354,36104.96175940953,11600.95383928917,72074.28847395557
6.845935383749826,50.57780343911391,193.74857062396825,15454.050462778368,42926.39029463415,44427.26933715913,37538.50861883081,9825.168080666366,79142.37405300883,30445.456686313482,8801.84728440689,57269.75135259443
7.063073218632175,53.07173710795877,56.32270900448065,4266.278010081138,11405.589405712613,12163.743423843642,9825.168080666366,3172.2475496034062,24059.811592643742,8680.543735381143,2394.3431268836734,15875.931708582491
7.939237380125903,92.56247942755209,458.6529538397677,35401.55052328948,107006.52994833633,96272.58059219352,79142.37405300883,24059.811592643742,210362.53206594413,77629.01042039832,20424.378110109094,132667.4289948893
8.58036894145998,68.19099291438886,176.45008365192558,13690.318712324493,40542.97254029748,36104.961759409525,30445.45668631348,8680.543735381141,77629.0104203983,31134.632020771536,7760.184519298404,48890.98217035663
5.866670193871999,15.208719965942292,50.29827185630254,4063.902525944043,10952.626224384387,11600.95383928917,8801.847284406891,2394.3431268836734,20424.378110109097,7760.184519298403,2529.9161517305165,15076.932262205588
5.333711467351353,70.88549095826018,311.5736341903807,26084.391279889333,71947.52889427813,72074.28847395559,57269.75135259443,15875.93170858249,132667.4289948893,48890.98217035664,15076.932262205588,97078.12952260116
