v,mu,sd,comat,,,,,,,,
9.800086516679592,17.931661599607715,73.10111643355916,5343.773223832772,10803.672577342693,22925.549012798674,9052.433465665395,3861.4047758195898,2376.4902785103995,10239.854240301956,3823.8311169745584,9685.736764077914
8.497560249747881,50.08550399562332,154.0856827456199,10803.672577342695,23742.39762718382,47886.14731462526,19909.905443597356,8397.07531803624,4825.502219934407,21932.384704040913,7620.271745096388,19783.285976129242
9.999336463119395,94.69833935093496,338.4614717628403,22925.549012798674,47886.14731462527,114556.16786786793,40968.73374052279,17286.68690515552,10067.845178976733,45202.35117623354,16225.291477143412,43163.97035932624
6.100336498914259,46.633785410007,133.14649113914777,9052.433465665395,19909.905443597356,40968.73374052279,17727.988102667157,6932.527575983513,4133.45209563606,18128.452077862705,6068.451124421854,16278.52996376971
6.80528176982029,28.63898811374895,58.05230223994076,3861.4047758195893,8397.07531803624,17286.686905155515,6932.527575983512,3370.06979535743,1619.8844903728188,8742.711590390376,2839.2693448086557,7368.049126542539
8.699204951047186,7.1844361477450125,33.97965539381907,2376.4902785103995,4825.502219934407,10067.845178976731,4133.452095636059,1619.8844903728188,1154.6169806826977,4335.073920946978,1684.5587489877723,4058.0265673889467
9.982278625445485,42.26460560178372,151.86304617759296,10239.854240301955,21932.384704040913,45202.35117623353,18128.452077862705,8742.711590390374,4335.073920946978,23062.38479433773,7659.480038389501,19466.679898645714
6.581734888953042,38.8902549471836,56.07047592100595,3823.8311169745584,7620.271745096388,16225.291477143412,6068.451124421854,2839.2693448086557,1684.5587489877726,7659.480038389502,3143.8982700081083,7309.296083739321
5.682722899117623,47.61302906096422,136.9205660723303,9685.736764077916,19783.285976129242,43163.97035932623,16278.52996376971,7368.04912654254,4058.0265673889467,19466.679898645714,7309.296083739321,18747.241413567368
