v,mu,sd,comat,,,,,,,,
7.717024708954828,67.47435652525346,277.53261253734496,77024.35102180406,63911.03133936144,34082.14052523792,73609.14091686597,113031.26124445358,5573.530416606767,23555.48805085905,40671.35300137966,32341.18935581088
6.391846925468981,79.06184786802122,272.07653426246696,63911.031339361434,74025.64049627537,28690.44747736627,75469.15369790394,116637.40749235485,5428.465645718132,23378.721938964754,41298.79995296774,29144.886384814065
7.122587953745665,34.35503310981821,130.23785650775238,34082.14052523792,28690.447477366273,16961.899267733897,35516.27395953589,53329.63024839805,2574.5051741181755,10683.44831600189,20588.869950174405,14700.027435303922
9.22388066159952,86.66373809426119,303.435315559682,73609.14091686597,75469.15369790397,35516.27395953588,92072.9907288038,137202.23501244796,6080.352152602714,25662.922908175,49824.402899110646,36269.09734804784
5.023594280954863,98.32874381290722,482.40086710336084,113031.26124445356,116637.40749235485,53329.63024839804,137202.23501244793,232710.59658207445,9564.991606246656,40439.46154369478,78879.67497694585,57790.328782323246
5.607845603915571,20.83594246389152,22.767695736228493,5573.530416606768,5428.465645718132,2574.5051741181755,6080.3521526027125,9564.991606246655,518.367969137477,2138.0633232585205,3774.890603066634,2477.9437578382986
8.353745423633892,20.27073210817276,95.15055909847271,23555.488050859054,23378.721938964758,10683.448316001888,25662.922908174998,40439.46154369477,2138.0633232585205,9053.628896751945,15556.794626543788,10548.263775318334
9.129263775525239,95.58723573855572,176.25461112170711,40671.35300137967,41298.79995296775,20588.86995017441,49824.402899110646,78879.67497694587,3774.890603066634,15556.794626543791,31065.687941664208,19644.178762014468
5.683532948424765,39.249898827387774,125.50159257601106,32341.18935581088,29144.886384814068,14700.02743530392,36269.097348047835,57790.328782323246,2477.943757838298,10548.263775318334,19644.178762014464,15750.649739115071
