v,mu,sd,comat,,,,,,,,
9.620175577872127,86.88635646239808,136.2164421556276,18554.919113537442,17427.036614491317,14842.298924302218,44439.478657569314,1666.5026231111433,1812.900391601829,4122.651094106111,11934.863805855543,10950.765454535407
5.78935290267396,56.74081654144671,139.53751005439182,17427.036614491313,19470.716712179496,15316.026256144596,46029.266247249165,1657.5902965415999,1999.9844562810213,4189.508178355873,13101.503084823358,11820.789056238451
9.334575384078986,56.27689881409537,116.60661577775167,14842.298924302217,15316.026256144596,13597.102843140206,37819.39995027087,1500.3500012065174,1615.1603025305674,3628.2544311273896,10660.926290840704,9824.596242116717
5.420784704307291,78.34172756792044,356.11217473333954,44439.47865756931,46029.266247249165,37819.39995027087,126815.88099330856,4344.986675820735,5234.746229191049,10381.67631597302,32290.496775448,29662.811368949555
7.867868419688138,6.028776460679282,13.295012368213907,1666.5026231111433,1657.5902965415999,1500.3500012065174,4344.986675820735,176.75735387096074,174.4675147549125,394.9427735686965,1126.156716353202,1112.403374290707
6.409698834314564,8.070292767814944,15.203458926705617,1812.9003916018287,1999.984456281021,1615.1603025305672,5234.74622919105,174.4675147549125,231.14516333602475,452.95202355537987,1406.6850532696953,1225.625150259681
6.281402789050027,29.18883623974475,32.43172233759504,4122.651094106111,4189.508178355873,3628.2544311273905,10381.67631597302,394.9427735686965,452.95202355537987,1051.816613782861,2819.6527493922604,2607.052330570733
7.819902059791568,30.821079772192324,99.07608473165372,11934.86380585554,13101.503084823358,10660.926290840702,32290.496775448,1126.156716353202,1406.6850532696953,2819.6527493922604,9816.070565753826,8251.209226931918
6.099116759093381,27.68961265107124,88.16168809260245,10950.765454535407,11820.789056238451,9824.596242116717,29662.811368949555,1112.403374290707,1225.625150259681,2607.052330570733,8251.20922693192,7772.48324733732
