v,mu,sd,comat,,,,,,,,
6.073434445084134,71.85807714079809,319.50593857327567,102084.0447835898,9944.39719136856,62652.36649827841,22728.952556426102,24455.46778240408,12500.967436943009,52424.29009453267,42881.081699108,6569.253185723721
9.547511856708319,7.350827626609376,34.79990245280351,9944.39719136856,1211.03321072464,6932.048124707823,2212.5533188362274,2715.8982084349377,1422.5919260268693,6155.4165780056655,4472.212484336336,667.2863394603343
9.086176865817285,84.14468641275779,213.83520614472985,62652.36649827842,6932.048124707822,45725.49538695911,14591.422086424755,16752.771196430316,8422.644640730137,34266.53734289801,29048.272155595456,4025.3554280435264
9.519402373675536,27.997622034419358,72.47985856375546,22728.952556426102,2212.5533188362274,14591.422086424755,5253.329897421994,5695.830367884981,2797.793641207215,11810.230404194952,9731.118706779545,1478.610569079073
8.53439634987214,17.4467805612979,84.76051562843202,24455.467782404077,2715.8982084349377,16752.771196430316,5695.830367884982,7184.345009597669,3166.5688853651727,15099.728269526948,11206.09739438478,1585.8690021780476
5.590381006704423,23.583101876336087,43.38046168942862,12500.967436943007,1422.591926026869,8422.644640730137,2797.7936412072145,3166.5688853651723,1881.864456387984,7633.540797779606,5204.3619324147285,803.093285441262
5.462004075378271,70.53745592988186,196.32108020910744,52424.29009453266,6155.416578005665,34266.537342898,11810.230404194948,15099.728269526946,7633.540797779608,38541.9665344708,24020.44985106167,3534.6698543515295
7.809869991563398,43.26931641545106,145.43552623214072,42881.081699108,4472.212484336336,29048.27215559545,9731.118706779544,11206.09739438478,5204.361932414728,24020.449851061665,21151.49229041969,2891.2632181087124
7.857059825930879,10.48190371229093,21.98141038617891,6569.253185723721,667.2863394603341,4025.3554280435264,1478.610569079073,1585.8690021780476,803.0932854412619,3534.66985435153,2891.263218108712,483.1824025656142
