v,mu,sd,comat,,,,,,,,
8.8885120528691,56.94383830774275,215.64058572121013,46500.86221018658,38573.94589113624,23550.98238815809,19092.276888046963,7211.2006094966155,8183.254161994278,5635.285658482238,10245.26197618836,2829.7953776741474
6.1877061001745615,96.49431738177822,203.68851511640486,38573.94589113623,41489.01119032588,21872.654470184978,18471.395252905655,6945.363241998998,8092.727570785316,6492.309707112535,10289.306166098508,2772.999159943722
9.121392663306843,27.194513875556854,119.18507555437195,23550.982388158092,21872.654470184978,14205.082234901354,11145.438860945815,4051.187455650006,5059.6620055144485,3372.964719028828,5919.877429034086,1525.0927991784292
9.828745990214998,26.300184709354205,98.77363641267911,19092.276888046967,18471.395252905655,11145.438860945815,9756.231250184128,3307.1382892739243,4150.344691309456,2885.040893718024,4876.103550148434,1253.803603356735
9.863005569524468,19.58199051294541,35.52941759555317,7211.200609496615,6945.363241998999,4051.1874556500065,3307.1382892739243,1262.339514679203,1404.906680749938,1064.3145310955492,1721.5829049161487,469.56871149377577
7.267246237086561,11.421894892339811,45.66408223862176,8183.254161994279,8092.727570785317,5059.6620055144485,4150.344691309457,1404.906680749938,2085.2084066956113,1290.1912933155763,2254.37046261191,624.882218590157
8.04521231380639,22.107542564711466,33.09593832859733,5635.285658482238,6492.309707112536,3372.964719028828,2885.040893718024,1064.3145310955492,1290.1912933155763,1095.3411338503176,1598.1200199909983,477.6897339594446
8.877632573024233,26.356691021335656,55.81920745524431,10245.261976188358,10289.306166098508,5919.877429034085,4876.103550148434,1721.5829049161487,2254.3704626119097,1598.1200199909981,3115.783920931601,739.5482805769451
8.208066723795346,8.21306444915997,16.570652059394344,2829.7953776741474,2772.999159943722,1525.0927991784292,1253.803603356735,469.5687114937757,624.8822185901569,477.6897339594446,739.5482805769451,274.58650967351
