v,mu,sd,comat,,,,,,,,
9.350620683136059,49.59239864913756,209.40145312443184,43848.968570623634,5036.746595891308,50237.35484904835,8317.055503124284,72234.36394146335,34431.502396295284,46588.80364134381,20319.944608654878,12907.350838365703
7.911384643362799,13.136413043604557,25.97749409117298,5036.746595891307,674.8301992569269,6169.644686583627,1152.7310777083474,9383.530927836377,4314.530057255066,5628.011514995936,2765.235643480164,1509.909215837363
6.394194703505345,89.8165307090537,261.765278005539,50237.35484904835,6169.644686583628,68521.06076931715,10389.47254819541,93491.77247959215,40237.15928448183,58858.30258148068,25894.675448204092,15028.491368506586
5.929556160450896,23.088064244505198,46.45727026799332,8317.055503124284,1152.7310777083474,10389.47254819541,2158.277960753376,16023.432815431162,7110.39710919229,9555.010796812725,5166.974040415185,2374.581553943556
7.055500639625566,77.42222853070587,374.27151424449573,72234.36394146334,9383.530927836377,93491.77247959217,16023.432815431162,140079.16637486778,59838.71657454736,83363.27222629702,38883.46636239051,22853.435951726755
5.5868777356735775,77.42016471670141,176.520182479328,34431.50239629528,4314.530057255066,40237.15928448183,7110.3971091922895,59838.71657454736,31159.374822535272,35737.28281352456,17677.89797131404,10534.749948487177
8.424843721870676,80.20023352683117,237.2390430925648,46588.80364134381,5628.011514995936,58858.302581480675,9555.010796812725,83363.27222629702,35737.28281352456,56282.363567475826,22544.901801701104,13532.863784823641
7.188055298298252,33.15331502745208,112.98135323584678,20319.944608654878,2765.2356434801645,25894.675448204096,5166.974040415185,38883.46636239051,17677.89797131404,22544.9018017011,12764.786179003187,5810.338304415097
7.781146625859851,26.085333320826706,66.36866533225667,12907.350838365703,1509.909215837363,15028.491368506586,2374.5815539435566,22853.435951726755,10534.749948487175,13532.863784823641,5810.338304415097,4404.79973798509
