v,mu,sd,comat,,,,,,,,
7.179974510710019,88.75696239611212,364.9715263320665,133204.21503315828,25036.87715891066,103792.74585311003,35207.67430676623,98270.42464195492,23878.053861985958,77217.62082207065,60444.02227232094,95620.44306319044
5.129631159139457,17.725649776310647,79.33409699610417,25036.877158910655,6293.898946187262,23436.710525903796,7786.253569577422,22929.16645833143,6072.930391997102,18041.507442790855,14550.613364319119,22348.925156861027
7.748312389393545,76.13389843630118,319.33165476376746,103792.74585311003,23436.7105259038,101972.70573416597,31381.518806269265,92083.63715530022,21704.054240892514,72109.5732241441,55252.019092635,83437.55726554614
7.176611963091384,56.617796905470755,106.63122180138055,35207.67430676624,7786.253569577421,31381.518806269265,11370.217462855215,30115.29883399843,7377.01451153707,23936.98583239821,17996.00668708444,27642.87748605364
7.101839010437445,92.25357142601204,310.74123892995294,98270.42464195493,22929.166458331434,92083.63715530025,30115.29883399843,96560.11757172212,21858.941040078946,64233.71856003578,51624.08030342652,79241.2609118596
6.651674105019371,37.89260139823891,77.87362006792483,23878.05386198596,6072.930391997102,21704.054240892514,7377.01451153707,21858.941040078942,6064.300702483503,16718.96573744911,13758.393981544988,21391.670431689767
6.023243170189213,91.82197033068753,245.98571863009687,77217.62082207063,18041.507442790855,72109.5732241441,23936.985832398204,64233.71856003577,16718.965737449107,60508.97376996518,42744.183446141746,67931.49321170883
8.096354831753318,56.31819398837743,193.38364788426438,60444.02227232093,14550.61336431912,55252.019092635004,17996.00668708444,51624.08030342651,13758.393981544987,42744.183446141746,37397.23526902516,52752.87903830753
6.498273368372615,83.493733701245,291.74820761216836,95620.44306319045,22348.92515686103,83437.55726554616,27642.877486053643,79241.26091185959,21391.670431689774,67931.49321170886,52752.87903830753,85117.01664491289
