v,mu,sd,comat,,,,,,,,
6.1099658554486975,44.08144349904077,217.78645184485504,47430.93860717137,20053.25343594261,12291.423284207998,34422.39353664819,35732.313557479734,51324.03378380486,41306.29247015005,7925.743168320488,62630.65352958527
9.353661530886882,81.13314538905166,98.64560570441589,20053.25343594261,9730.955524791088,5011.045261601445,14937.240139332735,14504.63452979144,24255.167536276396,17287.60925800753,3570.721442677492,27084.24993733316
6.0335957766971315,23.095388478272753,64.89054447441208,12291.423284207998,5011.045261601445,4210.782762185651,9776.34065802777,10835.579436429502,13615.029089416486,12100.028955262465,2373.400161840653,17197.3172334543
9.593054539689607,71.77949732620793,167.11649437328174,34422.39353664819,14937.240139332733,9776.34065802777,27927.9226916151,26232.41867422516,39193.809522883974,29275.7344453537,6147.17257369221,46909.958523556576
7.442055943974146,39.198403541274224,183.67910392477089,35732.313557479734,14504.63452979144,10835.579436429502,26232.418674225155,33738.013218606786,36114.6588269635,38064.76864788897,6348.729356300155,51179.40972288942
8.05871931451323,95.59489804409797,251.4856007117993,51324.03378380485,24255.167536276393,13615.029089416486,39193.80952288398,36114.6588269635,63245.00736537453,42626.36779959219,9162.877288308164,70677.7123267745
8.829539282401578,90.36425971404871,209.7366222399607,41306.29247015005,17287.60925800753,12100.028955262465,29275.7344453537,38064.76864788897,42626.36779959219,43989.45070862797,7253.73859463321,58189.5847372753
7.592089939364716,12.860164062598828,39.95486128839932,7925.7431683204895,3570.7214426774926,2373.4001618406533,6147.17257369221,6348.729356300156,9162.877288308162,7253.738594633209,1596.390940575231,10391.955779807078
6.48400250788111,67.7802171410466,309.8868946408322,62630.65352958525,27084.249937333152,17197.3172334543,46909.958523556576,51179.40972288942,70677.7123267745,58189.58473727529,10391.955779807076,96029.88747013822
