v,mu,sd,comat,,,,,,,,
6.4302691083025785,78.29175094004181,189.49600801775154,35908.737054663754,76472.87775597829,32549.60623301556,19882.488090462393,4650.500444266214,4332.150345705438,14723.743077022864,75462.04079673173,46723.391470236216
9.790527832595,98.70311580075523,456.74562727126545,76472.8777559783,208616.56803142175,77792.09897188724,50919.24452844921,11124.75102586454,10786.648371637148,34042.83851367977,171136.2398567801,112710.85073089146
8.85156466109439,57.26852425476947,190.7466212028087,32549.606233015555,77792.09897188723,36384.27350028779,19826.560623240708,4811.909052111355,4277.0480924981275,13582.100457094035,69166.62459131841,49476.159194359076
9.934350015462314,50.40619492010658,117.64792217915706,19882.488090462397,50919.24452844921,19826.56062324071,13841.033593073,3061.5589907007243,2666.994844528032,8660.8344246052,43838.15224220139,28552.166330508302
6.040827309523606,12.54546433817244,27.29130136124077,4650.500444266215,11124.751025864538,4811.909052111355,3061.558990700724,744.8151299900624,590.497812021618,2167.0645802108193,10263.603184313313,7043.950559394125
5.684585244219141,10.832214587876116,24.175048232784647,4332.150345705438,10786.648371637148,4277.0480924981275,2666.994844528032,590.497812021618,584.4329570574641,1797.8238722837266,9338.286939274485,6113.734336184172
9.541869011449501,20.71894867210206,88.16200952370318,14723.743077022866,34042.83851367978,13582.100457094033,8660.834424605198,2167.0645802108193,1797.8238722837268,7772.539923257529,33728.56130259387,21114.267013765766
5.343192589885602,89.7759782003698,415.8375557806964,75462.04079673174,171136.2398567801,69166.62459131841,43838.15224220139,10263.603184313315,9338.286939274487,33728.56130259387,172920.8727976638,106632.2108504532
5.3766636116982855,96.54234670179416,275.4662023550852,46723.391470236216,112710.85073089146,49476.15919435908,28552.1663305083,7043.950559394125,6113.734336184173,21114.26701376577,106632.21085045318,75881.62863993275
