v,mu,sd,comat,,,,,,,,
7.940654005386371,45.154304962770794,194.24745342116304,37732.07316060691,17939.215383970954,20942.515543068745,38834.99459488595,19517.72988104239,28464.60459740382,15147.07100999711,22688.08235452945,12506.523599786138
9.48856863954709,41.61343336411128,100.59564171615638,17939.215383970954,10119.483132285299,11255.374342862171,20163.994666162096,10094.648140403902,15851.474915802344,8635.205377798122,12591.63782304233,6744.26749701004
9.45765364737354,45.667459633491525,117.8339525583321,20942.51554306875,11255.374342862171,13884.840375519261,23131.88333447308,11942.659668929211,18389.52273196766,10181.319525010196,15547.374050953294,8386.708301327353
9.07918738653842,85.23982284401114,212.69852391570936,38834.99459488595,20163.994666162096,23131.88333447308,45240.66207592158,21397.267425983737,33354.69272362403,17254.69965036948,27389.68993989396,13749.615587789489
5.179447928084267,40.300192737661874,107.35051823997145,19517.729881042393,10094.648140403902,11942.659668929211,21397.267425983737,11524.13376639044,16814.037836035695,8943.98064462037,14119.760859580156,7307.851814255682
8.45878790879442,45.33172525450617,165.51607338530093,28464.604597403817,15851.474915802344,18389.522731967656,33354.69272362402,16814.037836035695,27395.570548888318,13727.165502012622,20945.404287397247,11315.942289009994
6.89340471002704,23.02871293355067,89.57972676189954,15147.071009997113,8635.205377798122,10181.319525010196,17254.699650369483,8943.98064462037,13727.165502012618,8024.52744673658,11956.517937037055,6044.173825531136
7.592554727240403,29.09779242571571,141.1445614512736,22688.08235452946,12591.637823042332,15547.374050953296,27389.689939893968,14119.760859580158,20945.40428739725,11956.517937037057,19921.78722727235,9286.379112918004
8.289757327794065,17.60281835283707,74.41040119856851,12506.523599786136,6744.267497010041,8386.708301327353,13749.615587789487,7307.851814255681,11315.942289009996,6044.173825531135,9286.379112918003,5536.9078065319245
