v,mu,sd,comat,,,,,,,,
9.11555170354896,95.70793872171518,394.3229499739248,155490.58887613838,81809.37081511262,31526.36163756136,12804.347372579034,13603.604224792916,39361.89240807809,28446.813450685626,102800.31142160822,69783.60053894184
5.130589907849337,85.60699028134265,222.36097404931047,81809.37081511262,49444.40278015813,16728.590853544843,7837.054427217979,7465.216597583181,21648.392580836633,16779.950522902953,61039.18135028846,42879.86489642331
6.053853199656469,80.70776640813716,86.41242182059301,31526.361637561356,16728.590853544843,7467.106644900102,2769.510157480014,3011.8982957467547,8069.027183326593,6247.751888498996,21150.075641103005,15470.999937738878
8.09210884674805,20.907156736073183,37.68076203999121,12804.347372579034,7837.054427217979,2769.510157480014,1419.8398279144426,1280.8414954600526,3536.3807001672553,3016.433436592335,10030.356047480049,7187.259385747296
5.4914223266844955,27.87205567774779,36.46445132461392,13603.604224792918,7465.216597583181,3011.8982957467542,1280.8414954600523,1329.6562104051377,3487.74323909472,2797.461545041556,9796.68451234915,7090.466550541628
8.100656549384293,74.52424152311801,105.27471386591635,39361.89240807809,21648.392580836637,8069.027183326593,3536.3807001672553,3487.7432390947197,11082.765379550563,7566.7843154213,27142.59072434547,18370.00171979114
5.269451097992219,44.39329401472435,83.66991647127082,28446.813450685626,16779.950522902953,6247.751888498997,3016.4334365923346,2797.4615450415554,7566.7843154213,7000.654922309435,22107.0397582367,14809.577073010878
9.803270289021192,94.29262944273275,285.0882769583604,102800.31142160822,61039.18135028846,21150.075641103,10030.35604748005,9796.68451234915,27142.590724345468,22107.039758236704,81275.3256590868,54481.90299937909
9.902146871075367,62.836522798840576,209.5294225239399,69783.60053894186,42879.86489642331,15470.999937738874,7187.259385747295,7090.466550541628,18370.00171979114,14809.57707301088,54481.90299937909,43902.578903215726
