v,mu,sd,comat,,,,,,,,
8.661336240344259,43.32537587281773,164.49348222348152,27058.105694006837,9496.922240702948,17549.338196369696,13955.951557991797,10297.055357169616,26887.216228188387,17272.1543398579,12342.718944854743,7060.86399431626
7.835945077254424,29.98668882829759,62.75990688321009,9496.922240702948,3938.8059119892014,6589.337719777089,5865.245098326423,3971.26380983802,10799.14675189702,7663.5344784770705,5054.069548256772,2887.468895095459
6.506119450249965,98.93656440056677,115.86000598810162,17549.3381963697,6589.337719777089,13423.540987562947,10556.58568443453,6648.0291312323425,19543.23229289402,12936.575418411614,9484.531455511531,5393.234197583787
8.902914627388359,25.378279335739652,106.18892453529881,13955.951557991795,5865.245098326423,10556.58568443453,11276.087693963385,6083.753616308825,17141.534148421488,12591.134027668026,8737.059261629607,4409.893802946064
7.489371389373092,19.360353803584253,66.86306352386896,10297.055357169616,3971.2638098380203,6648.0291312323425,6083.753616308824,4470.669263796936,10913.425182012605,7759.0339886611655,5149.924090611163,2882.081009445647
5.594550933046336,37.28987366452355,176.469802366437,26887.216228188387,10799.14675189702,19543.23229289402,17141.534148421488,10913.425182012605,31141.591147249328,21305.779536789785,14609.434431427298,8206.54177002374
6.942797613914351,53.46018161025802,128.26569782865175,17272.154339857898,7663.5344784770705,12936.57541841161,12591.134027668026,7759.033988661166,21305.77953678978,16452.089239470995,10147.252838913324,5812.920564009489
6.973213952696711,48.49544082407242,87.4154323650535,12342.718944854743,5054.069548256773,9484.531455511531,8737.059261629605,5149.924090611163,14609.4344314273,10147.252838913324,7641.4578155692425,3998.7890063220925
6.6876278911663825,10.979649819347358,49.02946189291712,7060.86399431626,2887.468895095459,5393.234197583787,4409.893802946064,2882.0810094456474,8206.54177002374,5812.92056400949,3998.789006322092,2403.888133509012
