v,mu,sd,comat,,,,,,,,
6.777095589026183,47.9610226801272,225.3571244477167,50785.83353934367,33297.616461993406,51190.009974950255,33881.26724158335,45489.58493710521,27053.121315360975,8333.00761138201,65479.43147642794,40119.1302428621
6.704244383446508,55.96309227418495,162.54624400658963,33297.6164619934,26421.28144064977,33737.88561547941,21994.541587101176,29474.858060563478,18207.06037069007,5816.463553984086,50599.34442280714,24739.192873392767
9.66553221140785,71.54892862686879,238.8501971554945,51190.009974950255,33737.885615479405,57049.41668121858,36018.83937119376,46744.44417822782,28714.037143815698,8467.510520495533,65322.059063626184,42666.984635136345
9.569095928225131,56.738319510917606,159.0268062292264,33881.26724158335,21994.541587101176,36018.83937119376,25289.52509946792,29679.613506654594,18095.02971026529,5308.476252416678,44543.04291389497,29126.128261606234
9.18732364188197,44.06784628562671,213.91532105615482,45489.58493710521,29474.858060563478,46744.44417822782,29679.613506654594,45759.76458255778,24669.157956787483,7301.993005968045,56456.68312230671,32780.34451501803
5.29744032862453,83.51431341767696,127.3383290243747,27053.12131536098,18207.06037069007,28714.037143815698,18095.02971026529,24669.157956787483,16215.050038719906,4512.969828212865,35201.95867831927,21688.543723821113
6.241051125605026,31.923341911629148,39.69778135650815,8333.00761138201,5816.463553984086,8467.510520495533,5308.476252416677,7301.993005968045,4512.969828212864,1575.9138446291265,12184.342705885509,6615.929403417432
7.5455972220480305,88.15231788921024,329.64670119124065,65479.431476427926,50599.34442280714,65322.059063626184,44543.04291389496,56456.68312230671,35201.95867831927,12184.342705885507,108666.94760626712,53106.4836736279
5.447721105234987,49.101351682633116,194.68475528451447,40119.13024286209,24739.192873392763,42666.984635136345,29126.128261606234,32780.344515018034,21688.543723821116,6615.929403417433,53106.483673627896,37902.15394019128
