v,mu,sd,comat,,,,,,,,
5.168773552116042,68.84670302062622,268.4086320261805,72043.19374616556,75889.74222375837,11470.640837160568,6872.615638597208,30881.073203490345,72146.57688615881,28705.661319168143,66157.74332165926,5853.328931184839
7.4455375398279235,69.11079826607244,334.08263847096606,75889.74222375835,111611.20932772223,14280.040179980886,8138.916222310993,42783.46184455929,83701.78240514956,33387.04280792107,86824.63554326966,7688.558689518118
9.230425486404414,10.398771893801776,49.22598417099661,11470.640837160568,14280.040179980886,2423.1975176032092,1255.1433548334558,6226.186935342102,13342.996579810446,4949.4570069497795,12826.606653570052,976.9222606470995
7.057009999048872,22.357125791173758,27.65573160390441,6872.615638597206,8138.916222310993,1255.1433548334558,764.8394905471971,3317.5192257384488,7407.126698334094,3029.3614364650953,7346.912894671491,588.6540362323572
8.157076868653824,89.15743916406454,132.881630314682,30881.07320349035,42783.46184455929,6226.1869353421025,3317.5192257384488,17657.527675087822,35077.91491861066,13494.502455866996,34514.017369730886,2967.5395001521306
6.45471618633067,61.27002281686101,297.62779039078583,72146.5768861588,83701.78240514956,13342.996579810444,7407.126698334094,35077.91491861065,88582.30161290155,32202.928155050336,76502.82045464944,6179.471524452673
7.714001444651046,38.76939123030976,114.23699833931025,28705.661319168143,33387.04280792107,4949.457006949779,3029.3614364650957,13494.502455866994,32202.928155050336,13050.091789575576,30516.634146674896,2629.564983439403
6.140906899516519,61.53683534452833,285.2178011276682,66157.74332165925,86824.63554326966,12826.606653570052,7346.912894671491,34514.01736973088,76502.82045464944,30516.634146674896,81349.19408010208,6231.424615077752
6.201381647102009,13.638946902638285,25.090000504662516,5853.328931184838,7688.558689518119,976.9222606470996,588.6540362323573,2967.5395001521306,6179.471524452674,2629.564983439403,6231.424615077753,629.5081253239654
