v,mu,sd,comat,,,,,,,,
9.174210743328247,75.41343309534574,105.25080327151926,11077.731589300049,13598.801937945474,2190.0001209765883,10429.899213745115,10017.520982740269,5822.239237388199,5977.340552043503,18974.472046398765,8317.15535111368
5.5239805218493485,37.753681354801294,141.8411892798852,13598.801937945474,20118.92297633222,2952.685801978847,13057.776737960607,12048.98501632748,6859.971934843841,8060.174298215459,25770.221424081323,11147.528889104844
8.72320240839759,22.305391144875653,22.532124796362694,2190.0001209765887,2952.6858019788465,507.6966478388626,2175.338393631127,2107.9546139575236,1136.3255569435994,1279.676744274823,4307.710716718234,1671.9363380204818
6.802504181281428,30.417645600304002,115.48091329938426,10429.899213745113,13057.776737960608,2175.3383936311275,13335.841336459902,10962.16017737675,5412.81887732732,6111.659935327399,21591.897184718666,9223.800067335456
6.79655418904036,44.798767684846474,101.97542706709744,10017.520982740269,12048.985016327479,2107.9546139575236,10962.16017737675,10398.987725516909,5212.27999019159,5318.402816854451,18922.6019224008,7753.213218955279
8.046191903090758,25.158491322340833,56.65946076995367,5822.2392373881985,6859.971934843842,1136.3255569435994,5412.81887732732,5212.27999019159,3210.294494741919,3165.105396455636,9556.625848018151,4387.756836499697
6.968897755441256,40.19178941646819,61.42634632407948,5977.340552043503,8060.174298215459,1279.676744274823,6111.659935327399,5318.402816854451,3165.1053964556363,3773.1960227257537,11753.648416278358,4788.8773083708265
7.045363049304493,69.34345067512847,210.75047959661623,18974.47204639876,25770.221424081323,4307.710716718235,21591.89718471867,18922.601922400805,9556.625848018153,11753.648416278356,44415.76465020377,14733.822748188119
7.549512047948032,86.45547665842243,86.58127808146033,8317.15535111368,11147.528889104844,1671.9363380204818,9223.800067335455,7753.21321895528,4387.756836499696,4788.877308370826,14733.822748188115,7496.317714219164
