v,mu,sd,comat,,,,,,,,
6.24255063718865,85.81379594452405,219.23497049618584,48063.972288463476,36170.83623449311,50873.35257953868,46064.85857036092,58657.567123460954,57072.84189198552,13849.915930644676,16886.74710412075,70076.85337775758
7.249877105253978,68.30873177959921,189.50494918166896,36170.836234493116,35912.12576434694,44523.80111233493,38872.877410153276,50321.61188482343,49895.279130166455,11682.776714771368,15107.019212443516,62349.09910112814
7.054704014982704,62.84931771750071,260.0506977280746,50873.35257953868,44523.80111233493,67626.36538885842,54102.230375855324,68426.62917792184,71492.14949649943,16698.67052071802,20066.007317666466,93699.5081265995
6.301498454434499,96.95771977318307,241.72258948971609,46064.85857036093,38872.87741015327,54102.230375855324,58429.81026961381,60969.47894456379,66246.24336850134,16337.693005450508,19066.418144597457,81866.07399897042
9.351978441734747,68.90880840554784,291.53388104336005,58657.567123460954,50321.611884823425,68426.62917792183,60969.47894456379,84992.003796204,75043.30191142426,17943.800554818445,24018.84498028072,96607.26146659201
5.925199635809525,71.2587139033121,301.03388522024517,57072.84189198552,49895.279130166455,71492.14949649942,66246.24336850135,75043.30191142428,90621.40005079572,19199.677447613925,24452.20297218552,102709.52302229691
5.09830712715022,30.36723362496549,69.05523653239922,13849.915930644675,11682.776714771368,16698.67052071802,16337.693005450512,17943.800554818445,19199.677447613925,4768.625692545604,5458.032287270593,24290.070202068542
9.76626015751856,20.19664149109159,86.12449909132582,16886.74710412075,15107.019212443514,20066.007317666466,19066.418144597454,24018.84498028072,24452.202972185518,5458.032287270592,7417.42934373178,28270.29352196014
8.402254023655196,87.9135532145103,378.3530005614847,70076.85337775758,62349.099101128144,93699.50812659951,81866.07399897042,96607.26146659198,102709.52302229691,24290.070202068542,28270.29352196014,143150.9930338788
