v,mu,sd,comat,,,,,,,,
9.722483014286535,38.9580069267405,110.05262525972464,12111.58032655738,10885.158246731497,26933.773652738728,13026.754890197497,30614.33018661331,11684.988194466427,15064.610068607213,8580.085719484314,1696.9665701347458
7.320490871522038,63.010077368793894,124.75837523240254,10885.1582467315,15564.652190628953,35031.96617467789,14391.094214696908,36147.86051268144,13386.829345286404,16929.058640456104,10083.652869272795,1882.7583018951416
5.963975144785788,72.08686940081687,293.18192409850104,26933.77365273873,35031.966174677895,85955.6406180992,35329.27980978634,86713.57378429627,33017.72656634349,38798.081055851704,22720.190574316144,4469.879136585049
7.90947438439996,29.778297613901238,126.57491119234606,13026.754890197497,14391.094214696906,35329.27980978634,16021.208143350292,37642.901927179606,14162.69662651229,17416.622852934626,10269.448395877378,2005.0011110290693
8.100421050868135,70.54446850030011,307.00633887234886,30614.330186613315,36147.860512681444,86713.57378429628,37642.90192717961,94252.89210780352,34715.08931088739,43737.91323113199,25589.68881465657,4832.376258747799
8.42112008731587,69.0874122292677,116.87734974220245,11684.988194466427,13386.829345286404,33017.72656634348,14162.69662651229,34715.08931088739,13660.314882761113,16464.972555798086,8908.968748681264,1829.664954202505
5.51718777509999,49.906342911437335,151.20509710029722,15064.610068607213,16929.058640456104,38798.0810558517,17416.622852934623,43737.913231132,16464.972555798082,22862.981389110315,13009.79426660071,2324.297514596651
8.727378831422168,69.82918988035185,95.26665231044535,8580.085719484314,10083.652869272793,22720.190574316144,10269.448395877376,25589.68881465657,8908.968748681262,13009.794266600711,9075.735042439283,1435.4226182753803
6.40989535037118,5.390496081569557,16.54194142130388,1696.9665701347458,1882.7583018951416,4469.879136585049,2005.001111029069,4832.376258747799,1829.6649542025052,2324.297514596651,1435.4226182753803,273.635825985849
