v,mu,sd,comat,,,,,,,,
6.554148998781777,37.62957379251455,151.6520202117327,22998.335234299775,8103.472583791369,10318.185914565263,35147.46839443685,967.0303362135702,31114.385876293607,13004.967952954026,18014.033550571836,4687.546446208632
9.09493610359425,23.53386350004254,56.91141637015619,8103.472583791371,3238.909313257282,3897.51735664428,12663.612995650266,343.5796085161697,10632.401517882818,4306.826859243417,6666.130380249149,1668.2536284198216
6.6737631228576255,15.12214590396653,74.50879980710141,10318.185914565263,3897.5173566442795,5551.561248694717,17040.55195279547,435.20816232882316,12966.759427465553,5717.63018111917,7863.444137032965,2184.99737210146
5.968567593367713,70.12549464089165,252.97854072159387,35147.468394436844,12663.612995650265,17040.551952795468,63998.14206562714,1399.126638790592,46816.549475632004,20187.98362509583,26559.537112146125,7567.207500686585
5.551566625263002,6.519821524603471,6.677430288108948,967.0303362135702,343.5796085161696,435.2081623288231,1399.1266387905923,44.58807525255473,1350.7921395664164,547.421479450641,824.9039786010014,207.69871097914213
9.811550437231105,48.22116959311717,214.04464081207612,31114.38587629361,10632.401517882818,12966.759427465553,46816.549475632004,1350.7921395664164,45815.10826037068,17028.753811717004,25604.72295247136,6718.583779623358
9.325236258690676,71.75072535027176,92.57311475064589,13004.967952954028,4306.826859243418,5717.630181119171,20187.98362509583,547.4214794506411,17028.753811717004,8569.781574636252,10256.120040011463,2637.556364896774
9.262059869546114,33.14198152830494,126.89723688187794,18014.033550571836,6666.130380249148,7863.444137032965,26559.53711214613,824.9039786010014,25604.722952471362,10256.120040011465,16102.908728255443,3931.9656795285277
5.397555160510296,11.450039377961918,34.236338139142504,4687.546446208632,1668.2536284198216,2184.99737210146,7567.207500686586,207.69871097914216,6718.583779623358,2637.556364896774,3931.9656795285287,1172.1268491777034
