v,mu,sd,comat,,,,,,,,
8.10186907276628,59.762774905618926,118.02495316337726,13929.889569217397,24104.09788823774,16548.128144253515,7034.467571049486,14793.630082703337,11733.213111906427,8839.301955208324,22485.363200439915,6913.212195300709
7.544765343227035,77.55598417374557,213.53863073014887,24104.097888237742,45598.746814106875,30900.930080124417,11837.986368366977,26886.173243103854,21872.295882375794,15756.143933501991,39661.83238464049,12127.239730567051
6.491224208793644,63.910855670768036,158.61377362069902,16548.12814425351,30900.930080124424,25158.32918219835,8176.357690107561,19214.0095213082,15696.069903189722,12113.383505205491,28073.01141101244,9020.455814837158
8.26899356196298,35.100915936194596,62.705388551711586,7034.467571049487,11837.986368366976,8176.357690107561,3931.965753421121,7342.605788455218,6442.799751186404,4362.941726214422,10395.298246675113,3241.075098688507
6.367532671761333,31.891964699011233,132.03527781472147,14793.630082703336,26886.173243103858,19214.009521308202,7342.605788455219,17433.31458761068,13746.525189453592,9700.543411169641,25163.719712097674,8202.123378225755
7.615630391750171,44.68023407272729,116.10574718875301,11733.213111906427,21872.295882375794,15696.069903189718,6442.799751186405,13746.525189453592,13480.544530258627,8180.843100304833,17419.398784999783,6651.942515175162
6.866248710496384,28.753590399588166,80.08904190481928,8839.301955208324,15756.143933501991,12113.383505205491,4362.941726214422,9700.543411169641,8180.843100304833,6414.254633231899,14433.065407127195,4859.783274963926
6.846392967866183,59.07722232758431,201.7195782977226,22485.36320043992,39661.83238464049,28073.011411012438,10395.298246675113,25163.719712097674,17419.398784999783,14433.065407127193,40690.788268611024,11980.548343651335
8.67346800704752,16.63324359800793,67.18999214374229,6913.21219530071,12127.239730567051,9020.455814837158,3241.0750986885064,8202.123378225753,6651.942515175161,4859.783274963926,11980.548343651335,4514.495044276149
