v,mu,sd,comat,,,,,,,,
6.144017437784505,26.212584995581498,113.75853537756181,12941.004371247982,22066.254000334597,41038.26091623714,6868.433425059491,9309.976923568185,17065.015421150867,1143.2645776616557,10396.087594184755,13995.976591720593
5.953440093120915,69.72917675975842,224.26118034987704,22066.254000334597,50293.077011920075,77645.08792872149,12474.509340780456,17400.63457106568,33158.41990747239,1896.2943378368411,19510.07743943332,28690.990993792137
9.431798354911994,78.60460642171344,392.1088711889181,41038.26091623714,77645.08792872149,153749.3668650476,22393.352823161502,33865.233794031294,58001.88508383454,3738.577547573809,33577.901870144065,43981.917578388406
8.594629477947032,25.643548244336696,64.53211092925716,6868.433425059491,12474.509340780456,22393.3528231615,4164.393340985951,5234.716294047736,9905.47437394632,607.7660706035323,5935.524610357023,7846.198380891181
7.664916917170711,85.98490638585653,89.45633404071769,9309.976923568183,17400.63457106567,33865.23379403129,5234.716294047736,8002.435700004466,13503.255263880228,821.053900926677,7965.9609562945725,9673.767749364277
9.347310500020573,59.96366874233958,162.17798425288169,17065.015421150863,33158.41990747239,58001.88508383454,9905.474373946317,13503.25526388023,26301.698576327944,1565.667765780112,14929.284389121465,20378.608337201633
8.621188381996738,7.288545667344808,10.473337262229078,1143.2645776616555,1896.2943378368414,3738.5775475738096,607.7660706035323,821.0539009266769,1565.6677657801124,109.6907934083961,901.7042269042911,1218.878742235147
7.4104349556958224,85.67907344092642,95.80063908251208,10396.087594184757,19510.077439433317,33577.90187014407,5935.524610357023,7965.9609562945725,14929.284389121467,901.7042269042909,9177.76244861774,12271.607942969906
8.780385983943649,51.6199263351669,138.6745586474771,13995.976591720593,28690.99099379214,43981.917578388406,7846.198380891181,9673.767749364275,20378.608337201636,1218.878742235147,12271.607942969904,19230.633216072572
