v,mu,sd,comat,,,,,,,,
7.038435140401431,32.5121658353733,124.94669248438908,15611.67596278849,10877.448232478873,8707.50883394294,29661.724406156278,45166.27438083111,22857.675810249777,11925.450435981695,45151.91814765554,31163.21775348931
5.2768302005593,96.7504251965561,98.38526304466745,10877.448232478875,9679.659984368407,6393.085604956338,21571.536225013573,38374.33764300834,16936.093444691614,9638.856737156188,35222.62017954154,25135.279881603088
8.942674387433764,25.690530004074645,73.09106179747475,8707.50883394294,6393.085604956339,5342.303314682273,16314.877844958019,26280.90757922913,13407.04602636728,6874.774588824084,27437.01232357754,17900.541967942478
6.436525923946729,92.98006306205151,243.28525604416035,29661.72440615628,21571.536225013577,16314.877844958019,59187.71580847267,94612.22629229199,44387.58101970571,23660.887176983146,87809.28780044978,63424.21822974632
7.251752934836356,90.92500033079101,422.070714202457,45166.27438083112,38374.33764300833,26280.90757922913,94612.22629229199,178143.68778737212,71041.90000339679,42704.6363669761,154157.59263105557,115189.08450629913
6.519561526703828,48.36744370621057,193.0554308704097,22857.675810249777,16936.093444691614,13407.046026367278,44387.5810197057,71041.90000339679,37270.39938855955,17691.349878726374,69357.10355513777,46324.05418154689
7.631997621485727,28.497627366417305,115.38974561237616,11925.450435981695,9638.856737156188,6874.774588824085,23660.887176983146,42704.6363669761,17691.349878726374,13314.793392488886,37334.476944677226,28714.066385462138
8.119061064423434,81.72143213682621,398.92396499635544,45151.91814765554,35222.62017954154,27437.012323577543,87809.28780044978,154157.59263105557,69357.10355513777,37334.476944677226,159140.32984841344,101213.49957602384
8.883877288624786,80.02468937578021,278.7359420585681,31163.21775348931,25135.27988160309,17900.541967942478,63424.218229746315,115189.08450629914,46324.05418154689,28714.066385462134,101213.49957602384,77693.72539527746
