v,mu,sd,comat,,,,,,,,
8.596928931219793,5.996747533666587,10.879717444007204,118.36825166143464,181.1439962468053,1670.7673583699714,486.4152154224012,679.107187057011,3565.4782358297916,519.7910319139811,2470.2808828219477,959.8785235750262
8.036105878109947,15.65386516215782,19.40646028614084,181.14399624680524,376.61070083756164,2685.86752741086,844.0680204303638,1405.6236403269668,6401.6133242881115,890.6411640489227,4511.361446138779,1772.5962611551645
8.449308072893817,71.19800646202205,170.2865218023805,1670.7673583699714,2685.86752741086,28997.499507552617,7469.541991222945,10790.836831093324,53610.78951075823,8157.053366635951,36449.3027949194,13828.051646918519
7.117164894502675,12.927664062014246,48.109424725403045,486.4152154224011,844.0680204303636,7469.5419912229445,2314.516747409222,3328.949131662667,15900.698191499077,2494.1850568074487,11540.966490420547,4111.919865088356
7.253830552951318,53.855224404469396,76.54840605129672,679.107187057011,1405.6236403269663,10790.836831093326,3328.949131662667,5859.658468994201,24460.9202787936,3939.472714532207,17394.33715487507,6692.9392951648915
6.962359849948458,75.1675754935516,345.77230332172576,3565.4782358297916,6401.613324288113,53610.78951075824,15900.698191499077,24460.920278793605,119558.48574441152,17416.704566574408,84798.23565804196,31626.27149261168
7.559535740656448,12.573825242227947,56.03346222124899,519.791031913981,890.6411640489227,8157.053366635949,2494.1850568074483,3939.4727145322076,17416.704566574408,3139.748888500137,12850.386918214168,4498.399840391231
5.563759794973942,56.09660791419844,256.68525913753496,2470.2808828219477,4511.36144613878,36449.30279491939,11540.966490420547,17394.33715487507,84798.23565804194,12850.386918214168,65887.32225850348,22152.762350429857
9.871485064304746,37.47906849052479,94.65461921988371,959.8785235750262,1772.5962611551645,13828.051646918515,4111.919865088356,6692.9392951648915,31626.27149261168,4498.399840391231,22152.76235042986,8959.496939661181
