v,mu,sd,comat,,,,,,,,
5.436748214510875,77.56989231537966,330.93849445550666,109520.28711247745,18935.10939578341,41216.06242185625,22768.690517812793,23178.156558349223,109096.29998511412,62780.80149402764,42929.16922287766,34029.70606121133
6.15238549775864,19.07187488447161,70.47924578870828,18935.109395783405,4967.324086945156,9038.288672667913,5137.780111759192,5146.033128176473,22257.072939772937,15351.640888327001,11505.49020964887,7846.4018403547125
7.055305353194564,60.12707586470097,149.0087930571382,41216.062421856244,9038.288672667913,22203.620408345036,11509.404972666913,12173.790589201935,52578.502030039104,32668.35228518555,22919.02804390593,17050.502560973295
6.553913492800435,18.015034951005482,79.8761883597951,22768.69051781279,5137.780111759192,11509.404972666909,6380.205466889464,6419.986765996661,28218.5946217485,18123.960313782747,13038.502246464805,9156.459375403172
7.829779453807528,31.39211145806071,84.8397995908283,23178.15655834922,5146.033128176472,12173.790589201933,6419.986765996661,7197.791594611911,30436.196302246968,18177.96076747368,12863.133844248867,9207.951864049222
7.725318518919252,74.7324242359788,371.17444957408895,109096.29998511412,22257.07293977293,52578.5020300391,28218.594621748496,30436.19630224696,137770.47201662787,80497.99011312443,56967.624257762116,40620.89270571294
9.035497214151883,96.07000354952552,233.10044611352882,62780.80149402763,15351.640888327,32668.35228518554,18123.960313782747,18177.960767473676,80497.99011312443,54335.817978326144,38372.568928042776,26012.876236415224
9.590775536417986,50.21951709535253,175.80062786961565,42929.16922287766,11505.49020964887,22919.028043905928,13038.502246464803,12863.133844248865,56967.624257762116,38372.56892804278,30905.860759351082,19351.59986992343
7.610453764218386,25.47784946325128,119.15741097725422,34029.70606121132,7846.401840354712,17050.50256097329,9156.459375403174,9207.951864049222,40620.89270571295,26012.876236415224,19351.599869923433,14198.488590802264
