v,mu,sd,comat,,,,
9.12234737956641,17.02344088393047,39.805520633787,1584.479472926843,4790.035664662613,8979.092375670733,14300.004341327149,2237.5722016375025
5.906748662485999,47.54629901158675,128.56002403909315,4790.035664662614,16527.67978093221,29043.712823378057,45852.76650200102,7081.655687574599
9.386633841035263,57.151741007834765,233.10855480084325,8979.092375670733,29043.712823378057,54339.59832133773,85367.77215285804,13115.478860472133
7.4977565367331955,92.6089306375418,370.321001211205,14300.004341327152,45852.76650200101,85367.77215285806,137137.64393806932,21388.09060439244
9.824632166113393,32.77299055725212,58.08343136425417,2237.5722016375025,7081.655687574599,13115.478860472133,21388.09060439244,3373.684999046024
