v,mu,sd,comat,,,,
5.087451354655763,63.294886811209594,101.79535000667585,10362.293282981638,15890.738798124516,16886.61713704652,31765.69154783172,15090.055042649416
9.457866335901292,78.32831976411791,160.7670089446602,15890.73879812452,25846.03116501246,26621.26250749043,51550.0900855478,23704.150444013663
6.424305837369592,78.33707683082415,168.4097836487657,16886.617137046524,26621.262507490428,28361.85522862408,52867.97037004069,24562.463264524384
6.49488188729479,66.90954053023756,321.3233902266571,31765.691547831724,51550.0900855478,52867.97037004068,103248.7211067526,47930.462886516034
8.960171303277146,92.25506253429847,153.06346672497938,15090.055042649416,23704.150444013663,24562.463264524376,47930.462886516034,23428.424845868863
