v,mu,sd,comat,,,,
8.642535957978629,37.48389647186479,187.14634705723157,35023.755216865764,5333.17932359011,10217.369653684456,25451.444288289324,14473.777978828932
8.008071061851066,27.0815054397093,29.834814770084577,5333.17932359011,890.1161723652567,1673.860656521701,4036.6956883911967,2289.495221217028
9.760903337030069,19.319625914077893,56.65940111772474,10217.369653684455,1673.8606565217012,3210.2877350192275,7693.215447284431,4341.189944492891
5.715867238605153,38.607426387523645,137.40680073107444,25451.444288289324,4036.695688391196,7693.215447284432,18880.628887149196,10735.354202541579
9.036795649350823,44.84424200126733,78.38948181072398,14473.777978828932,2289.495221217028,4341.189944492891,10735.35420254158,6144.910858553827
