v,mu,sd,comat,,,,
6.073434445084134,65.5138111420641,281.1870058356902,79066.13225084046,24478.237689590787,7121.994283405479,43105.05535868109,32745.752141912555
9.547511856708319,31.91978357161759,89.46851284043693,24478.237689590784,8004.614789879428,2217.179573581708,13586.546434289476,10346.37811701631
9.086176865817285,21.610960702208775,25.500587830781633,7121.99428340548,2217.1795735817086,650.2799797154083,3895.240379892377,2999.62517312024
9.519402373675536,68.28163028951549,157.42665422847227,43105.0553586811,13586.546434289474,3895.2403798923765,24783.15146157097,18034.342440606695
8.53439634987214,29.616737417432017,118.20638974778208,32745.75214191255,10346.37811701631,2999.6251731202397,18034.34244060669,13972.750577204562
