v,mu,sd,comat,,,,
6.504822279279573,94.2923559052091,416.74876885112354,173679.53633892722,136408.06661498296,57573.1456013941,48018.51037314457,26784.153350776403
6.235309159809072,92.50882309455928,338.86230453497643,136408.06661498296,114827.6614347551,46144.84015020766,40176.21444405466,21656.80659619611
9.631675675295877,42.34026157547939,141.03949579351706,57573.14560139411,46144.84015020766,19892.139373689522,16518.98439798476,9045.760602803963
9.45801719138882,40.85413131974043,119.35155160358293,48018.51037314457,40176.21444405466,16518.984397984754,14244.79287018272,7574.227255992868
8.416383799874936,39.33659439848949,65.55167549342184,26784.153350776396,21656.806596196107,9045.760602803963,7574.227255992868,4297.022159994882
