v,mu,sd,comat,,,,
7.940654005386371,50.69349256846636,117.44798290421488,13794.02868826875,12732.709368416788,13765.270747200586,15345.88307237392,9794.055223221172
9.48856863954709,53.510900336639416,109.93896424181256,12732.709368416787,12086.575858562539,12732.438474606573,14367.787489024784,9009.345590736184
9.45765364737354,34.49859725439825,121.00085439564376,13765.270747200588,12732.438474606573,14641.206764475783,15699.697767294352,10423.707229031017
9.07918738653842,57.95773200436684,131.81432694914838,15345.883072373921,14367.787489024786,15699.697767294354,17375.016789056986,11120.501974727498
5.179447928084267,42.5101059815506,86.3762139242532,9794.055223221172,9009.345590736184,10423.707229031015,11120.501974727496,7460.8503318883495
