v,mu,sd,comat,,,,
5.240906137501188,13.082051612611128,19.04377552942837,362.6653864152548,6558.560605736524,246.58346477411897,1522.9344814288675,3239.0602229141427
8.40481506933859,94.77236399050405,354.9758770797194,6558.560605736526,126007.87330851608,4404.149415870359,27277.73934239606,60016.8399304412
8.993480339519008,12.81756479584963,13.033029320272831,246.58346477411897,4404.149415870359,169.8598532630913,1050.5719120789881,2185.9108304331644
9.000542958289412,33.1592289390305,82.04918037059315,1522.9344814288677,27277.739342396064,1050.5719120789884,6732.067999486128,13159.87878943693
9.826486250781302,38.61322015806696,172.5483380276089,3239.0602229141427,60016.839930441216,2185.9108304331644,13159.878789436932,29772.928956089996
