v,mu,sd,comat,,,,
6.042302686794213,75.7685473500187,229.75756171254847,52788.53716409552,11581.913468503042,26904.800974576185,5592.673958122337,3515.286050424173
7.40840530881683,17.191720673637995,50.494438090163364,11581.913468503042,2549.6882780413403,5892.907620260514,1223.1884310506227,775.6520684004213
7.1026901765718735,53.99848134570549,121.22975783170116,26904.80097457619,5892.907620260515,14696.654183932913,3060.134034640475,1975.8605530885131
9.29590999260672,9.3378465468851,25.685825908429198,5592.673958122336,1223.1884310506227,3060.134034640474,659.7616525981325,419.90365894994414
5.855807768058367,14.10903794221391,16.66052267932345,3515.286050424173,775.6520684004213,1975.8605530885131,419.9036589499441,277.57301594825105
