v,mu,sd,comat,,,,
6.539674763124854,69.8464027190577,147.23545364421722,21678.278809818446,8082.002784166333,19840.677552112887,17350.157985725982,27428.77732083213
7.596957396526504,17.01084560011278,55.78994441450778,8082.002784166334,3112.517897773868,7724.64948484609,6516.803484957569,10497.14210476132
8.841488307689866,43.8606519543434,142.17959242830958,19840.67755211289,7724.649484846088,20215.03650308022,16520.257595659492,26082.12785582284
8.946103680854298,86.16262492832588,119.49684116790459,17350.15798572598,6516.803484957569,16520.257595659492,14279.495049107414,22143.793392309275
9.352810312379116,38.662572947930364,189.23346396830968,27428.777320832134,10497.14210476132,26082.127855822848,22143.793392309275,35809.30388544556
