v,mu,sd,comat,,,,
9.637402693094794,22.768930620742893,36.89605876492375,1361.319152384707,602.3704878281676,7047.041403648989,4213.019850547177,4049.918496736437
9.362131472046078,8.083607783722492,16.711387664146876,602.3704878281676,279.2704776614004,3107.5650726729423,1828.8541466870602,1803.3818978914665
7.923156362977766,39.77473654460691,193.85760170206908,7047.041403648988,3107.565072672942,37580.76973767806,22311.99917558626,21074.747880014245
9.525850868618985,39.751762305082295,116.6933755521944,4213.019850547176,1828.85414668706,22311.99917558626,13617.343897765484,12701.916750350078
6.584162855953697,23.828752213053427,111.03593270849936,4049.918496736437,1803.3818978914665,21074.747880014238,12701.916750350078,12328.9783524464
