v,mu,sd,comat,,,,
9.920959252712883,24.39730475565609,63.546830221589246,4038.1996312114884,4712.174758855646,14681.594014047352,5092.678344884993,5063.306042705623
6.667061330073267,49.85867940274198,77.34624252934628,4712.174758855647,5982.4412334084545,18800.259739763795,6292.04582666735,6354.905845153735
8.368508123345688,73.89425836311257,247.0245852968116,14681.594014047352,18800.259739763795,61021.145741061744,19503.036949986665,19992.876092772538
5.9819520860726225,19.869943022061413,82.34708658879435,5092.678344884993,6292.04582666735,19503.036949986665,6781.042669662396,6682.723505033957
6.7722323232051185,20.707127060599614,82.3594971124311,5063.3060427056225,6354.905845153734,19992.876092772538,6682.723505033956,6783.086764612547
