v,mu,sd,comat,,,,
8.361392793153959,5.62253525471059,25.833169747731816,667.3526592151261,2446.5953451660607,7513.695838491355,704.0719396925379,7014.315738518796
7.440391996202918,57.462270553378005,95.97270916147964,2446.5953451660603,9210.760903793956,27460.723681628835,2597.580774130546,26068.315598783098
9.127475870179481,93.24342743209492,295.4278874583359,7513.695838491355,27460.723681628835,87277.63668809517,8038.090701004501,79494.49394609137
5.157231938131491,8.96706047295279,27.793469932119727,704.0719396925379,2597.580774130546,8038.090701004501,772.4769708676432,7477.930306578798
9.04024981682424,65.81354134886087,276.5901379866451,7014.315738518796,26068.315598783094,79494.49394609137,7477.930306578799,76502.10443147141
