v,mu,sd,comat,,,,
7.7697051125029315,56.43650592676761,122.60099566360289,15031.004137706774,12328.327560576143,12569.031837096658,10700.281385658442,10248.291886731962
6.981239468526834,27.406909134648497,104.10191079898942,12328.327560576145,10837.207832000748,10903.935512727003,8880.880285398083,8954.248015508361
5.240633862900383,37.95347153935316,107.61539553675063,12569.031837096658,10903.935512727006,11581.073356531288,9267.036913314458,9406.972605936042
7.628362805464263,62.22884550901689,89.66782708748642,10700.281385658442,8880.880285398083,9267.036913314458,8040.319214591363,7716.548565135916
5.765192909059452,43.15793373885306,88.3645294268716,10248.291886731964,8954.248015508361,9406.972605936044,7716.548565135917,7808.290060832458
