v,mu,sd,comat,,,,
8.85660321633373,33.566505380439324,48.870732163554464,2388.348462201876,4803.784784871671,9707.923802123443,7132.51403291112,9538.897262779654
5.1037597467970075,83.72472599922928,99.4302519641784,4803.784784871671,9886.37500566,20253.649933949237,14718.159609653558,19758.79321941085
8.168241174631376,64.49727908958229,205.7685475852422,9707.923802123443,20253.64993394924,42340.69517534009,30321.12650551599,41484.88146068062
8.74401941269306,82.83226458865653,148.74936557240702,7132.514032911119,14718.159609653558,30321.12650551599,22126.373758193586,30075.919392742322
7.492535061512952,86.40077873348466,207.93302629595541,9538.897262779656,19758.79321941085,41484.88146068062,30075.919392742326,43236.14342459449
