v,mu,sd,comat,,,,
5.381541446869786,84.60220945937976,344.71931884735375,118831.40878658356,37438.24744241574,29683.10841757461,46285.86209838471,38391.89096155599
8.899593961200573,34.82949433520291,114.60649745326802,37438.24744241574,13134.64925850593,9459.457504740045,15316.395857677619,12595.025698908552
7.192046157204468,31.224659591416035,87.78412525997574,29683.108417574615,9459.457504740043,7706.052647659108,11902.950463051917,9880.241105776395
8.617325889154706,38.5329447647175,139.85909351530702,46285.862098384714,15316.395857677622,11902.950463051917,19560.5660389234,15863.865294814723
9.889947559983014,40.18335288386334,113.97493343232358,38391.89096155598,12595.025698908556,9880.241105776397,15863.865294814725,12990.285450902591
