v,mu,sd,comat,,,,
6.4302691083025785,27.231581492152948,84.14110756674782,7079.725982559027,1242.7535627717966,2450.295934672114,33008.93766188666,18108.44733156818
9.790527832595,11.566084175777316,15.740825168368048,1242.7535627717969,247.77357698112894,454.2441225174224,5821.625827960716,3243.9616399586903
8.85156466109439,12.976946508416862,29.732808529507604,2450.295934672114,454.2441225174223,884.0399030523602,11331.623105946095,6408.391826837154
9.934350015462314,91.53582298680578,396.1633852106911,33008.93766188666,5821.6258279607155,11331.623105946095,156945.42778159442,84045.27945712197
6.040827309523606,76.25762562059673,219.39435252468536,18108.44733156818,3243.9616399586907,6408.391826837154,84045.27945712197,48133.881919725914
