v,mu,sd,comat,,,,
8.031771688882376,40.64237176405106,85.93565854234782,7384.937409106999,9546.117688859566,34666.763320290374,11313.34021784706,11933.14610409087
8.287557843089079,35.85365345435949,116.0262395472588,9546.117688859566,13462.088263477883,47537.24017579109,15890.532934507999,15848.018285191763
6.53620504671785,86.73843086542837,415.63200231939044,34666.763320290374,47537.2401757911,172749.96135202574,55323.375960749436,56149.71295370785
9.81001742575421,48.20139240740345,137.99316374815322,11313.340217847062,15890.532934508,55323.375960749436,19042.113241224633,18939.82764208579
7.679594536656468,93.07481306000895,140.56258659292493,11933.146104090873,15848.018285191763,56149.71295370786,18939.827642085795,19757.840749693518
