v,mu,sd,comat,,,,
7.473008227690107,43.60992311737672,162.78812762155928,26499.97449453308,35473.56349494097,15315.452198562154,58977.62044614522,33858.66938272811
6.1404155222466805,66.74200746846091,226.59316757312385,35473.563494940965,51344.46359082179,21955.105227562864,79095.40554539295,47872.92186103415
6.277369618786057,26.093742247569203,97.3147506164718,15315.452198562158,21955.105227562864,9470.160687546095,34762.129375684424,20734.016560388547
6.981649548613884,88.41534874722288,370.18348749093747,58977.62044614522,79095.40554539295,34762.12937568443,137035.81441095308,77593.04304474048
6.88657548845562,46.04021354081769,215.0774503988886,33858.66938272811,47872.92186103415,20734.016560388547,77593.04304474047,46258.30967008639
