v,mu,sd,comat,,,,
6.005017980589869,54.34302858645247,155.58660183317036,24207.19066999348,20272.697728295363,6593.62696411639,28330.536821182905,47464.09752661015
6.64510233246091,28.241560772450384,131.21480679072266,20272.69772829536,17217.325521126677,5498.8004554929785,23400.460812233585,40011.45912406008
6.48249844350536,15.229052758286707,44.57597475901718,6593.626964116391,5498.800455492979,1987.0175257165365,8337.540150585643,13169.318787949094
5.466668342403839,76.12740696837639,193.36105879173795,28330.536821182908,23400.46081223359,8337.540150585644,37388.49905706194,57354.518826304826
6.665394062488417,76.43437624328017,308.68308408377885,47464.09752661015,40011.45912406008,13169.318787949094,57354.51882630482,95285.24639947328
