v,mu,sd,comat,,,,
6.24255063718865,12.507878619497863,40.32111699227421,1625.7924755046643,1807.8699626715918,8208.265189086416,5411.357208606745,924.296990494775
7.249877105253978,20.750473974525182,45.255773691762286,1807.8699626715918,2048.085052440003,9290.196021360662,6232.841659366432,1047.2968076041177
7.054704014982704,84.85780609007071,207.92267285187785,8208.265189086416,9290.196021360665,43231.837885869034,27572.77152261099,4765.100081842083
6.301498454434499,37.377327864653815,143.58900350146678,5411.357208606745,6232.841659366432,27572.77152261099,20617.801926544238,3164.009545220197
9.351978441734747,8.012236395231128,23.151769407174644,924.296990494775,1047.2968076041177,4765.100081842082,3164.0095452201967,536.0044266829877
