v,mu,sd,comat,,,,
9.11555170354896,51.32629951158456,140.50854627631216,19742.65157668255,17672.250979344746,2678.7274582563227,3911.0233019952057,27792.150486783976
5.130589907849337,28.375504838927046,126.17346632203477,17672.250979344743,15919.743603717643,2389.4519107685114,3457.566770925069,24812.80527546673
6.053853199656469,6.9021431162085864,19.34882500367302,2678.727458256323,2389.451910768512,374.37702902276226,539.7789531975673,3739.8919065362256
8.09210884674805,9.505173062799525,28.429117019936918,3911.023301995205,3457.5667709250692,539.7789531975671,808.2146945332671,5617.322959548775
5.4914223266844955,86.58353039216043,202.54161664414156,27792.150486783972,24812.805275466726,3739.8919065362256,5617.322959548774,41023.10647282241
