v,mu,sd,comat,,,,
9.23331203605067,71.96698256144025,159.5582185904122,25458.825119745754,14415.9486319883,24506.620524330046,23344.17815133277,26854.96216403284
7.805827701325171,19.16458851875506,91.32647860539274,14415.948631988302,8340.525694461257,13948.878110743131,13013.777543019849,15065.144327567983
7.274377012028764,78.83209364479836,156.3137577189061,24506.620524330046,13948.878110743131,24433.99085220488,23132.71719235738,25801.45842025269
6.760874568459808,72.5525669162516,150.23747471643077,23344.17815133277,13013.777543019847,23132.717192357377,22571.298809170174,24758.810262383562
7.929256920674186,87.33608077787966,168.66183925862927,26854.96216403284,15065.144327567983,25801.458420252686,24758.81026238357,28446.816022103692
