v,mu,sd,comat,,,,
5.765270993830734,48.7010167452512,155.40232795406055,24149.88353354139,31500.808536774643,32647.78247812673,32915.49051044098,28243.43456891837
5.788428305047036,95.86723893532195,204.76451939148657,31500.80853677465,41928.50840162648,43831.0471293186,44467.514725332934,37562.994121676595
9.927455570915763,51.01423011580125,216.94019740146814,32647.782478126726,43831.0471293186,47063.04924858797,46153.17920372114,39486.56934651498
9.522488654026468,62.647714803708986,221.8159671293433,32915.49051044097,44467.51472533293,46153.17920372114,49202.32327352591,39906.572407951746
5.930391313335205,44.588085310716295,183.92490825323347,28243.434568918365,37562.99412167659,39486.56934651499,39906.572407951746,33828.37187596035
