v,mu,sd,comat,,,,
7.734445780726773,66.99293681088328,246.89510644166097,60957.193584839086,21176.699382096216,57109.13859407671,46844.4998204367,29468.455154822896
8.989495106413026,82.79979629371161,87.29043748162779,21176.699382096216,7619.62047573397,19514.843510549126,16766.281512762886,10647.384432438632
9.102009399491907,85.54525420570178,234.41859352273872,57109.13859407671,19514.843510549123,54952.076989179,43236.234494912744,27476.60508929608
5.610249334151006,50.35841150845446,194.4366431471038,46844.4998204367,16766.281512762882,43236.234494912744,37805.60819831419,23688.121305519202
8.01001003395719,84.81817827893579,123.24182720180707,29468.455154822896,10647.384432438632,27476.605089296085,23688.121305519206,15188.547972040073
