v,mu,sd,comat,,,,
6.872700594236813,81.79774807106381,181.46462947034604,32929.41174880997,9430.81081536737,11803.748706176619,10032.617929115158,29961.958259374947
9.75357153204958,14.278850830606467,53.35909610637242,9430.810815367371,2847.1931372890886,3659.342257450798,3093.170259707047,9541.37442233567
8.659969709057025,46.81448690526212,69.66711629359094,11803.748706176619,3659.342257450798,4853.507092664724,4067.3877955333633,12709.486530488892
7.993292420985183,52.04180646057067,59.200369501944444,10032.617929115158,3093.1702597070466,4067.3877955333633,3504.683749166754,10487.050684889846
5.780093202212183,91.38543819748429,185.98032625850215,29961.95825937495,9541.374422335668,12709.486530488888,10487.050684889846,34588.681755218895
