v,mu,sd,comat,,,,
5.567442359468248,94.51431740149303,376.14630268221214,141486.04102149833,26830.818120629257,64055.304735574784,18020.889815364553,22757.007181422294
9.872415472182283,30.384992347246744,74.3657954415797,26830.818120629254,5530.271531658877,12633.868473538489,3704.3507258902714,4266.888167205446
8.643673167505531,55.008369129417616,175.34137056731242,64055.30473557479,12633.868473538487,30744.59623242358,8459.0739187496,10061.24780116169
6.757339029463507,29.573680778444587,50.23223912235672,18020.889815364553,3704.3507258902714,8459.0739187496,2523.2778472456253,2914.9500777188478
8.538025691295406,39.26747446263254,61.285888550746606,22757.007181422297,4266.888167205446,10061.247801161691,2914.9500777188478,3755.960135454533
