v,mu,sd,comat,,,,
5.0518707694285,87.97308009460686,406.88509397746265,165555.4797010486,73542.69010934065,67896.67007651272,58953.94717950419,83052.79794566304
7.509372960743693,77.03640874568164,183.9327315685876,73542.69010934065,33831.249742282096,30864.75976711629,27577.118120619853,37640.81877453353
7.47886646567073,49.035797828485464,168.78861873604197,67896.67007651272,30864.759767116288,28489.597814820932,25019.263261148917,34220.99021240797
5.669147644796383,52.14676317876277,151.84595393711047,58953.94717950419,27577.11812061985,25019.263261148913,23057.193727071073,30146.1075969242
5.710555427272693,46.37776915280285,207.84814931421903,83052.79794566304,37640.81877453354,34220.99021240797,30146.107596924197,43200.85317334589
