v,mu,sd,comat,,,,
7.08511002351287,34.97398494557598,131.01267738501457,17164.321635589906,11388.113641090124,48301.26532725389,19349.924779215962,13998.672238093672
8.60162246721079,84.28943883025043,90.45547336830607,11388.113641090124,8182.19266228433,33366.699691883594,13980.435184475544,9868.589936207432
5.000571874086725,76.26370991977191,377.9205708610307,48301.265327253874,33366.699691883594,142823.95787992733,59220.62042114849,40976.11694770049
6.511662863159199,76.07573716608474,161.4156708864817,19349.92477921596,13980.435184475544,59220.620421148495,26055.018807732977,16885.022819389502
5.733779454085565,79.9815362028914,113.00623453156973,13998.67223809367,9868.589936207432,40976.116947700495,16885.022819389502,12770.409043004145
