v,mu,sd,comat,,,,
6.895492627168851,6.708858527442407,16.16936643106506,261.4484107820536,1436.038885490788,2179.901020668581,3287.092731269122,679.5103370376463
7.83549083589807,34.07216243985317,91.76893342425666,1436.038885490788,8421.537141825653,12319.922321199767,18230.42849340769,3989.5297153852366
7.97796256328561,42.440087899352015,139.03603514343058,2179.9010206685807,12319.922321199767,19331.019068405265,27970.32253779468,5828.376316531088
7.2492944942772635,59.6418975769095,208.33697424916033,3287.0927312691215,18230.42849340769,27970.32253779468,43404.29483929531,8732.294835276112
7.285099126973593,28.727819047649103,43.77492935520415,679.5103370376463,3989.529715385236,5828.376316531088,8732.294835276112,1916.2444400531144
