v,mu,sd,comat,,,,
9.2944463364652,27.664732000771618,102.34119764020711,10473.720734431936,29598.78031952404,10716.913819696701,11846.715304815187,24260.18709331516
6.863555774876399,79.32636120417541,299.9176250905869,29598.78031952404,89950.5818399778,30898.395894877478,34822.89854155398,70581.82480120615
7.775643889992984,36.2506726933943,107.88662263506453,10716.913819696703,30898.395894877478,11639.523343600817,12834.452896043304,24728.95248589064
9.778282744958839,54.79152945853611,120.2216552014421,11846.715304815185,34822.89854155398,12834.452896043302,14453.246379374432,27221.83163424854
8.683347990056118,48.995273315906985,241.9943756131998,24260.18709331516,70581.82480120615,24728.95248589064,27221.83163424855,58561.277828422426
