v,mu,sd,comat,,,,
8.10186907276628,64.00189440879748,125.33612366961745,15709.143896525638,8528.456963067956,5128.037598727577,29113.489133358933,15723.270238441522
7.544765343227035,34.18943989741973,69.51296600162141,8528.456963067956,4832.052442342575,2952.029181493698,16089.70223526483,8776.680542030732
6.491224208793644,13.907705584615895,43.066571803456654,5128.037598727576,2952.0291814936977,1854.7296069022873,9741.688982142281,5395.744462442911
8.26899356196298,87.34143630559278,233.9466233425067,29113.489133358933,16089.702235264833,9741.688982142281,54731.0225733607,29842.77796569006
6.367532671761333,25.88898690263024,128.3665515733851,15723.27023844152,8776.680542030732,5395.744462442911,29842.777965690053,16477.97156284253
