v,mu,sd,comat,,,,
6.2852121355257,97.94504244640872,488.5961491771908,238726.1969907797,16220.178171506692,128004.3403435646,90755.29846255686,184125.72744172357
8.418937915355363,22.182893427630233,34.538124864989875,16220.178171506692,1192.882069189632,8746.60943002057,6233.364699459456,13413.802357310082
8.318208787845577,72.49098295411211,262.99515899850576,128004.3403435646,8746.60943002057,69166.45365664932,48972.47248478621,98921.25119692147
8.885652172332,63.06633933576576,189.1685024906833,90755.29846255686,6233.364699459455,48972.472484786216,35784.722334567654,71047.1574601228
9.136833141677291,99.92934264452646,395.4985234776695,184125.72744172355,13413.802357310084,98921.25119692147,71047.1574601228,156419.08207301667
