v,mu,sd,comat,,,,
5.901348444383846,95.16472778593057,470.7507233747354,221606.24355783666,33560.46500832459,45527.44589252932,22337.04855942472,20586.79318742054
5.097376207438123,37.11513471670514,72.72705882934098,33560.465008324594,5289.225085966425,7187.629379361222,3467.6472595770833,3186.564615706324
7.316092632491723,80.66139662885489,101.20954243921724,45527.44589252932,7187.629379361222,10243.371480755715,4964.811651351047,4499.150217906957
8.62466964596074,39.638486084623906,50.74087763437473,22337.048559424722,3467.647259577083,4964.811651351047,2574.6366631065907,2278.38703805918
7.1010180229386375,35.33993216983645,45.289196717904126,20586.793187420535,3186.564615706324,4499.150217906957,2278.38703805918,2051.111339353018
