v,mu,sd,comat,,,,
9.722483014286535,83.33965840070418,296.779651686646,88078.1616552469,8443.033293044684,12896.991722953273,33518.62219923421,77154.7415403376
7.320490871522038,6.818016022469486,28.800346154167304,8443.033293044684,829.4599385998595,1261.514709559584,3203.8475913047528,7263.264467602834
5.963975144785788,43.464801938587236,44.091370419959325,12896.991722953271,1261.514709559584,1944.048945510064,4931.949902535621,10965.9659658285
7.90947438439996,49.19717448925353,115.48562813226481,33518.6221992342,3203.847591304753,4931.949902535622,13336.930305103757,29524.130066372272
8.100421050868135,55.862944220746606,265.1906912990836,77154.7415403376,7263.264467602833,10965.965965828504,29524.13006637227,70326.10275168586
