v,mu,sd,comat,,,,
9.945057567378,28.752890645176116,81.39805229561823,6625.642917520198,9296.600726680714,4851.70209004434,11500.697180457893,5294.797120685811
7.747723634223627,57.9561067547972,116.36431745884462,9296.600726680716,13540.65437766277,6783.653677692608,16797.04005833336,7281.843747494213
6.407236509775315,15.472925615244584,60.44573876622032,4851.70209004434,6783.653677692608,3653.68733499415,8723.551537876256,3933.5346148577914
5.386447830395864,34.45702406404112,148.26912110449948,11500.697180457895,16797.04005833336,8723.551537876256,21983.732273100733,9150.948637638532
7.222347479859016,47.90832003142259,65.94847180246977,5294.797120685812,7281.843747494213,3933.5346148577914,9150.948637638534,4349.200933081151
