v,mu,sd,comat,,,,
7.179974510710019,41.754801856263136,174.30750047993158,30383.10472356134,17185.375662681843,59324.91849065835,41358.53262914223,20848.92150740655
5.129631159139457,60.100396993391634,99.1172377992322,17185.375662681843,9824.226828949542,33555.325208190734,23160.552022035637,11774.3667650661
7.748312389393545,71.57147292767985,347.7088389915698,59324.91849065834,33555.32520819073,120901.43671286541,82256.95981214238,42243.446071543716
7.176611963091384,52.50079431117059,239.30283396275402,41358.53262914223,23160.552022035634,82256.95981214238,57265.84634260541,28878.541374193985
7.101839010437445,37.45329700375542,122.41896682766088,20848.921507406547,11774.366765066101,42243.446071543716,28878.54137419398,14986.403439151938
