v,mu,sd,comat,,,,
7.844701100596228,32.09332260146071,43.02920846785551,1851.512781370168,17430.75952915273,3340.5720930138905,14959.060839470896,6104.553501756808
5.329821137947212,88.15068173045194,424.78798321398165,17430.75952915273,180444.83068300193,34034.823457936436,140067.95098906264,56835.61637368727
9.440553349501286,74.19920299646178,81.69822492371024,3340.57209301389,34034.823457936436,6674.599955685148,27226.54125269493,10698.344681204357
9.648290885870345,76.78301142131657,350.6853685192254,14959.060839470894,140067.95098906264,27226.541252694926,122980.2276934649,49160.2505597885
8.39846020688065,30.194967104818815,142.68534173306705,6104.553501756807,56835.616373687255,10698.344681204355,49160.25055978851,20359.106745482124
