v,mu,sd,comat,,,,
5.168773552116042,17.432310385991798,25.242690661566574,637.1934318355403,8009.685839423199,2990.578172354661,1225.660818794066,2445.9995158841384
7.4455375398279235,93.23938148081155,324.20290583793104,8009.685839423197,105107.52415375836,38300.94830791468,15663.470924221214,31913.942561356427
9.230425486404414,30.737093917547163,121.0885257762078,2990.578172354661,38300.948307914674,14662.431074655342,5874.014750400912,11932.178723185114
7.057009999048872,22.95330233561052,48.87898881522645,1225.6608187940656,15663.470924221216,5874.014750400912,2389.155547599032,4796.744670341183
8.157076868653824,32.68937820027639,100.37335148941361,2445.9995158841384,31913.942561356427,11932.178723185114,4796.744670341182,10074.809689217365
