v,mu,sd,comat,,,,
8.281320926164785,26.560431762100585,94.33123609031648,8898.382102327028,1964.4232719235056,35548.677003470584,10595.524001689315,4715.361803100803
9.774506884566136,8.035065957546438,21.28351461573868,1964.423271923506,452.987994398362,7605.9777877765855,2351.7004844070734,1061.1295532953286
9.854380174969082,94.97283742613911,384.20861796628,35548.677003470584,7605.977787776585,147616.26211955884,42553.48372494803,18987.386830726184
5.489160886576936,48.89166480882893,118.97853549327488,10595.524001689315,2351.7004844070734,42553.48372494803,14155.89190812447,5650.655930237487
6.203724578905905,30.820116122214667,51.03457817601839,4715.361803100803,1061.1295532953286,18987.38683072618,5650.655930237486,2604.5281696041334
