v,mu,sd,comat,,,,
7.753989512872877,13.760615842813802,49.72596151134435,2472.6712482277003,6854.762586919113,3412.188798585558,4937.793655700785,4447.439423359236
8.540739113090524,57.99487242690284,141.87048165841313,6854.762586919113,20127.233565990136,9546.425283969196,14343.012417055741,12978.943802463291
6.454523694564722,26.38017795978403,69.27644891259187,3412.1887985855583,9546.425283969194,4799.226373938951,6942.5975032513325,6253.370405797123
7.5541380259883155,49.549323626421064,102.91108682045484,4937.793655700786,14343.012417055741,6942.597503251334,10590.691790567194,9210.834247751058
9.464734771738273,32.7203135514161,92.622883527682,4447.439423359236,12978.943802463293,6253.370405797123,9210.834247751058,8578.998552982548
