v,mu,sd,comat,,,,
9.800086516679592,52.46930417986474,230.93375641612727,53330.399852463204,64608.20533087771,16001.820027400947,22659.50094934092,10127.079307548916
8.497560249747881,63.871193658826826,284.00049801603046,64608.2053308777,80656.28287335334,19671.314768916713,27745.90741132798,12564.816910692602
9.999336463119395,27.011233681655032,70.46889603087908,16001.820027400949,19671.314768916713,4965.865307810844,6885.961599162608,3079.2586435926073
6.100336498914259,64.31563090518912,101.11361483128161,22659.50094934092,27745.907411327982,6885.961599162609,10223.963104248774,4414.013575807026
6.80528176982029,16.66585594136153,44.4531649206353,10127.079307548915,12564.816910692605,3079.2586435926073,4414.0135758070255,1976.0838714612014
