v,mu,sd,comat,,,,
7.4984716023441695,8.829806126173708,17.303498037328225,299.4110443278218,1771.6071733893536,3769.9859846304266,3518.491640740992,1203.948060803599
6.279685671558351,56.89305683142942,104.17873516549874,1771.6071733893534,10853.208860683122,22587.001835385923,21628.64876904319,7222.316904938511
6.290503154942872,99.30687800894978,225.43300073538592,3769.985984630426,22587.001835385927,50820.037820560516,47155.480962268855,15634.495005505933
5.484608547195821,44.468175007030034,211.77938217033756,3518.491640740992,21628.64876904319,47155.48096226885,44850.5067124499,14638.954628873451
7.820925572809623,21.51078513483436,71.03868428864887,1203.948060803599,7222.316904938511,15634.495005505933,14638.954628873451,5046.494665462326
