v,mu,sd,comat,,,,
8.661336240344259,97.11291866697611,162.01641692813456,26249.319354231124,23876.057033665093,62443.79843281839,31521.305070664606,2318.353995726951
7.835945077254424,49.57946220182801,152.79136512097455,23876.057033665093,23345.201255530952,60442.21330571147,29396.639772548286,2260.2733491665795
6.506119450249965,81.04604206485241,400.27750968975226,62443.79843281839,60442.21330571147,160222.08476342977,76935.05651499736,5873.344816708064
8.902914627388359,73.21064959096154,197.95950494074577,31521.305070664606,29396.639772548286,76935.05651499736,39187.96559638516,2826.9930560077933
7.489371389373092,11.326865192985071,14.865450737156852,2318.353995726951,2260.2733491665795,5873.344816708064,2826.9930560077933,220.9816256188372
