v,mu,sd,comat,,,,
5.46554143335929,33.806417878137346,158.0871929325127,24991.56056928149,8757.988787348579,58509.56903736343,33445.48281009715,13936.9070343805
9.858279599948936,29.072708342783034,57.116797659991775,8757.988787348579,3262.3285749324414,20893.28925411794,12057.659462743211,5286.482834748319
7.4192999023182304,91.44269899161529,375.57906805405185,58509.56903736343,20893.28925411794,141059.6363603501,80421.75944188172,33538.823039584466
6.212613507490321,45.82775831221297,214.8021012317024,33445.48281009715,12057.65946274321,80421.75944188173,46139.94269355452,19389.00794009473
7.655619149036266,72.23146947840984,92.96751288139359,13936.907034380501,5286.48283474832,33538.82303958447,19389.00794009473,8642.958451352082
