v,mu,sd,comat,,,,
5.436748214510875,68.61072474524536,253.3228345263776,64172.45849247848,26587.85151424439,86459.70324594037,72388.47422888996,24939.04490841832
6.15238549775864,80.71176086435634,107.74059387368116,26587.851514244394,11608.035568253505,36876.52833068348,30073.327220579526,10329.661669520563
7.055305353194564,90.01302446539741,373.2686222588002,86459.70324594039,36876.52833068349,139329.46436298286,110092.7060612412,36627.17154891428
6.553913492800435,68.08229051662939,300.2916339154467,72388.47422888994,30073.327220579522,110092.7060612412,90175.06539960866,29822.786479657047
7.829779453807528,56.7168540726559,101.51668214779582,24939.04490841832,10329.661669520565,36627.17154891428,29822.786479657047,10305.636754296607
