v,mu,sd,comat,,,,
5.7714378906563795,25.56866879929895,62.52239744005304,3909.0501816519504,1060.5959823002445,1950.0819218715576,12742.391365997035,2572.2877149655105
5.66849780350033,7.97527005822124,17.674619151261105,1060.5959823002447,312.3921621421258,594.0260554804506,3741.856392672632,705.1685866709287
6.813427330884438,22.885429045968074,34.434298317483496,1950.0819218715578,594.0260554804506,1185.7209006174464,7068.752660054367,1330.3347338373037
8.395544377228157,44.35059922748708,211.93751698172628,12742.391365997035,3741.856392672632,7068.752660054368,44917.51110437951,8410.90875234078
5.972250286669338,8.64263404007089,41.72802310572076,2572.2877149655105,705.1685866709287,1330.334733837304,8410.90875234078,1741.2279123115661
