v,mu,sd,comat,,,,
6.481245808362168,72.18644400509204,191.6163442033244,36716.82336584689,21396.973128220146,7332.552146089739,27427.122415518126,16013.500450750973
9.045338578366634,48.32313804730128,112.48709089812957,21396.973128220146,12653.345618724064,4371.831494117922,16193.019706986926,9490.11792299007
6.751262626117057,13.902948115045346,39.357394021248524,7332.552146089738,4371.831494117923,1549.0044641438087,5630.959890805144,3351.34834518471
8.947046282154464,81.5503263269733,144.67328373665217,27427.122415518123,16193.019706986925,5630.959890805144,20930.35902714586,12381.011212484931
7.806744878852863,49.17770668211145,86.73325018765331,16013.500450750971,9490.117922990072,3351.34834518471,12381.011212484933,7522.656688114064
