v,mu,sd,comat,,,,
8.8885120528691,95.7795437684513,95.78415404763206,9174.604166620507,9793.79904813845,6931.884024967397,29453.0350254935,7287.470816290093
6.1877061001745615,28.46297659423205,109.55202475841051,9793.799048138451,12001.646128667386,7942.2332877238405,34929.148218657596,8651.64325430126
9.121392663306843,35.83529472973775,75.5402790100469,6931.884024967397,7942.233287723842,5706.3337529157325,22281.173071843354,5904.947026264217
9.828745990214998,71.06731799258009,332.18335470509396,29453.0350254935,34929.1482186576,22281.17307184335,110345.78114313027,25133.32783336224
9.863005569524468,28.225191708809078,79.94343175570164,7287.470816290093,8651.64325430126,5904.947026264217,25133.327833362244,6390.952280878524
