v,mu,sd,comat,,,,
5.533691011276554,17.339664502483974,73.20881383825636,5359.530423604476,1551.0113479951997,21057.872711226275,4277.385630939229,3656.6619184280703
8.421713166393436,8.806524329511976,21.52497792450303,1551.0113479952001,463.3246746503428,6381.606329566289,1289.3945695993423,1110.600883840068
7.674813086955436,69.23661127577442,298.3442249065189,21057.872711226275,6381.606329566289,89009.27653507155,17879.019359924187,15233.276920521597
6.845935383749826,46.46688195275693,61.15090179573732,4277.385630939229,1289.3945695993425,17879.019359924187,3739.4327904319102,3086.4672165649604
7.063073218632175,13.886104618197454,52.34398487412592,3656.6619184280703,1110.600883840068,15233.2769205216,3086.46721656496,2739.8927525027225
