v,mu,sd,comat,,,,
7.038435140401431,18.77408298081761,59.99385484373506,3599.2626190111528,3485.1494302737906,1813.9123567457593,16101.111719092012,4909.751703164413
5.2768302005593,22.810720948362572,59.21494141847006,3485.14943027379,3506.4092871928415,1798.2841763565987,15672.215239499128,4948.912374944108
8.942674387433764,27.803629617888532,31.880181418748318,1813.9123567457593,1798.284176356599,1016.3459672923053,8682.313861053033,2583.873756743251
6.436525923946729,59.011751930101596,276.82762157667145,16101.111719092012,15672.215239499126,8682.313861053033,76633.53206779681,22567.464855801616
7.251752934836356,22.010235052422125,83.90985400718756,4909.751703164413,4948.912374944108,2583.8737567432504,22567.464855801616,7040.86359950753
