v,mu,sd,comat,,,,
7.586489419232946,12.365738714081832,53.479606752639,2860.068338416911,4021.7061535944413,9581.195562078203,14670.56906934287,4958.07994499815
9.734813019074071,49.116633404119234,80.94666355640157,4021.7061535944413,6552.362340913271,15107.134094214565,21706.740974378026,7986.446751121444
8.827298796984534,57.057652748835636,191.36813143000978,9581.195562078203,15107.134094214565,36621.7617270135,50711.73412140052,18179.820653495713
6.411979219835564,78.49325106219476,284.41101983553864,14670.56906934287,21706.740974378026,50711.734121400514,80889.62820389113,27268.18155633339
6.105226816308263,57.98214215045018,99.32277554324713,4958.079944998149,7986.446751121445,18179.82065349571,27268.181556333395,9865.013741614252
