v,mu,sd,comat,,,,
6.144017437784505,5.494212201722044,18.343577741812723,336.48684436992716,312.29110340250406,2966.432916939176,1079.6945579207188,3262.296200448803
5.953440093120915,11.171400453362734,17.593130424982,312.2911034025041,309.5182381504274,2749.883114795881,1057.1199524909707,3005.279512807114
9.431798354911994,34.74942471250547,162.60029696143164,2966.4329169391763,2749.883114795881,26438.856571945755,9683.141831486575,28893.362730233726
8.594629477947032,31.518903766976315,61.50836603275465,1079.6945579207188,1057.1199524909705,9683.141831486575,3783.2790920193265,10541.422679689695
7.664916917170711,50.304244039410186,178.24419159408825,3262.296200448803,3005.279512807114,28893.362730233726,10541.422679689695,31770.99183703004
