v,mu,sd,comat,,,,
6.296857349742217,53.75257269301141,198.46939883613854,39390.10227437824,40565.665741424884,47109.762343102506,11934.550239236309,12016.26104214277
5.2168052558095015,70.03142748877362,206.259377083061,40565.66574142489,42542.93063469236,47246.82982763231,12169.59745658755,12369.916080185742
7.910151710633022,99.80234420471189,243.23238973690576,47109.76234310251,47246.829827632304,59161.99541712602,14584.408514165018,14514.832939448424
5.562560839055607,39.80917847255864,61.45294363623247,11934.550239236309,12169.597456587546,14584.408514165018,3776.464281557964,3652.1222897675916
8.053883912485752,36.36733654671306,61.14299090010188,12016.261042142769,12369.916080185742,14514.832939448424,3652.1222897675916,3738.465336209942
