v,mu,sd,comat,,,,
5.243624404045637,74.03502268317087,325.5446438854528,105979.31516250623,32866.049054119,54534.96463280759,58698.95809747934,90756.74805409751
6.445548298949085,30.41457143529687,105.21309182493619,32866.049054119,11069.794691362453,17384.310695141838,19335.953994378517,29237.54054741415
8.60483173415615,67.01182695342897,170.69693074122574,54534.96463280758,17384.310695141834,29137.44216447482,31006.29653936713,47800.26588730809
5.108081249579749,43.98364696441778,186.5183815341857,58698.95809747935,19335.953994378517,31006.29653936713,34789.10665013207,51669.665540898946
6.0296138263371954,62.03508021130281,284.94954005590455,90756.74805409752,29237.54054741416,47800.26588730808,51669.66554089895,81196.24037807155
