v,mu,sd,comat,,,,
7.569716718863451,75.53857872438667,198.79210187374883,39518.29976738294,52624.6427723842,10858.625940911425,34268.437674221095,4434.820579276576
8.865825260396484,99.1813848953557,278.5557987101657,52624.642772384206,77593.33299505836,14732.727488997085,48341.44931871798,5807.898920596784
9.352138428624063,23.038461597152544,55.44219349316796,10858.625940911426,14732.727488997087,3073.836819333877,9352.831268568803,1223.31361720931
5.04023474264909,72.90710831039968,177.1454232806538,34268.43767422109,48341.44931871798,9352.831268568802,31380.500989282005,3807.9703849717484
6.54867962752602,9.903762629532217,22.418909946572313,4434.820579276575,5807.898920596784,1223.3136172093098,3807.9703849717484,502.6075231925189
