v,mu,sd,comat,,,,
7.717024708954828,89.58909852699719,441.1083597512472,194576.58504243573,21079.721026570413,99939.79447892618,90821.78434078017,5526.252488800461
6.391846925468981,10.694488937713539,48.790223955412095,21079.721026570413,2380.485953619269,11159.054271240375,10253.269338281461,621.696226029193
7.122587953745665,59.80564244300312,237.42354167254615,99939.79447892618,11159.054271240375,56369.93814033524,48452.11464348998,2966.4848321893264
9.22388066159952,64.86747396516073,215.8380070341998,90821.78434078016,10253.269338281461,48452.114643489986,46586.04528049527,2666.5974943714314
5.023594280954863,6.9417175425577,12.773498257097915,5526.25248880046,621.6962260291929,2966.4848321893264,2666.5974943714314,163.16225772408347
