v,mu,sd,comat,,,,
5.770814211898362,95.2797848464549,387.77944431050753,150372.897429766,83924.98051491885,44842.33091798177,63328.94000231786,96098.44036126914
8.700248482577024,83.37587905540347,218.99184954534343,83924.98051491885,47957.43016729033,26333.029704587385,36285.83678259244,55813.507151649086
6.316575075925673,47.87429908502486,124.59413248995682,44842.33091798178,26333.02970458739,15523.697850924915,20802.766130358785,31427.296050188517
7.668696966901489,99.53812523216305,170.2357459571689,63328.94000231786,36285.83678259244,20802.766130358785,28980.209201593745,42699.337833678364
5.072874812427099,96.44670578764578,258.1879356559298,96098.44036126914,55813.507151649086,31427.29605018852,42699.33783367836,66661.01011827055
