v,mu,sd,comat,,,,
9.429402497188129,56.19852365176656,174.19619250607664,30344.313483614118,41887.266686368945,5671.224970069549,35997.85883453072,16653.06285349558
8.942907834018623,63.37727222709164,246.96623979569966,41887.26668636894,60992.32359882703,7809.465113415778,49198.27177526834,23982.515574605808
7.123640657375538,11.470265117333952,32.90253512757219,5671.224970069548,7809.4651134157775,1082.5768178211222,6775.480404044135,3174.64041188225
7.394348234235947,48.842621628605116,209.74105267534864,35997.85883453072,49198.27177526833,6775.480404044135,43991.30917736337,19355.83963868364
5.001770298657749,40.033908321161704,100.58165750414699,16653.06285349558,23982.515574605804,3174.64041188225,19355.839638683643,10116.66982628153
