v,mu,sd,comat,,,,
6.82552791511347,45.34963854384166,150.30961294300832,22592.979743076972,28747.3689763629,26231.2740708132,6737.530094990862,16546.04948307402
7.25602957946669,61.9706452693738,196.38757192436205,28747.368976362905,38568.078406346474,33644.79015259129,8758.444642773284,21206.886250375424
7.480301743838948,85.16588983924115,182.03717465331465,26231.274070813204,33644.7901525913,33137.53295576138,8295.197976385998,20065.731518857683
5.378110332975685,12.862356654807677,46.7334427433495,6737.530094990862,8758.444642773284,8295.197976385998,2184.014670645926,5050.825073620041
7.858807911638604,25.980313436615422,111.63540075058646,16546.04948307402,21206.886250375424,20065.731518857687,5050.825073620041,12462.462700744038
