v,mu,sd,comat,,,,
9.174210743328247,99.12815469317425,418.32763305239484,174998.00857521908,51700.96052004674,16432.344390477803,21992.83155288621,126086.08343711354
5.5239805218493485,40.85446354306013,125.13516695449661,51700.960520046734,15658.810008729735,4969.075616540291,6652.822275187637,37728.29456908361
8.72320240839759,10.595397530347356,40.73276344009227,16432.3443904778,4969.075616540291,1659.1580174665178,2123.1551198784564,12634.766414369258
6.802504181281428,11.888242272775432,53.85904354773541,21992.83155288621,6652.822275187638,2123.1551198784564,2900.79657187686,16309.814156750208
6.79655418904036,73.97549276382307,320.5701976362221,126086.08343711353,37728.29456908361,12634.766414369258,16309.814156750206,102765.25161252648
