v,mu,sd,comat,,,,
8.237755246765117,44.08638191798652,216.66586772674506,46944.09823778338,26119.618947782565,32626.3145193045,25755.353875623754,23349.638195145177
7.535748441065401,36.25936620667085,122.63339297090444,26119.618947782565,15038.949071556275,19162.05603435099,14614.790156184014,13777.958125594541
7.641706900761197,55.9054023846185,159.01642211793,32626.314519304506,19162.05603435099,25286.222503187695,18836.764118061896,17849.25036210294
9.48142602004944,26.450967882241457,123.84903565302362,25755.353875623754,14614.790156184012,18836.764118061896,15338.583632183916,14214.901327999129
8.49995595333744,63.028169973757215,118.51613414743603,23349.638195145177,13777.958125594541,17849.25036210294,14214.901327999129,14046.074053253056
