v,mu,sd,comat,,,,
8.596928931219793,24.214378103634726,50.35390614825805,2535.5158643875798,647.3289842569573,8926.259062087403,20594.706198961925,4572.81750097216
8.036105878109947,6.622312951000792,12.964802549434266,647.3289842569573,168.08610514581727,2249.2570667002597,5259.799255444633,1163.8075403522246
8.449308072893817,88.27972407705455,182.67347485921266,8926.259062087403,2249.2570667002597,33369.5984171394,75467.94449506185,16804.37602983048
7.117164894502675,93.07215966720787,431.1550748408426,20594.70619896192,5259.799255444633,75467.94449506185,185894.69856101257,37263.95595368717
7.253830552951318,33.547466244270026,92.82816247760655,4572.81750097216,1163.8075403522246,16804.376029830477,37263.95595368717,8617.06774896892
