v,mu,sd,comat,,,,
6.923865597583719,27.955912867615147,74.15909876879209,5499.57193019946,5768.158177207356,4506.051421095778,6806.881110752498,11150.951524902572
9.298539232953095,74.27299042827866,78.75621242162089,5768.158177207356,6202.540994999471,4830.407986081153,7246.243678159247,11741.916842729162
9.7209981790371,22.506476254800457,62.39095543370968,4506.051421095778,4830.407986081153,3892.631319931147,5813.809116597178,9125.811873348817
8.514124468053648,61.84794016722599,93.31443609629113,6806.881110752498,7246.243678159249,5813.809116597178,8707.583983968801,13808.635728352465
8.168170485857035,82.12527940245629,153.69868321615235,11150.95152490257,11741.916842729164,9125.811873348817,13808.635728352461,23623.285222379156
