v,mu,sd,comat,,,,
6.254618118724701,31.6951568679994,105.50996310034134,11132.35231343539,37863.49790673648,6388.971017885953,18556.469263089944,9985.407410871627
5.230479103363058,87.89710073459071,365.4196161094075,37863.49790673648,133531.49583754677,21964.428368715373,62336.167063986715,34090.36572747205
8.384081205552793,25.718330912185298,61.37650158795961,6388.971017885953,21964.428368715373,3767.0749471768086,10641.77828331579,5568.8414905540085
5.217347428223761,73.54256095737017,177.654815429128,18556.469263089944,62336.167063986715,10641.778283315793,31561.233445157537,16642.374277713818
5.582118515832656,48.765008939998964,96.43722508686236,9985.407410871629,34090.36572747205,5568.8414905540085,16642.374277713814,9300.138382454152
