v,mu,sd,comat,,,,
6.504366650233093,23.43163317874204,24.517506129923895,601.1081068308557,4074.4314487756433,3498.3674621685636,8881.364172279535,3457.5482788505506
5.93472908170939,47.45290525529014,171.19818318326492,4074.431448775643,29308.81792525073,24640.302185887474,63136.52160033277,24363.65293727174
6.615913384841097,72.57505612252324,146.60406579741226,3498.367462168564,24640.302185887474,21492.752108331984,54040.247558538314,21295.40921948898
8.328747851441545,77.5722607130658,377.4915369878894,8881.364172279535,63136.52160033278,54040.24755853831,142499.8604974791,56691.83580819486
7.834854004846067,55.802039143363395,151.9752723899437,3457.5482788505497,24363.65293727174,21295.409219488978,56691.83580819487,23096.483417997588
