v,mu,sd,comat,,,,
6.554148998781777,54.61598685540654,266.1872165522883,70855.63425585482,120022.53042481598,31648.963463156648,16747.884944908903,60016.93929288066
9.09493610359425,99.84014232615002,451.1693028673004,120022.53042481597,203553.7398497658,53568.20270113237,28254.98149852558,101121.97071762521
6.6737631228576255,90.39283240786912,119.57707478447503,31648.96346315665,53568.20270113238,14298.676814011931,7641.604152359628,27619.95604387195
5.968567593367713,56.3722640157656,64.90143070557855,16747.8849449089,28254.98149852558,7641.604152359628,4212.195707631014,14827.68924270462
5.551566625263002,69.87835800600197,237.53771752074312,60016.93929288067,101121.97071762523,27619.95604387195,14827.689242704619,56424.16724496437
