v,mu,sd,comat,,,,
5.487668008747258,21.39823120799878,67.78383071894933,4594.6477069351795,2815.669434855074,5766.164886191151,847.1592082542642,22749.847651810593
8.80624858337428,9.918059086498573,42.669775842705384,2815.669434855074,1820.7097704667237,3563.006434808669,543.8810549986702,13998.403867475023
6.234689865831635,72.55136217198391,85.36893084219057,5766.164886191153,3563.0064348086694,7287.854353138717,1067.2336075548114,28789.376580028533
5.690658437381598,12.270973345884716,12.778691990646525,847.1592082542643,543.88105499867,1067.2336075548114,163.29496899181365,4181.3762286651545
6.657232816354657,99.45895811450453,337.93921992793906,22749.847651810596,13998.40386747502,28789.376580028533,4181.3762286651545,114202.91636550399
