v,mu,sd,comat,,,,
5.575272831948895,91.32296199395334,423.7944609865573,179601.74516288663,32741.73629834982,43581.46096057002,78074.15424546484,99946.41868108964
8.045332696397407,54.899288755178816,77.74155421152719,32741.73629834981,6043.749251223819,7938.203492830205,14558.368431816241,18566.063478729706
5.666954820929941,22.186886549500596,106.76686759007585,43581.46096057002,7938.2034928302055,11399.16401499679,20039.7036829944,24769.875616750633
6.2029480998267434,44.135533421704075,196.84750156932205,78074.15424546484,14558.36843181624,20039.703682994397,38748.93887408425,44697.416708776014
6.635695279055699,68.85684155023674,242.04165721462664,99946.41868108964,18566.063478729706,24769.875616750633,44697.41670877602,58584.16382720282
