v,mu,sd,comat,,,,
8.213449578930394,62.26370825757588,92.50944484720446,8557.997385937966,6917.899776578268,5934.763377786521,13708.438127444915,9957.248721048049
7.693104654844735,25.22276642759619,76.4187341840671,6917.899776578268,5839.822934295105,4896.804650370371,11159.17092091322,7972.665230765252
7.5594899122931505,50.276831180316464,66.64941645688359,5934.763377786521,4896.804650370371,4442.1447140431055,9588.374844776992,7121.273661454208
8.051286135564983,38.915716488883064,153.0471196307644,13708.438127444915,11159.170920913222,9588.374844776992,23423.420827273512,16330.58646166125
7.464944918055958,74.4585792184178,109.61519496320324,9957.24872104805,7972.665230765253,7121.273661454207,16330.586461661247,12015.490966821058
