v,mu,sd,comat,,,,
9.464300757180009,73.14655382777374,347.4021065931425,120688.22366535314,26677.19791570779,59293.669590907404,65171.90538329935,95652.53427023177
6.659899026505887,38.421928011271696,77.40237214827107,26677.1979157078,5991.127214179449,12914.936717050947,14384.589398189357,21371.154770837053
9.106145615289158,43.234888358493436,172.3361184221402,59293.669590907404,12914.936717050947,29699.737712809932,32187.519002559027,46348.315436585326
5.208483128626249,73.78670390411038,193.64812670775524,65171.90538329936,14384.58939818936,32187.51900255903,37499.596977422836,50822.631565243006
5.538283399679839,98.99108558660022,277.3727370143865,95652.5342702318,21371.154770837053,46348.31543658533,50822.631565243006,76935.635238852
