v,mu,sd,comat,,,,
6.0110114671512065,76.10157012677368,122.39107909534144,14979.576242122126,3920.4018251589014,20945.56597123945,22633.949769839237,3907.0100276995054
8.922738020552805,11.473540171479724,33.87613328937749,3920.4018251589014,1147.5924066396701,6004.325952535237,6257.466043175078,1065.5754961708806
9.302686196185157,55.771954346369945,184.6835120185631,20945.56597123945,6004.325952535239,34107.99961151074,32875.34323828541,5768.680049602973
6.635426005407173,68.08292509235909,188.573658676279,22633.94976983924,6257.466043175078,32875.34323828541,35560.02474655778,5913.438027129749
6.244302380424167,18.082164564152187,32.80919506734844,3907.0100276995054,1065.5754961708806,5768.680049602974,5913.438027129749,1076.4432809673212
