v,mu,sd,comat,,,,
9.318799927850414,68.05369813806234,201.69485155269518,40680.81314286375,40748.61193359025,20727.33843831001,40950.48249715099,28162.66588902209
6.424529826138134,76.75488144480724,208.12024716898355,40748.61193359024,43314.037281678815,21534.973086713464,41962.01068229478,29067.825600130214
5.366281940418681,36.33200717774429,105.75520910345814,20727.33843831001,21534.973086713468,11184.164252516157,21297.69865288407,15081.632157805298
8.816186021651426,92.35600293353242,205.9677173073449,40950.48249715099,41962.010682294786,21297.69865288407,42422.70057279835,29250.94182336197
7.263595287997057,98.56733336216142,143.41200182400178,28162.66588902209,29067.825600130218,15081.632157805296,29250.941823361965,20567.00226716749
