v,mu,sd,comat,,,,
8.645068711445596,18.826268426997146,76.45509785322149,5845.381987745673,21128.33019041494,1490.5869797392686,9305.660986287492,23281.16329916632
7.806198011638205,79.26956721612724,293.32230370057965,21128.33019041494,86037.9738482151,5722.341140476775,39089.15288987142,89141.30735993685
5.624835460046205,17.51170766862004,20.26477101499608,1490.5869797392684,5722.341140476775,410.6609442902252,2566.596710518647,6034.153242672577
6.987961843500585,67.32219231409377,134.96284927674026,9305.660986287492,39089.15288987142,2566.596710518647,18214.970684896107,40196.27753423639
8.90654103136738,98.89974648300421,309.9055380388412,23281.163299166317,89141.30735993685,6034.153242672578,40196.2775342364,96041.44250714367
