v,mu,sd,comat,,,,
6.777095589026183,60.05145356654699,121.7188565135117,14815.480030956849,5747.923945539624,18815.20718963807,12222.441663062673,11449.330189751163
6.704244383446508,36.381737262763494,48.191725688168475,5747.923945539624,2322.442424803677,7408.972601017655,4822.689846285529,4544.615476103315
9.66553221140785,72.91830129314732,157.3503916435173,18815.20718963807,7408.972601017655,24759.145750368283,15770.201616547616,14890.47658343209
9.569095928225131,54.18255572016177,100.92439737082594,12222.441663062677,4822.689846285528,15770.20161654762,10185.73398466438,9581.717883896386
9.18732364188197,40.21059649860369,95.35922003813887,11449.330189751163,4544.615476103314,14890.476583432092,9581.71788389639,9093.380846282185
