v,mu,sd,comat,,,,
7.503340631701906,23.55848749007873,104.05323451067532,10827.075612133596,17038.43546666608,11810.755370324036,7929.805954380744,5977.845314016521
7.3403371297405755,46.61833950906576,164.9507231973205,17038.435466666084,27208.741083319048,18505.804170917127,12617.742630717194,9320.765657050806
7.503912628211162,31.50875721954738,116.60740201724468,11810.755370324037,18505.804170917127,13597.28620521132,8735.516020550514,6720.137046473082
5.745890827260541,41.46889684634809,76.76775825296237,7929.805954380744,12617.742630717192,8735.516020550514,5893.288707185273,4400.270369012668
9.101389679097075,21.05432689139876,58.27678737302751,5977.845314016521,9320.765657050804,6720.137046473082,4400.270369012667,3396.1839465210587
