v,mu,sd,comat,,,,
9.620175577872127,65.82166556057005,306.2286105365323,93775.96191113516,54819.49205575745,22190.54155907267,101428.11153160756,80933.08001652343
5.78935290267396,57.82572099077506,181.67710764693027,54819.49205575746,33006.57144295428,12728.805540209703,58434.405367814135,48479.09898647957
9.334575384078986,47.109644470540516,73.32704076907513,22190.541559072673,12728.805540209705,5376.854907949604,24078.56464950338,18705.480364312847
5.420784704307291,93.86103278027478,333.3300054962519,101428.11153160753,58434.40536781414,24078.564649503376,111108.8925641313,86763.98289648906
7.867868419688138,95.24582264656264,267.905452661055,80933.08001652343,48479.09898647957,18705.480364312843,86763.98289648908,71773.33156552476
