v,mu,sd,comat,,,,
6.116455395767694,49.459634001096305,180.24264500302868,32487.411077687822,25382.998608882954,4278.6882966115645,21966.061994377153,23755.942394315694
7.615816707003381,70.54683003302813,144.8550715604926,25382.998608882957,20982.991756795433,3579.2222056454966,18351.3196970407,20060.315187970427
7.753507282905906,6.090498707216609,24.880770027422535,4278.6882966115645,3579.2222056454966,619.0527171574876,3161.3016816333648,3463.4403894753646
5.2280097506640315,82.53352099744069,128.63397393774574,21966.061994377156,18351.3196970407,3161.3016816333648,16546.69925101665,18057.435961373147
6.803644176738864,59.9106408296099,141.55069663892527,23755.942394315694,20060.31518797042,3463.4403894753636,18057.435961373147,20036.599718965048
