v,mu,sd,comat,,,,
9.184720621322619,5.657039517593105,26.849320030205565,720.8859860843978,4487.841112631717,1192.0204561894686,3900.895718683457,5041.00565324991
9.851179259701649,39.483476210600266,169.16628578018958,4487.841112631718,28617.232244664778,7598.938510814668,25279.00784072552,33277.685951790416
7.235768926307557,17.05610478925724,45.467305937068886,1192.0204561894686,7598.938510814668,2067.27590917502,6669.379090370578,8977.90810074111
6.422905045143158,87.29221300693217,152.32345036093898,3900.895718683457,25279.00784072552,6669.379090370578,23202.433529861442,30381.08786150135
8.85608294004877,68.12049247765219,203.59423305589416,5041.005653249911,33277.685951790416,8977.908100741108,30381.087861501357,41450.61173361774
