v,mu,sd,comat,,,,
9.244088486342893,66.05886409829507,177.0329520085631,31340.6660968662,19400.79564043392,10096.391558300325,2384.502928922042,13788.120644018602
5.894479624604992,43.30803123096541,110.94137393413614,19400.79564043392,12307.988450393823,6311.82781388492,1490.0667589258228,8739.70641304013
5.271816071532157,43.588004634886694,57.47795091879965,10096.391558300325,6311.827813884919,3303.7148418239417,780.7270769729225,4477.450685058521
6.8076922304411145,10.398964134147956,13.657205372030804,2384.5029289220415,1490.0667589258228,780.7270769729225,186.51925857382702,1050.2298472014927
6.37700464303206,71.08939201071712,79.38096322036064,13788.1206440186,8739.706413040129,4477.450685058522,1050.229847201493,6301.337321792248
