v,mu,sd,comat,,,,
7.729257149674893,96.49281052298066,167.27818998229202,27981.992843751777,47938.46122520172,7367.168711155289,24789.606521704412,10041.09563991551
9.294283052956795,74.15974713402582,291.6673383324294,47938.46122520171,85069.83624992381,12903.520777989526,44200.32411011746,17603.580896686395
8.429462932832896,9.383297963097984,45.774970098046566,7367.168711155289,12903.520777989526,2095.347887477057,6898.952942208789,2729.948454989482
6.657959105067171,40.20163660405798,153.88289794873606,24789.606521704412,44200.324110117464,6898.952942208789,23679.94628110112,9378.634978037884
5.2999896478030895,31.023416651841277,61.92833190023478,10041.095639915507,17603.58089668639,2729.948454989481,9378.634978037884,3835.118291945637
