v,mu,sd,comat,,,,
5.230204968157428,82.97212128463435,136.44514532120866,18617.277681725747,16069.313630159655,4745.526176929822,44616.943224588555,13907.830463281925
6.851211580577996,52.34262009294078,121.6508346935618,16069.313630159657,14798.9255816403,4359.423162233322,41697.18248743048,12510.8580757168
6.2115913374570235,23.5100151449123,37.27066830477512,4745.526176929821,4359.423162233321,1389.1027158845689,12888.415389772268,3813.361078792048
8.142400025222924,70.23896926427379,349.68305143967314,44616.94322458856,41697.18248743048,12888.415389772272,122278.2364641611,36090.24940334849
9.950550300134584,32.05192246537638,104.64208250291972,13907.830463281924,12510.858075716797,3813.3610787920475,36090.24940334849,10949.965430547858
