v,mu,sd,comat,,,,
6.376128349006688,22.89751456786722,37.9731103609301,1441.9571104833772,17106.625558883126,1046.7618907635222,2569.202459912689,911.1417876949168
8.196153804626348,94.04039633370991,465.8106109579011,17106.625558883123,216979.52528097303,12965.421786093786,29969.014295882218,11257.025827476766
8.119496061676898,13.82604726830261,28.32647050640978,1046.761890763522,12965.421786093786,802.3889313505031,1856.2012384091959,664.8015869756446
8.89021153657708,17.603672732539938,68.35895297276498,2569.2024599126885,29969.01429588222,1856.201238409196,4672.9464515326945,1614.2478612826617
7.3905676475025,23.177073060669517,24.57596301541784,911.1417876949167,11257.025827476768,664.8015869756446,1614.2478612826615,603.9779581351855
