v,mu,sd,comat,,,,
6.09322525073603,38.2318248190338,45.9399807827656,2110.4818343208726,10875.269988497123,8478.694788290028,4019.6762599581484,2926.2712545725776
5.157013597512902,57.407178927389786,242.6881862126403,10875.269988497123,58897.55572718118,44465.18745241989,21324.975517576706,15561.358069723497
6.435626386698517,40.780353375185875,192.69619265309328,8478.69478829003,44465.18745241989,37131.822662998035,16800.36947495878,12361.541749051774
5.863223277776032,33.87643904816707,89.5409237432071,4019.676259958147,21324.975517576702,16800.36947495878,8017.5770247868295,5630.606916239085
6.516881904392052,25.113271822404588,66.36497776652774,2926.271254572578,15561.358069723497,12361.541749051776,5630.606916239085,4404.310273951722
