v,mu,sd,comat,,,,
9.59554515899591,21.053595830919964,75.31879735633072,5672.921235204011,2693.074413291748,8547.294143711812,28105.649382358173,11585.981242143569
8.210977999619278,15.216402486246293,36.71688084321988,2693.074413291748,1348.1293388552072,4097.235087922231,13344.64544298801,5526.399032212752
8.768561148645883,41.6418475209826,115.856932588799,8547.294143711813,4097.23508792223,13422.828828885516,44034.10642272427,18247.347332548612
5.696572840513675,97.82000283622119,383.21729897352066,28105.649382358173,13344.645442988009,44034.10642272427,146855.4982325607,59174.77083205419
5.4365977399480006,34.66233054145954,158.71953797391237,11585.98124214357,5526.399032212753,18247.34733254861,59174.7708320542,25191.8917346522
