v,mu,sd,comat,,,,
9.350620683136059,54.95280152914858,177.88047357893748,31641.462880667077,57034.946424501235,19215.894405516992,26153.284989840013,45870.02028863189
7.911384643362799,75.80196401914618,326.9630556541785,57034.946424501235,106904.83976271743,34710.035285893246,48061.40882338591,84097.51250751199
6.394194703505345,83.25097293287968,108.93899966206484,19215.894405516996,34710.03528589325,11867.705647371364,15735.585366519334,28147.03981382744
5.929556160450896,66.26189668427627,148.2298734373867,26153.28498984001,48061.40882338591,15735.585366519334,21972.09537926367,37823.20835936189
7.055500639625566,54.804103008255915,264.8336676388231,45870.02028863188,84097.512507512,28147.039813827436,37823.20835936189,70136.87151503061
