v,mu,sd,comat,,,,
6.1099658554486975,59.877971522326824,60.27129140683123,3632.6285678471672,11328.590233495983,11666.40699334307,20299.696991012202,5248.07172705921
9.353661530886882,53.969898131012386,192.08862005299432,11328.590233495985,36898.03795386361,38011.90940545449,67581.69353119476,17433.20778534324
6.0335957766971315,98.63431826639794,200.85797741228487,11666.406993343071,38011.90940545449,40343.92709015394,69498.5376741759,17903.75307436147
9.593054539689607,81.23720409997267,364.0996529172277,20299.696991012202,67581.69353119475,69498.53767417588,132568.55725444562,33981.42418490881
7.442055943974146,92.66121332483864,93.48189980409978,5248.07172705921,17433.207785343242,17903.753074361473,33981.424184908814,8738.86559098375
