v,mu,sd,comat,,,,
9.36714701395908,35.37053066436763,96.55814363382521,9323.475102010421,12298.102095836044,7755.940224445201,24784.759016743486,2147.2310875694952
9.84270331410466,30.663845451189204,128.917661035501,12298.102095836044,16619.76332686433,10094.78000570654,32808.89585027305,2768.771262764723
9.345972701069599,65.63268658169653,83.6659585837531,7755.940224445202,10094.78000570654,6999.992625738287,20300.301865678917,1782.108982469721
7.654278457777995,62.34622525506557,260.75050776311474,24784.759016743486,32808.89585027305,20300.301865678917,67990.82729872214,5805.525480321099
6.163641639886453,8.040774860450696,22.689388453396326,2147.2310875694952,2768.771262764723,1782.108982469721,5805.525480321099,514.8083483891145
