v,mu,sd,comat,,,,
8.251871208697958,23.20935346860262,89.51910211724413,8013.66964387758,18080.5274615566,5379.985439268639,19421.285825593466,1105.4788403611235
7.527266868674214,65.78768393599266,206.10066445636096,18080.5274615566,42477.48388935349,12396.887680421685,45069.51552590949,2621.606076215966
9.39300735460776,59.39015176948417,62.319876860738205,5379.985439268639,12396.887680421687,3883.7670519375743,13463.425904230862,807.0630980233451
5.909201126857672,71.0476079389242,222.99263977627572,19421.285825593463,45069.5155259095,13463.42590423086,49725.71739439186,2838.3987287236314
9.261165343372985,12.517798141924512,13.200644117898026,1105.4788403611237,2621.6060762159655,807.063098023345,2838.3987287236314,174.25700512739573
