v,mu,sd,comat,,,,
5.927876374092697,32.62885584024167,63.45992281680276,4027.1618039145637,2125.6783447626535,12106.059036006895,10466.472397191355,20025.19402363751
6.93299651521035,22.566975136605784,34.953253267842946,2125.6783447626535,1221.7299140059736,6753.419289685408,5988.88220444797,11444.0369307018
9.159480993185849,50.89397869373476,199.64537002080047,12106.059036006893,6753.419289685407,39858.273770742344,33785.97253989722,67532.29626202842
5.993487245199411,77.98522320561217,174.62302601564755,10466.472397191355,5988.882204447971,33785.97253989723,30493.201214861518,56394.35931597564
9.582789829497457,71.02475281671964,340.90443448228496,20025.19402363751,11444.0369307018,67532.29626202842,56394.359315975635,116215.83344968653
