v,mu,sd,comat,,,,
5.192808404407049,52.46744281323058,224.7629508956901,50518.38409533841,83400.69109717265,25777.65681978914,16462.291375707635,9153.758580066882
8.900502302623375,93.76687525618043,391.8749785112158,83400.69109717265,153565.99878316582,44810.62713705406,27649.66038024536,15270.21077714355
5.463518776670667,48.85058470741337,117.7669976263141,25777.65681978914,44810.62713705406,13869.065729916269,8505.210474779064,4696.868865536061
8.164463432422387,15.316280417667144,75.64873453022349,16462.291375707635,27649.66038024536,8505.210474779064,5722.731036024227,2977.5410056595606
5.069454241601093,19.35053589166315,40.900231505446015,9153.758580066882,15270.210777143548,4696.868865536061,2977.5410056595606,1672.8289371990788
