v,mu,sd,comat,,,,
7.290274741120452,84.05202168821316,413.0862588987346,170640.2572909524,117111.79813365833,40633.74259194506,25869.875702576108,34472.87892133464
6.5417480348245585,63.82065269445637,285.89626875556587,117111.79813365833,81736.67648835477,27919.480509754205,18064.103741843395,23621.28141663382
6.157435225177812,28.64330550763226,102.3177780410133,40633.742591945054,27919.480509754212,10468.927703250063,6658.355372749312,8469.394158935886
6.387122758780629,33.54281260221666,66.46314476476218,25869.875702576108,18064.1037418434,6658.355372749313,4417.349612021734,5371.547214286918
9.08617405951335,56.87224991710502,84.11652410101513,34472.87892133463,23621.28141663382,8469.394158935887,5371.547214286918,7075.589626836658
