v,mu,sd,comat,,,,
6.473325013435549,20.101080733891166,74.51570214459517,5552.589866102026,3289.8511501255657,26775.294916018953,3961.095642707034,17868.97938778526
7.652933778026471,16.254865163512264,45.188269375812695,3289.8511501255657,2041.9796891810115,16710.241855533888,2441.9650273571874,11575.21917751731
5.957603934737474,89.35833124493391,374.3283868762037,26775.294916018956,16710.241855533885,140121.74122134084,20652.80487858881,95330.81253882757
5.339501790956457,11.457979185044508,55.49272364441233,3961.095642707034,2441.9650273571874,20652.804878588806,3079.4423774751194,13746.033057391052
8.934927299999567,67.62451227572205,262.0520405297468,17868.97938778526,11575.21917751731,95330.81253882758,13746.033057391054,68671.27194580408
