v,mu,sd,comat,,,,
6.013034768144452,33.255894360166835,165.9182908008359,27528.879222270753,59878.63548043942,13414.171792537913,57287.6158974253,36454.7604969297
6.035465520304866,90.32604998302867,366.3451138483525,59878.63548043943,134208.74244056238,28895.855275219623,122363.00445758604,79693.68128467568
5.763188716501229,25.024530905903493,81.53150762566035,13414.171792537913,28895.85527521962,6647.38673571311,28305.56324400127,17925.995390737815
8.772964057627615,74.58200976910275,357.63009837071445,57287.6158974253,122363.00445758602,28305.563244001274,127899.28726064687,76076.08439582627
6.137133828680611,51.636034141111566,223.18940596510228,36454.7604969297,79693.68128467568,17925.995390737815,76076.08439582628,49813.51093505524
