v,mu,sd,comat,,,,
7.100914835703869,49.75044075192142,101.70704975665586,10344.32397020287,8661.676113347618,9658.651398326767,3853.018774380095,9685.639834195079
6.8161974848254285,46.85880890708138,86.10455225064426,8661.676113347618,7413.993918283929,8214.783831431883,3216.9069995352306,7975.91584844667
5.924383438807259,49.9258621366732,96.1338030067156,9658.651398326767,8214.783831431881,9241.708080534,3580.5714844353574,9045.468769082077
7.591413640837381,20.31181003767401,37.94751077792191,3853.018774380095,3216.9069995352297,3580.5714844353574,1440.0135742405,3596.266067053253
5.043027260043846,20.267970806415025,97.04103581871972,9685.639834195077,7975.915848446671,9045.468769082077,3596.266067053253,9416.96263277004
