v,mu,sd,comat,,,,
8.220717680341675,75.69301542182808,177.19495104670716,31398.05067644494,23718.551402978424,12857.441840763067,22827.396281707683,12958.245216351961
6.903742448175583,61.56663737909772,139.41971452859084,23718.551402978417,19437.85679923377,10049.047412064352,17739.01824141503,10175.054598810751
8.315239526678344,37.893790273173806,75.00421108067208,12857.441840763067,10049.04741206435,5625.631679834012,9856.12549076134,5546.767613383188
5.818253630513767,71.3052656732901,131.7951857795983,22827.396281707686,17739.018241415033,9856.12549076134,17369.97099467883,9788.40250698635
9.813039068371594,30.392850991013646,75.84767907455026,12958.245216351965,10175.054598810753,5546.767613383188,9788.40250698635,5752.8704209959715
