v,mu,sd,comat,,,,,,,,
9.800086516679592,17.931661599607715,73.10111643355916,5343.773223832773,10271.724146101034,20457.606582979704,8378.66977565443,3382.3821797598275,2222.6632484057377,9328.064836655994,3302.2436624693337,9166.800947083986
8.497560249747881,50.08550399562332,154.0856827456199,10271.724146101033,23742.39762718382,41794.775333199475,19294.392623171112,7650.598369514944,4255.685620700017,20241.431503681924,5862.092539814562,17749.09048213519
9.999336463119395,94.69833935093496,338.4614717628403,20457.606582979704,41794.77533319948,114556.1678678679,35919.01549579656,13974.058977563685,8053.942976415913,37282.22259462941,11712.419171548121,38312.69966146065
6.100336498914259,46.633785410007,133.14649113914777,8378.669775654433,19294.39262317111,35919.01549579656,17727.988102667157,6002.975760876983,3659.0740620317692,16003.114521841917,4043.065296148549,13764.297886213322
6.80528176982029,28.63898811374895,58.05230223994076,3382.3821797598275,7650.598369514945,13974.058977563687,6002.975760876983,3370.069795357431,1138.6208186128729,8641.293761396637,2161.3008425272,6506.237015544066
8.699204951047186,7.1844361477450125,33.97965539381907,2222.6632484057377,4255.685620700017,8053.942976415911,3659.0740620317692,1138.6208186128729,1154.6169806826977,3311.209824081989,1329.263563251115,3175.2340635980645
9.982278625445485,42.26460560178372,151.86304617759296,9328.064836655994,20241.43150368192,37282.22259462942,16003.114521841915,8641.293761396637,3311.2098240819896,23062.38479433773,6283.514339810586,17659.170100979107
6.581734888953042,38.8902549471836,56.07047592100595,3302.243662469334,5862.092539814561,11712.419171548123,4043.0652961485494,2161.3008425271996,1329.2635632511149,6283.514339810585,3143.898270008108,6637.02663350208
5.682722899117623,47.61302906096422,136.9205660723303,9166.800947083986,17749.09048213519,38312.69966146064,13764.297886213322,6506.237015544065,3175.2340635980645,17659.17010097911,6637.026633502081,18747.24141356737
