v,mu,sd,comat,,,,,,,,
6.09322525073603,67.22645449409137,137.6354828285194,18943.52613343966,11258.550035978542,12885.636905401447,45108.10430285616,18656.363765834452,12792.648530480406,16904.575493765242,20955.08853994566,41062.592377623936
5.157013597512902,41.18147497471798,146.45150611953815,11258.550035978542,21448.043644681125,13626.06699580258,39112.81017427713,14892.21642098051,16511.783543941976,17174.585910697773,23101.906118976833,38980.46203074759
6.435626386698517,86.42792025418223,109.00150356072528,12885.636905401449,13626.066995802581,11881.327778498806,35864.588810422116,15633.115263204882,11631.727776796091,15798.421702377245,19250.62797380572,36044.09390097346
5.863223277776032,80.51080918915876,401.3768221704993,45108.10430285616,39112.810174277125,35864.58881042211,161103.35337568857,50151.6561227173,45031.73657728584,47521.18091493049,61143.78472168614,120922.42146348706
6.516881904392052,80.3671985606902,158.71477215967724,18656.363765834456,14892.21642098051,15633.11526320488,50151.656122717315,25190.378901698263,12480.951950412924,23991.49299388235,24942.44690987049,50001.86634402949
5.814751112535442,49.36198283177649,134.37502438684413,12792.648530480405,16511.783543941976,11631.72777679609,45031.73657728585,12480.95195041292,18056.647178964955,15120.157684774056,19675.30424891824,38804.40582153292
8.496568766138832,82.75881240275166,166.85732640325455,16904.57549376524,17174.585910697773,15798.421702377242,47521.18091493048,23991.492993882348,15120.157684774056,27841.367374442227,24342.234945807548,58332.67933905115
8.857554158340966,84.4349478527297,180.8012625320725,20955.08853994566,23101.906118976833,19250.627973805716,61143.78472168614,24942.446909870494,19675.30424891824,24342.234945807544,32689.0965331914,54754.20582076246
7.572762238141335,88.83229430611952,385.2455733835504,41062.592377623936,38980.462030747585,36044.09390097344,120922.42146348704,50001.86634402949,38804.40582153292,58332.67933905115,54754.205820762465,148414.1518116205
