v,mu,sd,comat,,,,,,,,
7.179974510710019,88.75696239611212,364.9715263320665,133204.21503315828,17144.942498584613,81854.47289805993,28763.266558496503,75438.0685306458,15731.116663456593,55748.89024535803,42938.750531922764,75993.9365480229
5.129631159139457,17.725649776310647,79.33409699610417,17144.942498584613,6293.898946187264,20337.087216041455,6675.5033673804855,20608.75897499186,5900.443881321709,15535.718475973406,13209.163763762965,20938.62767640094
7.748312389393545,76.13389843630118,319.33165476376746,81854.47289805992,20337.08721604145,101972.70573416598,28037.54644140612,83645.70714116724,16974.93927126511,63306.95697159308,46063.803570293945,69232.93576374064
7.176611963091384,56.617796905470755,106.63122180138055,28763.266558496507,6675.503367380486,28037.546441406117,11370.217462855215,26491.249584657286,5965.979979018679,20755.033840228807,14242.546196142348,22504.170656999537
7.101839010437445,92.25357142601204,310.74123892995294,75438.0685306458,20608.758974991862,83645.70714116724,26491.249584657282,96560.11757172209,18678.55461754422,48718.205807635975,40577.65700422564,63975.55622072922
6.651674105019371,37.89260139823891,77.87362006792483,15731.116663456596,5900.44388132171,16974.93927126511,5965.979979018679,18678.55461754422,6064.300702483504,12891.743576394267,11673.822751726122,19179.91900079787
6.023243170189213,91.82197033068753,245.98571863009687,55748.89024535804,15535.718475973405,63306.95697159308,20755.033840228807,48718.205807635975,12891.743576394267,60508.97376996518,35551.83157683975,62020.95414005666
8.096354831753318,56.31819398837743,193.38364788426438,42938.750531922764,13209.163763762965,46063.803570293945,14242.546196142348,40577.65700422564,11673.822751726124,35551.83157683975,37397.23526902514,46972.682412042246
6.498273368372615,83.493733701245,291.74820761216836,75993.93654802292,20938.627676400938,69232.93576374064,22504.17065699954,63975.55622072922,19179.919000797872,62020.95414005666,46972.682412042246,85117.01664491289
