v,mu,sd,comat,,,,,,,,
7.609578582501274,67.59442028254807,155.58159881518367,24205.63388988876,32820.6191921882,2281.6685849142946,13167.655430821247,4103.649201053882,5880.205419149152,16800.008678671045,34806.46342184693,3606.649049362539
8.49703183507332,68.67839983139459,277.4565368669545,32820.61919218819,76982.12985020368,4561.929216526144,23224.21581354563,7139.986463955229,10694.158531317698,28500.690417238737,69686.8376524184,4923.438335817125
6.349344855364752,17.126907424723235,23.263632791243367,2281.668584914295,4561.929216526145,541.1966106458137,2085.336392709367,494.12068656416545,801.8152935854994,2187.6019075765266,4235.7868471778775,297.2030145297734
8.372409373444961,25.549569173558783,110.50654461461261,13167.655430821247,23224.21581354563,2085.3363927093674,12211.696402661368,2574.8512307703922,3830.461542862966,12617.016110565575,21119.479210351456,1599.8301950233642
9.540360416566575,22.120334186726865,29.681822358077692,4103.649201053882,7139.986463955229,494.12068656416545,2574.8512307703922,881.0105784964805,1365.9655772041099,3227.447331005376,8115.5100547108705,664.7605510762959
8.425751020797037,22.089857231017998,52.68461087746664,5880.205419149152,10694.1585313177,801.8152935854993,3830.461542862966,1365.9655772041103,2775.668223310076,4420.4489840524775,10009.486705488764,931.319991905167
6.0582667199653875,43.109552318510985,121.82028184499305,16800.00867867105,28500.69041723874,2187.601907576527,12617.016110565575,3227.4473310053763,4420.448984052477,14840.181068793541,30225.098087687125,2369.4079527626936
6.586330370630902,67.77101028920964,305.5806494112866,34806.46342184693,69686.8376524184,4235.786847177877,21119.479210351452,8115.51005471087,10009.486705488764,30225.098087687125,93379.53329462366,6275.9368806245475
6.336497024814774,6.274411990109684,25.17074822855509,3606.649049362539,4923.438335817124,297.2030145297734,1599.8301950233642,664.7605510762959,931.3199919051668,2369.4079527626936,6275.9368806245475,633.5665663853093
