v,mu,sd,comat,,,,,,,,
9.174210743328247,75.41343309534574,105.25080327151926,11077.73158930005,11616.340672097851,1960.0636225642907,8167.678855521118,8965.420420434786,5656.643483582239,5344.285167496945,14069.674332197479,7236.138306835792
5.5239805218493485,37.753681354801294,141.8411892798852,11616.340672097851,20118.922976332226,2603.367849890535,8392.7755398498,8428.834194155505,5276.155142796968,7072.3363975411785,19479.250247884447,9438.79238929623
8.72320240839759,22.305391144875653,22.532124796362694,1960.0636225642904,2603.3678498905347,507.6966478388626,1641.844127230321,1844.5548788060319,972.1363024381217,1151.3408882189858,3638.6112212558105,1312.8189144992834
6.802504181281428,30.417645600304002,115.48091329938426,8167.678855521119,8392.775539849801,1641.8441272303216,13335.841336459906,9821.612008771914,4046.191658606003,4857.035112438496,17515.05482411996,8194.626542734655
6.79655418904036,44.798767684846474,101.97542706709744,8965.420420434786,8428.834194155505,1844.554878806032,9821.612008771912,10398.98772551691,4460.992490880594,3982.514756979453,14962.976041459247,6174.925619871492
8.046191903090758,25.158491322340833,56.65946076995367,5656.64348358224,5276.155142796969,972.136302438122,4046.1916586060024,4460.992490880594,3210.2944947419187,2792.014739533107,6240.959141341793,3748.267897639621
6.968897755441256,40.19178941646819,61.42634632407948,5344.285167496946,7072.3363975411785,1151.3408882189858,4857.035112438495,3982.5147569794535,2792.014739533107,3773.196022725753,9847.053901893236,4092.398673226787
7.045363049304493,69.34345067512847,210.75047959661623,14069.674332197479,19479.250247884447,3638.611221255812,17515.05482411996,14962.97604145925,6240.959141341793,9847.053901893236,44415.764650203775,9371.115893617336
7.549512047948032,86.45547665842243,86.58127808146033,7236.138306835793,9438.79238929623,1312.8189144992834,8194.626542734655,6174.925619871491,3748.267897639621,4092.398673226787,9371.115893617334,7496.317714219163
