v,mu,sd,comat,,,,,,,,
5.46554143335929,31.971920484228672,68.02401008309035,4627.265947784378,9501.507449655004,4553.195366358976,11517.576789393728,10404.509366648266,12684.14962483008,8477.767397969397,4264.178088232656,24419.619932797024
9.858279599948936,59.76327376336852,177.1381161176279,9501.507449655004,31377.912181702224,12657.062574949907,34410.93385673594,22554.12081350759,23068.18213714188,25716.410146411905,10653.79461239238,57745.34138297109
7.4192999023182304,76.7265057478922,97.65237047877281,4553.195366358976,12657.062574949909,9535.9854601235,15166.81419348767,14288.752817793229,15241.58971119178,14615.661747598355,8443.731651833792,31396.273189389158
6.212613507490321,93.10548468039185,199.98321648524816,11517.576789393726,34410.93385673593,15166.814193487668,39993.28687578564,28826.09102205066,34695.05883697019,29090.829597606757,13092.181121411082,69545.68342282626
7.655619149036266,57.13335395754248,177.69407442045275,10404.509366648268,22554.12081350759,14288.752817793227,28826.091022050663,31575.1840841414,35988.46676877435,22184.459529965647,13051.403266199388,58119.48570999139
6.427721177323994,51.76922423927348,248.91555536542214,12684.14962483008,23068.182137141877,15241.58971119178,34695.05883697019,35988.46676877435,61958.95370287655,22647.051864244997,13508.2793561414,70851.85243755285
9.313151885258197,62.91799355981484,167.78114919156906,8477.767397969397,25716.4101464119,14615.661747598351,29090.829597606757,22184.45952996564,22647.051864244997,28150.51402404355,12905.3571488901,53959.07899487031
5.205500767304368,46.57555146205703,90.52122772331663,4264.178088232655,10653.79461239238,8443.731651833792,13092.181121411084,13051.403266199388,13508.279356141402,12905.357148890102,8194.092668536548,27359.013721539744
5.541738669753602,98.15534341481184,393.97264805298175,24419.61993279702,57745.3413829711,31396.273189389158,69545.68342282626,58119.4857099914,70851.85243755285,53959.078994870324,27359.01372153974,155214.4474138786
