v,mu,sd,comat,,,,,,,,
6.073434445084134,71.85807714079809,319.50593857327567,102084.04478358984,8590.001586139417,54466.90282133177,22267.748296398553,21205.72216825485,10734.388498296952,38249.95134798023,37811.87839524804,6019.566747364088
9.547511856708319,7.350827626609376,34.79990245280351,8590.001586139417,1211.0332107246395,6180.723758420248,1858.4420112012776,2415.8924098457423,1304.949550356376,5171.70203694089,3652.6693238979337,545.8122562874964
9.086176865817285,84.14468641275779,213.83520614472985,54466.90282133177,6180.723758420247,45725.49538695911,13243.972510084877,14700.943467651683,7143.318773803159,22558.905820620454,25899.54605057445,3045.594912174745
9.519402373675536,27.997622034419358,72.47985856375546,22267.748296398553,1858.4420112012774,13243.972510084875,5253.329897421995,5140.494577983591,2352.387659629792,8505.028597137662,8588.141360552594,1341.0042827513537
8.53439634987214,17.4467805612979,84.76051562843202,21205.722168254848,2415.8924098457423,14700.943467651681,5140.494577983592,7184.345009597669,2467.8236989104603,12848.514090588611,9600.695514324603,1224.4264036923732
5.590381006704423,23.583101876336087,43.38046168942862,10734.388498296952,1304.9495503563755,7143.3187738031575,2352.387659629792,2467.8236989104607,1881.8644563879843,6359.9462493365945,3619.96013462689,601.9898339540587
5.462004075378271,70.53745592988186,196.32108020910744,38249.95134798023,5171.702036940889,22558.905820620454,8505.028597137662,12848.514090588611,6359.9462493365945,38541.966534470805,17430.98513149966,2444.421480750482
7.809869991563398,43.26931641545106,145.43552623214072,37811.87839524804,3652.6693238979333,25899.54605057444,8588.141360552592,9600.695514324605,3619.96013462689,17430.98513149966,21151.49229041969,2462.476855313095
7.857059825930879,10.48190371229093,21.98141038617891,6019.566747364088,545.8122562874963,3045.594912174745,1341.0042827513537,1224.4264036923732,601.9898339540588,2444.421480750482,2462.476855313095,483.1824025656142
