v,mu,sd,comat,,,,,,,,
6.481245808362168,62.54945446296852,235.4011560449341,55413.70426729141,36046.915696415694,30588.680766507932,21742.67172702871,57905.37135975699,25879.923334988318,17154.655108952655,71750.56716816688,32979.606910153
9.045338578366634,56.33338524428823,187.99812603031776,36046.915696415694,35343.29539091124,19470.656990736195,13988.613613773057,46153.058596837975,18949.242192623868,9828.072065980774,54217.02126921333,23293.48630907404
6.751262626117057,62.39574274574422,138.971026038789,30588.68076650793,19470.656990736195,19312.946078273777,11177.711650628313,31459.313757933738,15178.061395084069,10129.35701208495,40084.75584707093,17443.89591153403
8.947046282154464,86.65377265854276,109.92746845252421,21742.671727028708,13988.613613773055,11177.711650628313,12084.048320380703,19007.85862364986,9180.973061988541,5871.923500773231,17903.485889959135,12037.63451755163
7.806744878852863,85.3393195751771,278.47384250370067,57905.37135975698,46153.058596837975,31459.313757933738,19007.858623649867,77547.68095877589,29475.340970620025,17513.909777627832,90855.15040293748,36643.465269641485
6.267944771100666,26.679975638411843,121.71622539528353,25879.923334988318,18949.242192623864,15178.06139508407,9180.97306198854,29475.340970620022,14814.839524475463,7998.271612703553,42747.42781158105,16206.2703453459
5.524885418425545,59.96424395980523,76.2222456221868,17154.655108952655,9828.072065980774,10129.35701208495,5871.92350077323,17513.909777627832,7998.271612703552,5809.830727688975,23118.271463649624,10046.444015437912
5.292303645984399,83.64444357221532,383.79165566925474,71750.56716816688,54217.021269213335,40084.75584707092,17903.485889959135,90855.15040293748,42747.42781158106,23118.271463649628,147296.03496134782,48632.5632998793
8.36646190384922,44.91593483986933,144.10627734165382,32979.60691015301,23293.486309074044,17443.89591153403,12037.63451755163,36643.465269641485,16206.270345345902,10046.44401543791,48632.5632998793,20766.619169269645
