v,mu,sd,comat,,,,,,,,
8.251871208697958,23.190864878961342,84.2967139269258,7105.935978877967,10268.4479521204,11006.807260140336,14077.4704606079,10874.777445486512,8489.039437702926,17065.694897814425,9059.141119338883,825.7957033266138
7.527266868674214,55.96418369200907,162.5259160858459,10268.4479521204,26414.673399543422,25882.8172002817,27435.350288558137,26151.04355408973,18644.169721443996,32469.717176109745,18904.766409161108,1660.082670928205
9.39300735460776,66.5020976404575,196.3855410687421,11006.807260140336,25882.8172002817,38567.28074086259,34731.201341402535,24728.31874612154,22885.341004549642,33080.51579349138,22992.238202746583,1581.9132790836215
5.909201126857672,56.23778441317917,262.9932633934338,14077.4704606079,27435.350288558137,34731.201341402535,69165.45659032802,24965.561969723614,20715.966191138537,41586.823900552285,25375.494407506023,2941.550853690013
9.261165343372985,48.27784795950844,171.24007304568937,10874.777445486514,26151.04355408973,24728.318746121535,24965.561969723618,29323.162616693036,18570.70180503173,36632.703545677075,18471.085499528486,1756.2937764732642
8.750681430530054,62.319168072592355,126.22205422162986,8489.039437702926,18644.169721443992,22885.341004549642,20715.96619113854,18570.70180503173,15932.00697192807,26001.65949901765,15133.90741407063,1223.8493011053706
8.330508337426613,77.12197307401273,244.04015649124926,17065.69489781443,32469.71717610975,33080.51579349138,41586.823900552285,36632.703545677075,26001.659499017653,59555.59798027343,28228.419353307818,2532.979352304291
9.939477241379812,32.68708498378395,146.05808561211367,9059.141119338881,18904.766409161104,22992.23820274658,25375.494407506023,18471.085499528483,15133.907414070629,28228.419353307814,21332.964372675528,1129.5587072482765
6.284842113019151,6.106667579696323,13.268264118788025,825.7957033266136,1660.0826709282048,1581.9132790836215,2941.5508536900124,1756.2937764732644,1223.8493011053704,2532.979352304291,1129.5587072482765,176.04683272591782
