v,mu,sd,comat,,,,,,,,
7.4984716023441695,32.16817652217789,68.11229852374802,4639.285210188167,16205.591699560184,5094.2751748566825,3183.5142348220456,3238.1986474988953,7045.300418688801,9522.852287003177,5880.735853385854,12266.046541576874
6.279685671558351,90.92854984687223,420.3378418683309,16205.591699560184,176683.90130652595,29092.638005279652,23008.45175257058,18393.69460003716,44605.45417982509,60244.5405161206,35518.602086534665,90047.13922436362
6.290503154942872,44.83039903485971,110.62095516645658,5094.275174856683,29092.638005279652,12236.995721939198,6410.253613773147,5823.26001790848,9842.747658407628,19369.196308071587,9204.198445093782,22023.267520051853
5.484608547195821,26.260901051787013,73.31616516147797,3183.5142348220456,23008.45175257058,6410.253613773145,5375.260073985117,3647.5029825851757,9021.330679512228,10095.231013173812,8456.083544209732,18989.47595316278
7.820925572809623,45.99625087898684,68.56044694052707,3238.1986474988958,18393.69460003716,5823.260017908481,3647.5029825851757,4700.534884684828,7645.086650029733,10167.20930303476,6534.22499665737,13924.475710560617
5.0799503673027715,33.05077295535088,139.46469676744556,7045.300418688802,44605.45417982508,9842.747658407628,9021.330679512228,7645.0866500297325,19450.40164443554,19023.357970582638,16282.42182051623,32148.397021241522
5.762976144419594,99.13109503420955,194.362769783803,9522.852287003177,60244.54051612059,19369.19630807159,10095.231013173812,10167.20930303476,19023.35797058264,37776.88627803161,16750.53322411411,35968.02262020783
7.401238652809499,35.384602203306265,124.71717688263092,5880.735853385853,35518.60208653467,9204.198445093782,8456.083544209732,6534.22499665737,16282.421820516232,16750.53322411411,15554.37420957345,30037.51726157671
5.499363798862599,61.37063376893671,274.5310453046195,12266.046541576874,90047.13922436361,22023.267520051853,18989.475953162782,13924.475710560619,32148.39702124153,35968.02262020782,30037.517261576708,75367.29483604705
