v,mu,sd,comat,,,,,,,,
6.504366650233093,66.44835433217327,241.7064522638343,58422.00906596922,15578.503950806564,7059.643152487342,12538.940743713922,18628.153634490784,39622.522460710075,14086.120108702804,35572.7048933021,37931.11347385882
5.93472908170939,56.786993681486216,99.91583512109993,15578.503950806564,9983.174107946825,2456.271518411323,3130.039470187579,5637.004772928922,11372.703733244185,4658.546948408648,11737.27980767075,16523.127509906208
6.615913384841097,20.26017953877696,37.37589176103783,7059.643152487343,2456.271518411323,1396.9572849328151,1719.5613458806292,2370.068173136694,5318.69275226855,1805.311996899891,5364.220653411592,6183.365055304654
8.328747851441545,49.38260328931382,55.46033441296722,12538.940743713922,3130.039470187579,1719.5613458806295,3075.8486931981556,4690.525878086064,8427.199825158055,3433.010484175318,8386.477803857084,8065.804187743111
7.834854004846067,35.93066594224315,89.62939204740927,18628.153634490787,5637.004772928923,2370.068173136694,4690.525878086064,8033.427918788189,11892.880756692739,5436.500357412183,12437.051247228334,11724.470672356058
6.991269794493824,91.52664582769962,173.6636100803439,39622.522460710075,11372.703733244185,5318.69275226855,8427.199825158055,11892.88075669274,30159.04946613772,9846.05126133943,25715.837627119567,27814.066536846043
6.897074577622983,19.262336764926076,70.23543050312091,14086.120108702806,4658.546948408649,1805.311996899891,3433.0104841753196,5436.500357412184,9846.051261339431,4933.015697958728,9563.63837459585,9676.064752648024
5.052907679393215,84.16266670117012,164.27637285672483,35572.7048933021,11737.279807670751,5364.220653411591,8386.477803857084,12437.051247228334,25715.837627119567,9563.638374595848,26986.726678961684,30255.948435934588
5.851828004968561,50.83449231480277,207.78893010954317,37931.11347385882,16523.127509906204,6183.365055304653,8065.804187743112,11724.470672356058,27814.066536846047,9676.064752648022,30255.948435934584,43176.23947606862
