v,mu,sd,comat,,,,,,,,
5.436748214510875,77.56989231537966,330.93849445550666,109520.28711247741,12378.400940136276,30907.813581579052,17748.49882169242,16670.3016223375,90250.715588752,43491.4453970614,23001.043984799882,26855.230694277107
6.15238549775864,19.07187488447161,70.47924578870828,12378.400940136278,4967.324086945155,6519.596103104934,4145.020804573552,3650.823457248367,15304.46379843145,13176.10123618023,9899.505070509145,6736.699079578718
7.055305353194564,60.12707586470097,149.0087930571382,30907.813581579052,6519.596103104935,22203.620408345043,11023.771502643947,11548.682003076621,49407.8147753113,29998.37057985213,18630.272858612232,16185.514831371598
6.553913492800435,18.015034951005482,79.8761883597951,17748.49882169242,4145.020804573552,11023.771502643945,6380.205466889465,5896.10017949911,26371.956071197925,17397.565942764544,11577.114085021167,8662.383723945244
7.829779453807528,31.39211145806071,84.8397995908283,16670.3016223375,3650.823457248367,11548.682003076618,5896.10017949911,7197.791594611908,28895.93888914184,15861.072570276836,9943.59401496647,7954.4608494498525
7.725318518919252,74.7324242359788,371.17444957408895,90250.71558875199,15304.46379843145,49407.8147753113,26371.95607119792,28895.938889141842,137770.47201662787,72497.41958033979,45933.04769794485,36147.9598129121
9.035497214151883,96.07000354952552,233.10044611352882,43491.44539706139,13176.101236180226,29998.370579852126,17397.56594276454,15861.072570276836,72497.41958033979,54335.817978326144,34623.688381185,23572.83803404954
9.590775536417986,50.21951709535253,175.80062786961565,23001.043984799882,9899.505070509145,18630.272858612232,11577.114085021167,9943.594014966471,45933.04769794485,34623.688381185006,30905.86075935109,17128.09188528089
7.610453764218386,25.47784946325128,119.15741097725422,26855.230694277107,6736.699079578718,16185.514831371598,8662.383723945248,7954.460849449853,36147.95981291211,23572.838034049542,17128.09188528089,14198.488590802264
