v,mu,sd,comat,,,,,,,,
5.243624404045637,46.68520897533764,175.633823924761,30847.24010643395,13899.934323940764,6819.67511731253,17128.817598549456,15096.398867511787,36368.97573854088,48620.84961303929,36199.56679649556,9275.666552217708
6.445548298949085,79.02842977883112,93.95820571549066,13899.934323940764,8828.144421274461,3272.2106741494863,9239.574652880672,8564.064259848097,16098.1086970276,23068.727959269778,19499.195085619518,4642.89889081706
8.60483173415615,12.083314111191934,41.31742031918515,6819.6751173125285,3272.2106741494863,1707.1292218322135,4207.618702307158,3592.7395914751464,7584.1888008111455,11764.44992039967,7830.323719062531,2344.0872660293116
5.108081249579749,72.67325025395631,116.50235613877172,17128.817598549456,9239.574652880674,4207.618702307158,13572.7989858852,10058.740741564849,25129.440718501195,31078.858472063548,22035.51233669588,7675.778924276278
6.0296138263371954,63.40253957757468,101.65988252958624,15096.398867511787,8564.064259848097,3592.739591475146,10058.740741564847,10334.731715929272,19039.000052469695,25359.753286401556,21468.438273725784,6584.309912694676
5.253866283476884,48.86456082874927,240.46509929843364,36368.97573854088,16098.108697027601,7584.188800811147,25129.440718501195,19039.0000524697,57823.46398060554,58794.48133502642,45334.7805151662,15041.094719203747
6.511359469823084,85.13431999164665,320.75709835142646,48620.849613039296,23068.727959269778,11764.449920399671,31078.85847206355,25359.75328640156,58794.48133502642,102885.11614282665,51498.47004636715,17625.002118725268
8.3195514731235,48.96589814362968,228.52847304523775,36199.566796495565,19499.195085619518,7830.323719062531,22035.512336695876,21468.438273725784,45334.7805151662,51498.470046367154,52225.262992387965,12357.928861204013
6.540571966184395,74.59391129428623,75.22064960338263,9275.66655221771,4642.8988908170595,2344.0872660293116,7675.778924276279,6584.309912694678,15041.094719203746,17625.002118725268,12357.928861204013,5658.1461267548675
