v,mu,sd,comat,,,,,,,,
9.920959252712883,8.135234677267773,10.282362174312798,105.72697188373859,3729.13804163281,799.0277941907449,1912.2773508619468,250.31685602482798,819.9431286458515,1620.7064057673833,2089.9893735372775,928.1492367244279
6.667061330073267,98.0549336242658,449.1683060428686,3729.13804163281,201752.16715342004,31947.67391347839,99123.46844866822,14175.33506178729,38662.344740701155,70115.9137416517,98024.36309005835,58350.33590308205
8.368508123345688,71.0561337857114,99.36029872589873,799.0277941907451,31947.67391347839,9872.468962899833,16044.653738738085,2945.8964210968347,8023.266175299383,14810.121624928317,17368.3106209555,10188.802115635519
5.9819520860726225,80.52188110554648,292.1288026460489,1912.277350861947,99123.46844866822,16044.653738738085,85339.23733541419,7696.100079128058,21030.035090218127,48583.40033129615,50350.270029829226,29050.639454681503
6.7722323232051185,31.515381447217436,41.980210979767705,250.31685602482798,14175.335061787287,2945.8964210968347,7696.100079128058,1762.3381139058092,2571.264724019325,6933.15514081067,5491.7842135595865,4794.580967959942
9.066829765910303,52.781846855569945,105.20104935310512,819.9431286458516,38662.344740701155,8023.2661752993845,21030.035090218127,2571.264724019325,11067.260784994462,13384.615839033897,20624.72895606025,11767.936820388491
6.239247767556305,60.3970450904651,197.02680298740668,1620.706405767383,70115.9137416517,14810.121624928315,48583.40033129613,6933.155140810669,13384.615839033895,38819.56109543836,34638.36863390359,21157.502846020703
7.293056625731069,62.41469602533266,238.6052303117006,2089.989373537278,98024.36309005835,17368.310620955497,50350.27002982923,5491.7842135595865,20624.72895606025,34638.3686339036,56932.45593209969,24630.812582862538
9.38650710748544,71.83520831606616,144.6700238738112,928.1492367244279,58350.33590308204,10188.802115635517,29050.639454681503,4794.580967959943,11767.936820388491,21157.502846020707,24630.812582862538,20929.415807649104
