v,mu,sd,comat,,,,,,,,
7.586489419232946,46.13668086430734,164.8851543262266,27187.114117183566,14675.505199552292,3588.14136055359,5457.239209031693,15601.968178816454,26324.50063938512,44144.12462702471,15922.490746636571,5927.188534068173
9.734813019074071,58.99322867139762,115.669652034032,14675.50519955229,13379.468401674043,3079.433099869022,4476.1135581725375,8201.821973655753,18434.54393430414,29853.600979473245,12744.774268885563,4911.883009222414
8.827298796984534,33.09214629505354,33.7572883392683,3588.14136055359,3079.4330998690216,1139.5545160204995,1554.7805621745583,2324.3323976777287,5871.130846444806,10874.853485108528,5175.797670261833,1532.3961999992182
6.411979219835564,17.24488711479674,53.745761437143265,5457.239209031692,4476.113558172537,1554.7805621745583,2888.606872458316,3986.3816842276005,11080.008805487327,16412.139540021235,9151.366641243341,2512.484537771858
6.105226816308263,66.51202387756365,105.18529503039198,15601.968178816454,8201.821973655751,2324.3323976777287,3986.3816842276005,11063.946290630603,16600.054642972344,31260.168640375407,13068.283655513262,4557.675294662164
8.431110426187335,70.68197974378027,241.892167065045,26324.50063938512,18434.54393430414,5871.130846444806,11080.008805487327,16600.05464297234,58511.82048742362,55388.01389317526,31085.171671265216,9066.443785571213
5.8356960155002815,96.53675410593124,422.00252427256146,44144.1246270247,29853.60097947324,10874.853485108528,16412.139540021235,31260.168640375407,55388.01389317527,178086.1304924138,65979.56931911121,24451.048119977124
6.962212332325153,54.23987228054958,185.16954493600835,15922.490746636568,12744.774268885561,5175.797670261834,9151.366641243341,13068.283655513264,31085.171671265216,65979.5693191112,34287.76037180841,9650.773367266429
8.090261736264047,13.122097457529296,63.22512256425526,5927.188534068173,4911.883009222413,1532.396199999218,2512.484537771858,4557.675294662164,9066.443785571211,24451.048119977117,9650.773367266429,3997.4161232651004
