v,mu,sd,comat,,,,,,,,
8.661336240344259,43.32537587281773,164.49348222348152,27058.105694006827,8452.142097609487,15596.169174066627,8587.05458694616,8923.374434001054,23893.274996242264,11949.265600994326,9717.138197430686,5832.748475667169
7.835945077254424,29.98668882829759,62.75990688321009,8452.142097609489,3938.805911989202,5689.039792208776,4544.175317230699,3365.4263716909245,10437.266905580806,7056.874377990858,4507.366356271914,2662.912454533797
6.506119450249965,98.93656440056677,115.86000598810162,15596.169174066627,5689.039792208776,13423.540987562941,7777.409269819349,4448.340918005612,18297.22271546916,10153.57766444362,8611.972481300098,5020.350969919522
8.902914627388359,25.378279335739652,106.18892453529881,8587.05458694616,4544.175317230699,7777.409269819349,11276.087693963385,3799.929510709591,13960.633827951773,10819.56974823365,7791.20005497051,3180.398252308932
7.489371389373092,19.360353803584253,66.86306352386896,8923.374434001054,3365.426371690924,4448.340918005612,3799.9295107095904,4470.669263796936,8402.537158543291,5978.494053600374,3662.188763314372,2084.6822301028815
5.594550933046336,37.28987366452355,176.469802366437,23893.274996242268,10437.266905580806,18297.222715469165,13960.633827951775,8402.537158543293,31141.591147249335,19051.959601817187,13392.491694441675,7628.12913906727
6.942797613914351,53.46018161025802,128.26569782865175,11949.265600994328,7056.874377990858,10153.577664443617,10819.56974823365,5978.494053600374,19051.959601817187,16452.089239471003,8582.217754880767,5151.091933360911
6.973213952696711,48.49544082407242,87.4154323650535,9717.138197430686,4507.366356271914,8611.9724813001,7791.200054970509,3662.188763314372,13392.491694441673,8582.217754880769,7641.457815569243,3639.859628215449
6.6876278911663825,10.979649819347358,49.02946189291712,5832.748475667169,2662.912454533797,5020.350969919522,3180.3982523089326,2084.682230102882,7628.12913906727,5151.091933360912,3639.85962821545,2403.8881335090123
