v,mu,sd,comat,,,,,,,,
5.927876374092697,12.279447625669466,38.75371794137837,1501.8506542799123,2793.3486053466463,6817.298399045407,827.0505239682408,5495.452122304833,4243.46898074295,2749.764473734549,5078.061092514521,2371.791121211839
6.93299651521035,69.8108182459713,96.49516480843039,2793.3486053466463,9311.316831406144,19218.516700282897,1849.9735035186798,14039.364169618766,12822.02118242458,6767.8503465593285,10028.262395900732,5606.945158534504
9.159480993185849,74.39622095661755,254.24863684616608,6817.298399045407,19218.516700282897,64642.36933813363,4571.641815707844,34393.21594051898,31538.99485962873,18930.89852849048,31604.423494626517,16289.310507462502
5.993487245199411,6.509320033286121,26.692539194661684,827.0505239682408,1849.9735035186798,4571.641815707844,712.4916486585503,3870.2625508561728,3260.5032617108745,1741.2797278559049,3139.509144408863,1651.0387037909034
9.582789829497457,67.71837508407273,175.71289077041723,5495.452122304833,14039.364169618766,34393.21594051898,3870.2625508561723,30875.019982896578,20033.579622035384,11995.774310139894,20779.488684452786,9996.155433864322
8.941553503192246,98.14980564234679,171.49407965178958,4243.4689807429495,12822.021182424582,31538.99485962873,3260.503261710874,20033.579622035384,29410.219355614347,13929.376473876275,21271.48561069831,10529.17140641731
8.613021421899187,32.93784649186075,94.55938252373015,2749.7644737345495,6767.850346559327,18930.898528490477,1741.2797278559049,11995.774310139896,13929.376473876275,8941.476823269124,12711.469561266444,6554.688829731409
9.978472604322324,85.75987210398559,153.17536617792328,5078.061092514521,10028.262395900732,31604.423494626517,3139.509144408863,20779.488684452786,21271.48561069831,12711.469561266447,23462.692803740887,10023.422966029875
9.22686071293835,18.739979898130876,73.58639473092572,2371.7911212118383,5606.945158534504,16289.3105074625,1651.0387037909034,9996.15543386432,10529.171406417308,6554.688829731409,10023.422966029875,5414.957489495611
