v,mu,sd,comat,,,,,,,,
8.10186907276628,59.762774905618926,118.02495316337726,13929.889569217396,22370.13357211147,13270.14182501158,6534.547608644636,13658.207560710549,8942.202840692664,7922.233760788488,20726.815181396618,5525.0492126003055
7.544765343227035,77.55598417374557,213.53863073014887,22370.13357211147,45598.746814106875,26349.90913797025,9643.304669887975,24912.079460228524,17657.603943768783,13701.035750819508,35006.99802961549,9035.562138173489
6.491224208793644,63.910855670768036,158.61377362069902,13270.141825011578,26349.909137970255,25158.32918219835,5746.886973329219,16733.184724618484,11896.192086572251,11240.661210235367,22801.895677161803,6816.486209270943
8.26899356196298,35.100915936194596,62.705388551711586,6534.547608644636,9643.304669887973,5746.886973329219,3931.965753421122,6134.915909731549,5349.569822718064,3465.186082195606,7541.803376605127,2009.093649893504
6.367532671761333,31.891964699011233,132.03527781472147,13658.207560710549,24912.079460228528,16733.18472461848,6134.91590973155,17433.314587610683,11751.390145212845,8523.835224123675,23143.534896915553,7315.168091346921
7.615630391750171,44.68023407272729,116.10574718875301,8942.202840692662,17657.603943768783,11896.192086572251,5349.569822718065,11751.390145212845,13480.544530258627,6640.277171637178,9744.530441241426,5179.627477606977
6.866248710496384,28.753590399588166,80.08904190481928,7922.233760788487,13701.03575081951,11240.661210235367,3465.1860821956066,8523.835224123673,6640.277171637178,6414.254633231899,12141.17058429972,4165.899832260138
6.846392967866183,59.07722232758431,201.7195782977226,20726.815181396614,35006.99802961549,22801.8956771618,7541.803376605126,23143.53489691555,9744.530441241426,12141.17058429972,40690.788268611024,10020.919427382856
8.67346800704752,16.63324359800793,67.18999214374229,5525.0492126003055,9035.562138173489,6816.486209270944,2009.0936498935043,7315.168091346921,5179.627477606977,4165.899832260138,10020.919427382856,4514.49504427615
