v,mu,sd,comat,,,,,,,,
8.378657077517762,89.51074877688286,375.5304490139624,141023.11813662827,28518.50173092663,99480.75376814426,5009.869935994706,22756.0648006448,64074.80094781741,58493.25519424285,59725.37171435748,11802.532003982351
5.22356091101473,18.365647665484385,82.9439474375182,28518.501730926626,6879.698416517782,22848.84147267351,1206.24053316974,4589.421109004711,14064.69406355198,13508.14379766497,10272.235166165807,2958.931262210477
6.716518362712962,72.14726159141907,345.1218364226161,99480.75376814425,22848.841472673514,119109.081975719,3218.684647669106,18232.85727978091,52227.407208211574,46360.59354580237,38002.994664454585,10686.208498361528
8.220098635099156,14.517351983208812,17.35330581645183,5009.869935994706,1206.24053316974,3218.684647669106,301.13722275930087,798.5603280375332,2483.3448533711808,2488.0847056977473,2181.24171686052,532.9566985988299
6.421064993701448,35.40614093362852,79.6375392047985,22756.0648006448,4589.421109004712,18232.857279780914,798.5603280375332,6342.137650595817,12222.08914747592,7973.729746500622,12901.819736461208,2141.483604441003
9.746689033250025,60.52391957729763,206.87349845523647,64074.80094781741,14064.694063551977,52227.40720821157,2483.3448533711803,12222.089147475917,42796.644363108724,29993.217381419716,27048.82275195809,6116.26022571679
5.78835084386882,84.46821906273532,170.12001612117797,58493.25519424283,13508.143797664972,46360.59354580237,2488.0847056977473,7973.72974650062,29993.217381419716,28940.819885069846,20838.95887382224,5930.243171656408
6.939864812113812,47.770411599006295,219.4493753938683,59725.37171435748,10272.235166165809,38002.99466445459,2181.2417168605202,12901.819736461208,27048.82275195809,20838.95887382224,48158.02836075893,5190.482747560813
7.949968382361572,7.879352569773468,38.854686112636635,11802.53200398235,2958.931262210477,10686.208498361528,532.9566985988298,2141.4836044410026,6116.260225716791,5930.243171656408,5190.482747560812,1509.6866329115182
