v,mu,sd,comat,,,,,,,,
6.4302691083025785,78.29175094004181,189.49600801775154,35908.73705466376,61023.73146065997,27343.123684236158,15612.475542286778,3881.624709751336,3963.060932465855,11509.26607097457,70116.50860757378,38625.53660079254
9.790527832595,98.70311580075523,456.74562727126545,61023.73146065998,208616.56803142175,64419.29815285216,46024.67620160773,9152.257190414932,10389.22827748061,24161.87870759602,141388.63623021226,93358.5367732414
8.85156466109439,57.26852425476947,190.7466212028087,27343.123684236158,64419.298152852156,36384.273500287796,15615.60454145495,4259.126991758693,3806.4513582781137,8713.142307995464,54013.01509346079,45133.18553198361
9.934350015462314,50.40619492010658,117.64792217915706,15612.47554228678,46024.67620160773,15615.604541454952,13841.033593072996,2784.884575638482,2346.5887147681665,5614.338440555798,34464.56092882256,21909.15639323053
6.040827309523606,12.54546433817244,27.29130136124077,3881.624709751336,9152.25719041493,4259.126991758692,2784.8845756384817,744.8151299900622,493.9207446686868,1793.2391735276478,8612.453947002141,6382.847319737297
5.684585244219141,10.832214587876116,24.175048232784647,3963.060932465855,10389.228277480608,3806.4513582781133,2346.588714768167,493.9207446686867,584.4329570574641,1279.6966848649752,8250.122468103742,5352.549044710585
9.541869011449501,20.71894867210206,88.16200952370318,11509.26607097457,24161.87870759602,8713.142307995462,5614.338440555799,1793.239173527648,1279.6966848649752,7772.539923257532,28782.20857458142,16165.265846413096
5.343192589885602,89.7759782003698,415.8375557806964,70116.50860757378,141388.63623021223,54013.01509346079,34464.56092882257,8612.453947002141,8250.122468103742,28782.208574581415,172920.87279766382,94563.2173961046
5.3766636116982855,96.54234670179416,275.4662023550852,38625.53660079254,93358.5367732414,45133.18553198361,21909.156393230533,6382.847319737297,5352.549044710584,16165.265846413096,94563.2173961046,75881.62863993274
