v,mu,sd,comat,,,,,,,,
5.0518707694285,77.01342236766328,157.80765568536387,24903.256192910354,8800.455683340919,12325.157005056537,8260.33122813807,14908.947509183517,18714.600500719924,35126.43441505363,32182.794651950702,25806.96415926282
7.509372960743693,14.581566149296057,68.07799061541694,8800.455683340919,4634.612806232796,4639.632754423716,3485.8408752423798,6218.251975657045,6191.523931639742,14107.676238403259,15620.093590786599,8961.525746090243
7.47886646567073,54.158722968038894,83.08807622235463,12325.157005056539,4639.632754423716,6903.628410331813,4024.702683926479,6968.773323865638,9710.525105184157,17103.118534072626,18052.24134353897,13598.91644168252
5.669147644796383,15.691595834118877,68.51836678722832,8260.331228138071,3485.8408752423798,4024.70268392648,4694.766587189153,5494.09050276746,7252.408766991156,12875.708748769139,16712.277644219084,6737.066807863896
5.710555427272693,56.877099970390034,116.2605651448363,14908.947509183517,6218.251975657046,6968.773323865639,5494.09050276746,13516.51900779673,10096.88806312453,22141.034574097303,25466.522974728407,13057.279657088733
6.092793378130391,59.70342419288707,134.65572545890979,18714.600500719924,6191.523931639743,9710.525105184155,7252.408766991155,10096.888063124528,18132.16439886528,25199.614083879904,23213.577044944202,17386.018784480875
7.092540902552262,80.20420260414045,238.39599412818873,35126.43441505363,14107.67623840326,17103.11853407263,12875.708748769139,22141.034574097306,25199.614083879907,56832.6500163674,46680.950978099216,36402.39787919035
6.240505842067796,96.69002742870443,297.9259321683536,32182.794651950706,15620.093590786597,18052.24134353897,16712.27764421908,25466.522974728403,23213.577044944202,46680.9509780992,88759.86105838243,28678.398514650416
5.420298255826751,90.7870515722406,181.50312967777438,25806.964159262825,8961.525746090243,13598.91644168252,6737.0668078638955,13057.279657088733,17386.01878448087,36402.39787919035,28678.398514650416,32943.38608282698
