v,mu,sd,comat,,,,,,,,
5.192808404407049,31.355999538748534,134.38955983379248,18060.553792320483,24739.981107356,33989.11290083764,2449.655415232794,32932.396852099184,18941.057254884312,47709.17130619269,19649.920178663004,13986.473610134006
8.900502302623375,93.29758497443221,240.60019635232817,24739.981107356005,57888.45448477888,51834.32589668857,4738.74287428239,55849.1849714756,46939.70768176913,88449.13865765094,38592.83285423883,25293.248812146776
5.463518776670667,90.79268188386841,323.42532794934345,33989.112900837645,51834.32589668856,104603.94275914035,8276.430113488525,55005.07475756524,48825.98614543199,101899.51887684742,55384.47834276367,31555.214633543634
8.164463432422387,11.596085351247218,34.773591532516434,2449.655415232794,4738.7428742823895,8276.430113488523,1209.2026680702986,7407.188947901147,5627.32316474245,12092.139570794185,5751.716831029004,3494.017651516739
5.069454241601093,77.68305535300613,328.37149992184027,32932.39685209918,55849.1849714756,55005.074757565235,7407.188947901148,107827.84196091915,56344.799211066944,112914.08599595861,45003.06870201749,38550.802776949786
9.680792680424616,50.71758265854374,230.04970786976085,18941.057254884312,46939.70768176913,48825.98614543199,5627.323164742449,56344.79921106695,52922.86809096229,80809.55483315811,37981.74176173848,27395.075369113078
7.132871908677667,99.57512899500058,472.2723817206029,47709.17130619269,88449.13865765092,101899.51887684742,12092.139570794187,112914.08599595862,80809.55483315811,223041.20253605084,66259.90005018689,53774.809633251076
6.265432253790651,44.30946312001837,212.6592433722485,19649.920178663004,38592.83285423882,55384.47834276367,5751.7168310290035,45003.06870201749,37981.74176173848,66259.90005018687,45223.953791657215,21882.851924723822
5.94982653146835,36.266191806868655,130.87990227930246,13986.473610134006,25293.248812146776,31555.21463354363,3494.017651516739,38550.802776949786,27395.075369113074,53774.80963325107,21882.851924723822,17129.54882063976
