v,mu,sd,comat,,,,,,,,
6.82552791511347,22.026240913405573,56.66243748485378,3210.6318217249636,2211.2901151476212,2294.624379693478,10114.079888955925,1111.5428845593751,5162.6795175634425,3245.9080473729437,9129.625977396887,5902.53995888117
7.25602957946669,11.644005483153094,47.90435708465562,2211.2901151476212,2294.827427694195,2229.915813826853,9806.899907282343,1410.8048964014497,4546.990366917043,2670.26354712443,10543.343676568982,8142.399355376765
7.480301743838948,31.332836733142926,57.22419149233809,2294.624379693478,2229.9158138268526,3274.608091951779,10278.870267738244,1861.225309216292,5449.687111687883,3566.513136900152,11847.270319757152,11454.994073821535
5.378110332975685,87.51827328659415,243.10573792125297,10114.079888955926,9806.899907282343,10278.870267738246,59100.39981023692,7646.708347439486,24437.448251616,14184.1306185387,48981.27833135974,46648.20921506966
7.858807911638604,11.015133565347117,42.02494356274292,1111.542884559375,1410.80489640145,1861.225309216292,7646.708347439485,1766.0958814517276,3242.533179221078,1687.4954056654624,8556.960050175114,5861.084822384261
6.448170028869793,73.10998404953963,111.38497242716498,5162.6795175634425,4546.9903669170435,5449.687111687883,24437.448251615995,3242.533179221078,12406.612082600303,6358.299574180185,23292.612576783868,22206.935627912437
6.544022293942124,17.0183541988675,74.36718932359275,3245.908047372944,2670.2635471244307,3566.5131369001524,14184.130618538702,1687.4954056654626,6358.299574180186,5530.478847891088,12061.69269616613,14307.765160178333
6.8743808325261035,94.04467080518502,266.5185815065347,9129.625977396885,10543.34367656898,11847.270319757154,48981.27833135975,8556.960050175114,23292.612576783868,12061.692696166128,71032.15428825538,60618.38308409937
9.079283372155071,92.5678843963363,287.30480732657406,5902.5399588811715,8142.399355376766,11454.994073821537,46648.209215069655,5861.084822384262,22206.93562791244,14307.765160178335,60618.38308409937,82544.05231295986
