v,mu,sd,comat,,,,,,,,
9.722483014286535,38.9580069267405,110.05262525972464,12111.580326557381,7228.416640047693,20018.744661313343,11897.717577204681,26583.39357299682,10256.112385774433,13132.005478087547,5978.561194352247,1529.1826931398896
7.320490871522038,63.010077368793894,124.75837523240254,7228.416640047694,15564.652190628954,32905.1613007767,12600.770571255496,33178.82943788748,11868.769450918528,14457.500900637384,7465.129137318845,1604.3222495829243
5.963975144785788,72.08686940081687,293.18192409850104,20018.744661313347,32905.161300776694,85955.64061809925,32879.86083992755,81741.09348231317,31369.033333046616,31616.080040801604,15100.67614954913,3884.4660085406563
7.90947438439996,29.778297613901238,126.57491119234606,11897.717577204683,12600.770571255496,32879.860839927554,16021.208143350297,36261.30085812269,13424.268802083952,15503.329426969558,7814.603181002811,1879.4489233714853
8.100421050868135,70.54446850030011,307.00633887234886,26583.39357299682,33178.82943788748,81741.09348231315,36261.3008581227,94252.89210780352,33286.00399427138,40656.338591680826,20276.914004658873,4445.363820475777
8.42112008731587,69.0874122292677,116.87734974220245,10256.112385774433,11868.769450918526,31369.033333046613,13424.26880208395,33286.00399427137,13660.314882761113,15060.763094853486,5877.955681871433,1689.1228199917234
5.51718777509999,49.906342911437335,151.20509710029722,13132.005478087547,14457.500900637382,31616.0800408016,15503.329426969556,40656.33859168082,15060.763094853486,22862.98138911031,11044.214354835709,2069.1208082276844
8.727378831422168,69.82918988035185,95.26665231044535,5978.561194352246,7465.129137318845,15100.67614954913,7814.60318100281,20276.914004658873,5877.955681871433,11044.214354835709,9075.735042439284,1200.6203145300344
6.40989535037118,5.390496081569557,16.54194142130388,1529.1826931398896,1604.3222495829243,3884.466008540656,1879.448923371485,4445.363820475777,1689.1228199917239,2069.120808227685,1200.6203145300346,273.63582598584895
