v,mu,sd,comat,,,,,,,,
6.116455395767694,91.33859400106886,251.00131018350865,63001.657713837914,56411.5129112993,8581.624302479171,56635.65536783712,57875.576273958555,8663.248452464544,14616.963341829452,6041.146329393704,70323.59194612924
7.615816707003381,93.6597911418031,358.2364311012035,56411.512911299295,128333.34056812734,14573.429954747238,52211.92398933256,87522.85652772646,13189.857762435964,25347.43395878413,8832.961985225811,134919.61006895138
7.753507282905906,30.37797992057099,52.22174045100057,8581.624302479173,14573.429954747236,2727.1101757316687,8820.190469257583,14968.343842718505,1873.930110834169,3536.1950669028893,1391.2895003626684,14953.045936789169
5.2280097506640315,67.27756871159052,288.4937002785557,56635.65536783712,52211.92398933256,8820.190469257583,83228.61510041315,74746.18785717418,8086.286482451114,15747.306022464722,4869.677404826602,72482.27674189748
6.803644176738864,91.25134237313496,319.80884298589217,57875.57627395856,87522.85652772646,14968.343842718501,74746.18785717418,102277.69605197504,12204.56158014501,20525.797301609025,8080.828713598547,98920.25510467522
6.115404708456444,20.463391067192262,43.517135837963394,8663.248452464544,13189.857762435962,1873.930110834169,8086.286482451115,12204.56158014501,1893.741111539758,2785.0252845082273,1267.4027739614567,14537.49375275628
8.443630809106782,60.87986193011885,88.09301638329251,14616.96334182945,25347.433958784135,3536.195066902889,15747.306022464723,20525.79730160902,2785.0252845082277,7760.379535507042,2159.934502127872,32991.61421642395
5.818657125004496,30.604616833101513,30.84754416769961,6041.146329393704,8832.96198522581,1391.2895003626682,4869.677404826602,8080.828713598547,1267.4027739614567,2159.934502127872,951.5709811781782,10709.859457421793
5.351624334027502,90.17352053446533,425.7371291643374,70323.59194612925,134919.61006895138,14953.045936789169,72482.2767418975,98920.25510467522,14537.49375275628,32991.61421642395,10709.859457421793,181252.10314909168
