v,mu,sd,comat,,,,,,,,
9.2944463364652,67.3054985654293,145.49732204460742,21169.4707221522,7316.781216819293,12261.397196380767,21977.018696571642,17486.26267210919,4682.776787842825,9983.886749660056,25052.732429854637,7385.371307250494
6.863555774876399,41.89488334117437,63.22867719818947,7316.781216819294,3997.8656202328457,5038.896017430696,8819.437559057522,6695.063552755945,1892.652792418313,3459.5770264944217,13388.242241726844,2645.809179111267
7.775643889992984,25.21709337385944,101.37813062849504,12261.39719638077,5038.896017430695,10277.525369728204,14740.258657075308,11420.339439497768,3058.232237300965,7680.043152154698,22415.556913824577,5108.498970349478
9.778282744958839,59.99271503608033,211.61391323374573,21977.01869657164,8819.43755905752,14740.258657075308,44780.44827409925,17635.754862991645,8074.511342645396,13143.728693659663,47817.46972904354,10102.892165149411
8.683347990056118,95.9684283997324,132.14981765529,17486.262672109195,6695.063552755945,11420.339439497764,17635.754862991642,17463.5743063264,4251.357768694693,9022.354729663464,24244.457926773117,6616.401210192725
9.081025695562404,17.13405411200398,45.00605629912603,4682.776787842824,1892.6527924183129,3058.232237300965,8074.511342645397,4251.357768694694,2025.5451036001018,2734.9752822114997,6875.418460701288,1932.164468506785
5.505432801543123,26.158344155716453,81.78086822309757,9983.886749660056,3459.5770264944217,7680.043152154697,13143.728693659665,9022.354729663466,2734.9752822114997,6688.110407323651,16903.55007197807,4346.439648590951
9.642440352039685,83.90500264401183,286.6918247858665,25052.73242985464,13388.24224172684,22415.556913824577,47817.46972904354,24244.457926773117,6875.418460701287,16903.550071978065,82192.20239904999,12648.656191243626
8.045545844956546,22.612000921159545,57.1005965270632,7385.371307250496,2645.809179111267,5108.498970349478,10102.892165149411,6616.401210192726,1932.1644685067854,4346.439648590952,12648.65619124363,3260.4781237464626
