v,mu,sd,comat,,,,,,,,
8.642535957978629,39.90345156270531,125.29733974458657,15699.423347070357,12221.825900979256,14759.64456899037,7034.606953732939,5072.6694483260635,12160.101302812767,23545.11888695245,19066.565851523384,13285.250002534283
8.008071061851066,60.156993737506085,117.91476121135014,12221.825900979256,13903.890911529723,11853.796079109297,5366.1180894388135,5448.746282421301,7976.749166453299,20981.639133203917,19146.594748581672,10659.10245136775
9.760903337030069,79.56125981679108,137.33341243951895,14759.644568990368,11853.796079109296,18860.46617228302,5879.602629083822,4313.498465661315,9136.74249962291,23369.084958366275,16183.414618080904,9876.846447286995
5.715867238605153,19.07395543744353,67.05399190740478,7034.606953732939,5366.118089438813,5879.602629083822,4496.237830718304,2427.579421652467,6778.533292837039,12346.95107136911,8991.190226922856,7148.721172641477
9.036795649350823,22.475870633493095,50.24336010206016,5072.669448326063,5448.7462824213,4313.498465661315,2427.579421652467,2524.39523434529,4013.244226562986,8314.796944723863,8065.306534490652,4347.564558426906
6.816072982605145,86.1023243916035,115.37009352237786,12160.101302812765,7976.749166453298,9136.742499622907,6778.533292837038,4013.2442265629857,13310.25847936221,17102.136478004686,16203.19710255437,11018.27124236665
5.932784061446579,60.723712367963444,206.79231310702954,23545.11888695245,20981.639133203917,23369.08495836627,12346.95107136911,8314.796944723865,17102.13647800469,42763.06076015574,28338.970659277325,22265.840934449396
6.295756191439736,60.68545052061107,184.29446077466577,19066.565851523384,19146.594748581672,16183.414618080904,8991.190226922856,8065.306534490652,16203.197102554368,28338.970659277325,33964.44827222483,16186.482192536447
8.148811713059747,30.43582897836411,119.70372292438702,13285.250002534283,10659.10245136775,9876.846447286995,7148.721172641477,4347.564558426906,11018.271242366653,22265.840934449396,16186.482192536449,14328.981281958417
