v,mu,sd,comat,,,,,,,,
5.168773552116042,68.84670302062622,268.4086320261805,72043.19374616555,56494.59128703023,9221.87761736702,6244.615805513453,25174.523535042656,62129.56842258642,26462.211206101678,54873.3478208496,4871.818474887754
7.4455375398279235,69.11079826607244,334.08263847096606,56494.591287030235,111611.20932772222,10678.060572447332,6403.1015856791055,40058.602674685826,57573.37027967206,25782.723356207942,73641.39107383789,6753.0935457976475
9.230425486404414,10.398771893801776,49.22598417099661,9221.87761736702,10678.060572447328,2423.197517603209,1102.0821917631424,5766.307801959232,11309.179860554032,3981.6593815162773,11166.510151479666,641.5672510466991
7.057009999048872,22.357125791173758,27.65573160390441,6244.615805513453,6403.1015856791055,1102.0821917631424,764.8394905471973,2858.192515737856,6221.753187027959,2869.918761668044,6735.6463430356425,464.4937819995726
8.157076868653824,89.15743916406454,132.881630314682,25174.523535042656,40058.60267468582,5766.30780195923,2858.192515737856,17657.52767508782,28571.25712953004,11305.686219957124,30396.460875321427,2525.697392313678
6.45471618633067,61.27002281686101,297.62779039078583,62129.568422586424,57573.37027967206,11309.179860554033,6221.75318702796,28571.257129530044,88582.30161290156,29486.168767274856,64992.26675595913,4507.9568515149285
7.714001444651046,38.76939123030976,114.23699833931025,26462.21120610168,25782.723356207945,3981.659381516277,2869.9187616680447,11305.686219957126,29486.168767274856,13050.091789575574,28160.897130511625,2345.951092107761
6.140906899516519,61.53683534452833,285.2178011276682,54873.34782084961,73641.39107383788,11166.510151479664,6735.646343035642,30396.460875321423,64992.26675595912,28160.897130511617,81349.1940801021,5179.360942214494
6.201381647102009,13.638946902638285,25.090000504662516,4871.818474887755,6753.093545797647,641.5672510466991,464.49378199957266,2525.697392313678,4507.9568515149285,2345.9510921077604,5179.360942214494,629.5081253239653
