v,mu,sd,comat,,,,,,,,
5.7714378906563795,57.084760817841946,57.20197933700029,3272.0664400706078,4187.6876466712865,1617.9730263874326,1064.636175366221,7066.7346001743,1204.4878731365372,8254.87672370049,8688.65658654875,9286.368686997324
5.66849780350033,58.09941060702606,186.84983047482012,4187.6876466712865,34912.85914846902,5056.433979975298,7076.190528174004,24631.868821388976,3906.784894171438,15770.028519339718,14025.943178495969,29649.325175547256
6.813427330884438,33.41038949305681,62.28422652853465,1617.9730263874326,5056.433979975299,3879.3248742578203,2969.602762557753,9496.982158297144,997.9157546245804,5283.987167804187,8227.469122317401,9488.027785799442
8.395544377228157,16.93347049189888,60.760876522112916,1064.6361753662209,7076.190528174004,2969.6027625577526,3691.8841157354523,9351.235162431294,1067.0346320070762,5755.788127647568,5814.555022953939,9033.197614344486
5.972250286669338,49.55733101281254,207.7361758438541,7066.734600174301,24631.86882138898,9496.982158297145,9351.235162431294,43154.31875422867,3751.546256559154,23469.138083617923,28800.553798968016,34585.813158451965
6.256051917434968,6.2268576535104145,27.878200637196528,1204.487873136537,3906.7848941714374,997.9157546245801,1067.034632007076,3751.5462565591533,777.1940707677848,4019.4594593938486,3445.507839555909,5976.949620416763
8.792081957678032,40.325746308381014,161.71326772840817,8254.87672370049,15770.028519339718,5283.987167804187,5755.788127647569,23469.13808361792,4019.459459393849,26151.18095939982,23053.511617864853,31748.097369250474
7.788092947811764,87.40589457932388,171.46020590080468,8688.65658654875,14025.943178495967,8227.469122317401,5814.5550229539385,28800.553798968012,3445.5078395559094,23053.511617864857,29398.60220754634,29810.251585777994
7.57401458947168,52.032387180852425,222.54071822471067,9286.368686997324,29649.325175547256,9488.027785799444,9033.197614344486,34585.81315845196,5976.9496204167635,31748.097369250478,29810.251585777994,49524.37126797006
