v,mu,sd,comat,,,,,,,,
9.464300757180009,39.94334259874066,172.26072739211915,29673.758201661985,7244.8943030474775,18754.286098547636,21048.57005740139,40110.45697361201,4109.160674617715,32814.10949751659,45868.333636403426,8083.870912764291
6.659899026505887,31.25329364610071,46.96224185085692,7244.894303047478,2205.452159658377,5185.404122337485,5292.862702493982,11269.594773968156,1102.758117493017,8640.80845614692,11197.010680369009,2114.3869917580605
9.106145615289158,58.46420255180424,120.98324959252479,18754.286098547636,5185.404122337485,14636.946681967149,13587.471970263625,29277.244786743016,2706.4699517931003,27940.48494061252,28771.54613990386,5185.435258860704
5.208483128626249,78.62831818910404,135.05399507801292,21048.57005740139,5292.862702493982,13587.471970263623,18239.58158653194,31858.279290834562,3650.8196179953184,26526.500593997127,36576.153802294706,5902.844864356905
5.538283399679839,79.40938377706208,272.53183648175053,40110.45697361201,11269.59477396816,29277.244786743013,31858.279290834565,74273.60189611561,7027.302671993455,59565.54834848362,80411.95285208222,14686.773107813447
7.975260321031201,8.96614323458756,29.096036151555417,4109.160674617716,1102.758117493017,2706.4699517931003,3650.819617995319,7027.302671993455,846.5793197326196,6788.25852302785,8140.548445967373,1428.3601599760964
7.649086810964108,68.47308480855949,325.49163096858445,32814.10949751659,8640.80845614692,27940.48494061252,26526.500593997127,59565.54834848361,6788.25852302785,105944.80183058917,66480.53373895795,12863.002564277462
7.094037142783272,79.67055658713652,318.8194099711862,45868.33363640343,11197.010680369009,28771.54613990386,36576.15380229471,80411.95285208222,8140.5484459673735,66480.53373895795,101645.8161743753,18668.534980099474
6.677039246366646,52.21984270428256,61.14578076297763,8083.870912764291,2114.3869917580605,5185.435258860704,5902.8448643569045,14686.773107813444,1428.3601599760964,12863.002564277462,18668.53498009947,3738.8065051141252
