v,mu,sd,comat,,,,,,,,
8.85660321633373,54.38071365816111,180.13860025332113,32449.91530122583,16719.082372863362,27389.32463629558,36561.64893897631,3116.511642177178,19068.415393789983,30808.623319053077,3998.6861113841924,6800.214504362526
5.1037597467970075,86.1237062975462,109.5828646409305,16719.082372863362,12008.404222912493,17958.44866215466,19557.34659912245,1766.0376401344267,9717.389775011741,17092.24689356803,2008.0847995306617,4626.649078047325
8.168241174631376,49.130426739036594,202.8004022829258,27389.32463629558,17958.44866215466,41128.00316611655,32654.520381016657,3322.818190545811,11794.371702517146,31645.10468010721,3971.072117891065,8065.576155977933
8.74401941269306,73.26726698631377,245.0121824759309,36561.648938976316,19557.346599122448,32654.520381016653,60030.96956161886,4135.62954147211,19145.94166515251,29301.740606825362,4814.049691248484,7728.171916242611
7.492535061512952,8.523969257268748,20.479906453917653,3116.511642177178,1766.037640134427,3322.8181905458114,4135.62954147211,419.4265683612181,1771.8892464067324,3431.673472232593,415.4627738605766,769.1479926643564
6.1239832276542385,58.503115026810775,128.64363984051283,19068.415393789983,9717.389775011741,11794.371702517148,19145.94166515251,1771.8892464067321,16549.18607141558,21029.1513397352,2061.8047048190315,5210.718787259962
5.99031432379812,53.67174456098718,198.256323697607,30808.62331905308,17092.246893568026,31645.10468010722,29301.740606825362,3431.673472232593,21029.1513397352,39305.56988609033,3566.6114568241983,7898.593196126651
8.802653560994793,20.123404670918884,24.18653500433512,3998.686111384193,2008.0847995306615,3971.072117891066,4814.049691248484,415.4627738605765,2061.804704819031,3566.6114568241983,584.988475515928,939.0452578668671
5.845554182812677,37.09250927114455,53.12593524593136,6800.214504362525,4626.649078047325,8065.576155977936,7728.171916242612,769.1479926643564,5210.718787259962,7898.59319612665,939.0452578668671,2822.364995754892
