v,mu,sd,comat,,,,,,,,
6.24255063718865,85.81379594452405,219.23497049618584,48063.97228846347,28498.277790461532,41069.27084850353,35538.85550371606,49579.12781955496,44617.211707967705,11941.907812824986,13969.316856965834,52341.67967827915
7.249877105253978,68.30873177959921,189.50494918166896,28498.277790461536,35912.12576434693,37526.03801202075,29207.52735885369,42429.92677287635,40710.12489298985,9871.023253641892,13500.180874825439,50581.71257602278
7.054704014982704,62.84931771750071,260.0506977280746,41069.27084850353,37526.03801202075,67626.36538885842,40270.852362506565,54902.07968996751,61762.1433948245,14762.04364585882,16546.840802440278,86962.56034328001
6.301498454434499,96.95771977318307,241.72258948971609,35538.85550371606,29207.5273588537,40270.852362506565,58429.8102696138,44438.834158175225,57426.76678513314,15779.125072414103,16602.74367305764,69106.612427609
9.351978441734747,68.90880840554784,291.53388104336005,49579.12781955497,42429.92677287636,54902.07968996752,44438.834158175225,84992.00379620402,54968.2163309006,14272.414059986273,22103.93905898824,75073.62647539595
5.925199635809525,71.2587139033121,301.03388522024517,44617.21170796771,40710.12489298985,61762.1433948245,57426.76678513314,54968.216330900585,90621.40005079574,17193.00724076154,22561.33259706347,88988.76408813451
5.09830712715022,30.36723362496549,69.05523653239922,11941.907812824986,9871.023253641892,14762.04364585882,15779.125072414101,14272.414059986271,17193.007240761537,4768.625692545604,4848.20251266766,22096.19369845298
9.76626015751856,20.19664149109159,86.12449909132582,13969.316856965836,13500.180874825439,16546.840802440278,16602.743673057645,22103.939058988242,22561.332597063476,4848.202512667661,7417.429343731783,22932.294191759684
8.402254023655196,87.9135532145103,378.3530005614847,52341.67967827914,50581.71257602279,86962.56034328003,69106.61242760901,75073.62647539595,88988.7640881345,22096.19369845298,22932.294191759687,143150.99303387883
