v,mu,sd,comat,,,,,,,,
5.575272831948895,63.60901270298504,89.90561741232074,8083.02004229059,3135.499775457873,7644.079905746941,25862.112781654363,10087.757710789538,21706.97442309911,24969.42605746711,10525.589405349658,12454.401019925652
8.045332696397407,51.56041780156094,60.78032847018586,3135.499775457873,3694.2483289436864,7864.717935438881,16198.987601448973,6935.6265732172205,14788.142463034892,20042.076586047653,9105.531210032857,7316.107473194344
5.666954820929941,34.60460958436932,138.70076853896072,7644.07990574694,7864.71793543888,19237.903193298353,41957.795424023956,16094.34745403809,34568.64686325287,50773.706671111824,23874.07235112286,17754.243872937866
6.2029480998267434,72.97241322016615,347.80235459909795,25862.11278165436,16198.987601448971,41957.795424023956,120966.47786467668,40717.65852269865,94205.36550882107,120027.90974652425,53094.75181288446,43092.08076357484
6.635695279055699,78.8050598373331,146.64944384639531,10087.757710789536,6935.62657321722,16094.34745403809,40717.65852269864,21506.059380457053,32946.85706369358,49753.354997909046,24135.010076223385,21273.643208341764
9.295687454742989,90.9722621601588,291.9351372144704,21706.97442309911,14788.14246303489,34568.64686325288,94205.36550882105,32946.85706369358,85226.12434043166,98054.5921827842,45511.396237773326,39210.478137633996
8.330451065490129,85.26529931980134,399.8906671329106,24969.426057467106,20042.076586047653,50773.70667111183,120027.90974652427,49753.354997909046,98054.5921827842,159912.5456600043,68333.52512165059,58315.607132638324
7.705811061417019,83.75132149921848,215.80973454511172,10525.589405349658,9105.531210032857,23874.072351122857,53094.75181288446,24135.010076223385,45511.396237773326,68333.52512165059,46573.84152443159,30412.07516200827
5.145069122121802,61.827872975302036,168.83908057496365,12454.401019925652,7316.107473194345,17754.24387293787,43092.08076357484,21273.643208341768,39210.478137633996,58315.607132638346,30412.07516200827,28506.635129399066
