v,mu,sd,comat,,,,,,,,
8.8885120528691,56.94383830774275,215.64058572121013,46500.86221018658,31368.1047310185,20429.055797828416,15778.79847708124,6564.31889059196,5888.303047265968,3617.4434032097074,7607.431640749384,1813.7939309762914
6.1877061001745615,96.49431738177822,203.68851511640486,31368.104731018502,41489.01119032589,18628.050821179364,16105.059974725358,6571.729979000113,6588.294837520749,6195.723695206718,8770.5711125206,2002.9824313269282
9.121392663306843,27.194513875556854,119.18507555437195,20429.055797828412,18628.05082117936,14205.08223490135,10134.905881543023,3784.879695869392,4512.954403309107,2580.8644565344516,4773.373354789179,880.9845768615487
9.828745990214998,26.300184709354205,98.77363641267911,15778.798477081238,16105.059974725358,10134.905881543023,9756.231250184128,2996.970139026907,3606.81654182675,2319.183380470712,3826.7567014682595,677.0062139572492
9.863005569524468,19.58199051294541,35.52941759555317,6564.31889059196,6571.729979000114,3784.8796958693924,2996.970139026907,1262.3395146792031,1110.9891266123207,918.2526261775969,1331.4905462623467,306.764453155244
7.267246237086561,11.421894892339811,45.66408223862176,5888.303047265968,6588.294837520751,4512.954403309108,3606.816541826751,1110.9891266123204,2085.2084066956118,1006.4865569006995,1821.29673747226,447.27420948350994
8.04521231380639,22.107542564711466,33.09593832859733,3617.443403209708,6195.723695206718,2580.864456534451,2319.183380470712,918.2526261775969,1006.4865569006994,1095.3411338503176,1240.725442771782,384.22261421598677
8.877632573024233,26.356691021335656,55.81920745524431,7607.431640749383,8770.5711125206,4773.37335478918,3826.75670146826,1331.4905462623467,1821.29673747226,1240.7254427717821,3115.7839209316026,468.6376554563202
8.208066723795346,8.21306444915997,16.570652059394344,1813.7939309762914,2002.9824313269285,880.9845768615488,677.0062139572492,306.764453155244,447.2742094835099,384.2226142159868,468.63765545632026,274.58650967351
