v,mu,sd,comat,,,,,,,,
6.473325013435549,83.24389876690145,331.30379493481314,109762.20453820872,32610.624491590126,94561.35849649344,14801.5994425821,40881.57537652799,76897.96575168156,38594.84677867366,91695.58721611691,15476.747718223962
7.652933778026471,44.240949669106485,135.32516075075358,32610.62449159012,18312.8991322173,30717.74707565919,5916.601112961244,13230.549257307955,29266.21388430363,14886.25523057977,41890.33917345529,5634.455837805169
5.957603934737474,85.42144203611977,378.8823836599988,94561.35849649344,30717.74707565919,143551.86064788257,13514.891104494216,45258.23918994215,73191.29816179657,39622.58687846996,100418.30466945503,22162.737408051784
5.339501790956457,34.497843324603195,50.97213578284913,14801.599442582099,5916.601112961244,13514.891104494218,2598.1586262652086,5979.877658295153,11287.911265252578,5810.637551283447,17006.000520803715,2239.894916272497
8.934927299999567,54.49115072639757,152.346374087197,40881.57537652799,13230.549257307955,45258.23918994215,5979.877658295154,23209.41769751617,31776.150982801984,15886.401511323393,42663.82775245368,7624.441104746831
8.281667608879278,90.24229111852188,268.237030278319,76897.96575168155,29266.213884303634,73191.29816179657,11287.911265252578,31776.150982801984,71951.10441253184,34259.091532067476,78180.95564647016,11999.038209425948
8.18760448021818,52.925364209201156,130.22257271072078,38594.84677867366,14886.25523057977,39622.58687846996,5810.637551283447,15886.40151132339,34259.091532067476,16957.918443398958,38905.856710774686,6306.8506700050175
7.87801446876517,79.38558150375337,380.39126190641554,91695.58721611691,41890.33917345529,100418.30466945501,17006.00052080372,42663.82775245369,78180.95564647016,38905.856710774686,144697.51213475523,17445.540623507324
5.195314580944332,17.351426242006667,63.236417411380465,15476.747718223962,5634.455837805169,22162.737408051784,2239.894916272497,7624.441104746831,11999.038209425948,6306.850670005018,17445.540623507324,3998.844487026341
