v,mu,sd,comat,,,,,,,,
6.2852121355257,15.167771012036853,40.680284700769214,1654.8855633356377,4133.707456313875,9550.618484869134,6129.606159047308,6750.682881763931,1056.298154052573,8290.434451508001,1881.2214413523695,5115.686853417592
8.418937915355363,46.284141577754056,109.99297092410397,4133.707456313874,12098.453652710781,25335.767232344646,15996.462788752278,17505.685404658103,2865.2424094259068,24398.06700575999,5362.317080187193,14285.340471659061
8.318208787845577,74.2742235012673,317.0252656944656,9550.618484869134,25335.76723234465,100505.01908864648,51334.75997583096,54939.35788645829,6463.944285622822,53830.619973055334,12950.741741968359,35855.90678044323
8.885652172332,73.98787703606423,201.2603894305712,6129.606159047307,15996.462788752278,51334.75997583096,40505.74435374517,30206.586565022357,4048.6796190978594,40702.540124489075,10113.149417263021,26887.37729766429
9.136833141677291,66.86146870333474,211.4605572791232,6750.68288176393,17505.685404658107,54939.35788645828,30206.586565022364,44715.56728479734,4603.873936377395,37481.491361320295,13456.120314734235,26444.061442327624
6.783420718674227,10.02412665551959,29.03841958015419,1056.298154052573,2865.2424094259068,6463.9442856228225,4048.6796190978594,4603.873936377394,843.2298117130824,5307.881563763583,1345.7050458332396,3455.777185506151
6.933680333740088,66.697602005346,270.3277773287758,8290.434451508001,24398.067005759993,53830.61997305535,40702.54012448908,37481.491361320295,5307.881563763583,73077.1071955162,14045.575900318556,35743.1868964094
8.717045806498945,16.804069981494298,72.72610049716955,1881.2214413523693,5362.317080187193,12950.741741968359,10113.149417263021,13456.120314734233,1345.7050458332396,14045.575900318556,5289.0856935244055,9841.241671688891
6.412702575478894,45.03731486781717,157.34572488112792,5115.686853417592,14285.34047165906,35855.90678044322,26887.377297664294,26444.06144232762,3455.7771855061505,35743.186896409396,9841.241671688891,24757.677138367595
