v,mu,sd,comat,,,,,,,,
7.473008227690107,29.973317064593665,35.93173508249771,1291.0895860387966,3572.425029661248,2121.5122189264125,8917.086515697876,1364.7123769772154,11223.02608249484,4494.570233498903,6500.722759866161,890.9811327298024
6.1404155222466805,48.95574279616755,128.89440471052774,3572.425029661248,16613.76756568132,6546.669162724557,27655.876088492434,3740.1311660641586,39204.764792794034,15562.172512083109,20555.572142264253,3030.0025837661588
6.277369618786057,51.269130663428605,65.73026128479417,2121.512218926413,6546.669162724557,4320.46724856731,15389.780021192732,2207.2694679919255,22653.34362436268,6582.718269182042,11721.49975127402,1829.615668572177
6.981649548613884,60.300318060730575,298.3712315556407,8917.086515697876,27655.876088492434,15389.780021192732,89025.39182002973,11604.998753834743,87545.4806285682,33509.86972129093,52272.295487395415,7764.57985610409
6.88657548845562,24.863403319776364,45.98497564147729,1364.7123769772154,3740.1311660641586,2207.2694679919255,11604.998753834743,2114.61798474726,12667.623037250733,4929.887847044824,7466.7878813439065,1120.7777577485303
9.982871150773246,96.30782970317159,368.6486804021182,11223.026082494842,39204.764792794034,22653.343624362675,87545.4806285682,12667.623037250736,135901.8495622231,44093.65665794188,63652.55360031278,10316.546442378432
7.040986001665985,61.33198024983591,154.76570948332545,4494.570233498904,15562.172512083109,6582.718269182043,33509.869721290925,4929.887847044824,44093.65665794187,23952.424831877095,21070.975867900946,3080.078007400138
8.859469974198568,65.68034715816242,197.67907852562377,6500.722759866162,20555.572142264253,11721.49975127402,52272.29548739542,7466.787881343907,63652.553600312785,21070.975867900946,39077.018086739736,5466.825616892745
8.802683440044422,13.530342096144148,29.613841719625526,890.9811327298025,3030.0025837661583,1829.6156685721767,7764.579856104088,1120.7777577485303,10316.54644237843,3080.078007400138,5466.825616892744,876.9796213950333
