v,mu,sd,comat,,,,,,,,
6.296857349742217,8.355324745037244,14.986035403742605,224.58125712222676,1272.3053789909457,2956.7098845244677,2387.0163254326917,657.4937809158364,3463.4363941551837,823.3179186004332,132.47368558693967,361.2871722370153
5.2168052558095015,29.97482091631401,107.75863730350949,1272.3053789909454,11611.923913509307,34100.954658913986,19345.659821140827,5963.002594321851,28871.13867840754,6013.20041776685,1347.659758366106,2917.2802741775085
7.910151710633022,97.88860618911706,378.4277245480282,2956.709884524468,34100.954658913986,143207.5427065983,67690.32733909778,23140.862078847706,90158.61099026368,20380.27459794294,4727.370837696527,9879.926180192353
5.562560839055607,70.57758755632304,205.3826041125867,2387.0163254326912,19345.65982114083,67690.32733909778,42182.01407206752,11314.64321330549,51369.689310013535,12282.627569964552,2149.743933894487,5567.211770692924
8.053883912485752,65.65300998652977,94.42168245915049,657.4937809158365,5963.002594321852,23140.862078847706,11314.64321330549,8915.454118416646,24502.807976776738,5628.895736030064,1137.2395373645593,2333.1906782415426
6.481939791478635,81.0852631026122,401.5679384708799,3463.4363941551837,28871.138678407533,90158.61099026368,51369.689310013535,24502.80797677673,161256.8092077524,20104.67111415982,4083.7504251897653,10566.20958892424
9.036260967055947,17.162447782781445,77.97242347243191,823.3179186004334,6013.20041776685,20380.27459794294,12282.627569964554,5628.895736030064,20104.671114159824,6079.6988221642505,613.8673863479738,1913.130241768771
5.474188674581098,15.197799845966712,16.570519668340886,132.47368558693967,1347.6597583661057,4727.370837696527,2149.743933894487,1137.2395373645593,4083.7504251897653,613.8673863479738,274.5821220788721,424.80243476909476
8.500501868977846,15.583957668526219,30.877420058955444,361.2871722370153,2917.280274177508,9879.926180192351,5567.211770692925,2333.1906782415426,10566.209588924237,1913.1302417687707,424.8024347690947,953.415069497184
