v,mu,sd,comat,,,,,,,,
6.554148998781777,37.62957379251455,151.6520202117327,22998.335234299786,7438.038918364202,9268.516185718374,29852.86376047043,913.9714780800563,29100.503405101776,11214.502839439654,15446.536687272459,3744.741134132658
9.09493610359425,23.53386350004254,56.91141637015619,7438.038918364201,3238.909313257282,3508.856288523088,10074.286579438158,299.92340353172466,8626.42006137521,2911.8511422966503,5723.150397112834,1213.3540222560157
6.6737631228576255,15.12214590396653,74.50879980710141,9268.516185718372,3508.856288523088,5551.561248694716,14518.93555334825,367.7041821368258,9398.649422326018,4102.372786226238,5394.217249511314,1622.1550900275083
5.968567593367713,70.12549464089165,252.97854072159387,29852.863760470424,10074.286579438158,14518.935553348249,63998.14206562714,971.0294881083904,35461.832862137395,14733.197491940155,15863.247038916796,5513.587909510391
5.551566625263002,6.519821524603471,6.677430288108948,913.9714780800563,299.92340353172466,367.7041821368258,971.0294881083904,44.588075252554745,1248.3625364512868,442.2569141625542,776.8069381308849,171.9237521001636
9.811550437231105,48.22116959311717,214.04464081207612,29100.503405101772,8626.420061375207,9398.64942232602,35461.83286213739,1248.362536451287,45815.10826037069,12843.47872514807,22912.777704106375,5687.976091940762
9.325236258690676,71.75072535027176,92.57311475064589,11214.502839439656,2911.851142296651,4102.372786226238,14733.197491940155,442.25691416255427,12843.478725148072,8569.781574636252,7570.39702980051,1703.2612804662167
9.262059869546114,33.14198152830494,126.89723688187794,15446.536687272459,5723.150397112835,5394.217249511313,15863.247038916796,776.8069381308846,22912.777704106375,7570.397029800509,16102.908728255445,3113.0767508442523
5.397555160510296,11.450039377961918,34.236338139142504,3744.7411341326574,1213.3540222560155,1622.155090027508,5513.587909510392,171.92375210016363,5687.976091940762,1703.2612804662167,3113.0767508442527,1172.1268491777034
