v,mu,sd,comat,,,,,,,,
9.945057567378,68.52041862140672,212.07055768282655,44973.92143590506,15459.529186765254,9926.587392768863,37730.762065476185,11577.656875314027,11849.239955306053,6500.977742271783,2798.6098846068858,12883.75819191654
7.747723634223627,33.299025311892954,109.35209533575863,15459.529186765254,11957.880754320844,5404.497543042564,21404.17915222237,5212.782461537911,4486.53814944361,2811.610925697103,1397.0244072732064,5509.776034991196
6.407236509775315,59.528849027973784,70.10631128420377,9926.587392768863,5404.497543042565,4914.894881877677,10347.625518287145,3558.3213631124277,2744.9571851294136,2380.121628714836,862.9397501014911,3534.1380908767883
5.386447830395864,48.060198184012535,238.37994701243102,37730.762065476185,21404.17915222237,10347.625518287146,56824.999137649414,11207.236992685246,12281.910134784941,7074.454235875763,2791.356420314839,12044.45842245095
7.222347479859016,26.538016025573043,76.77419894662142,11577.65687531403,5212.782461537911,3558.321363112427,11207.236992685246,5894.277623895406,3112.955352564759,2341.547095987551,960.2062663038197,4122.432931418493
7.364039848777427,12.491124793989748,60.82622541940219,11849.239955306055,4486.53814944361,2744.9571851294136,12281.910134784941,3112.9553525647593,3699.8296987719295,1673.2315379625054,743.4175857922147,2958.4473338373055
5.24261000453223,43.71984828842749,49.04900776069743,6500.977742271783,2811.610925697103,2380.121628714836,7074.454235875762,2341.547095987551,1673.2315379625056,2405.8051623089564,587.5551645036552,2508.4416181580036
5.816622241041333,12.101885134264101,15.705972076679426,2798.6098846068853,1397.0244072732062,862.9397501014912,2791.3564203148385,960.2062663038196,743.4175857922146,587.5551645036551,246.67755887343387,987.5606584278163
5.579753557489722,40.46357719399766,70.32916138049332,12883.75819191654,5509.776034991196,3534.1380908767896,12044.45842245095,4122.432931418493,2958.447333837305,2508.4416181580036,987.5606584278164,4946.190940483472
