v,mu,sd,comat,,,,,,,,
7.08511002351287,63.628766793968765,146.76481591115095,21539.911189434028,31125.72541374668,19030.092731542285,6225.741102380944,34176.39916845708,23216.55535062712,8585.354588511933,9788.275184734804,37663.8423363471
8.60162246721079,55.07051971447288,250.22768709837487,31125.725413746688,62613.895390602214,28830.868205377956,8625.713328416907,73862.97249689374,37505.09992510645,16068.895282343077,16753.07943472142,52347.68950319155
5.000571874086725,38.94062720023748,180.45634164135507,19030.09273154229,28830.868205377956,32564.49123858145,8381.312194261558,44655.29816915384,24911.13199157666,11826.348159253597,13734.243758146873,43182.6517231659
6.511662863159199,64.21921100022126,68.28332193081621,6225.741102380945,8625.713328416905,8381.31219426156,4662.612053907486,11280.733444878413,6169.287831446381,4489.017589846801,5187.622735176389,18800.130500093073
5.733779454085565,93.29653720565733,351.129697087224,34176.39916845708,73862.97249689372,44655.29816915384,11280.733444878411,123292.06417656566,47804.844785997535,23031.098671815154,24552.13789192421,52913.48745778317
5.461692973843989,99.74567079289065,168.50654923166093,23216.555350627124,37505.09992510645,24911.13199157666,6169.28783144638,47804.84478599754,28394.457133962173,10136.479141784059,11869.637047092332,37863.37088504514
5.931301056888355,18.027896214743386,85.27883308664153,8585.354588511933,16068.895282343079,11826.348159253599,4489.0175898468015,23031.098671815154,10136.479141784059,7272.4793726192665,7296.216580432464,21261.083577543704
6.727803635215238,71.19772534154052,89.99397402137907,9788.275184734808,16753.07943472142,13734.243758146873,5187.622735176388,24552.13789192421,11869.637047092332,7296.216580432463,8098.915360160651,23609.156422194876
6.983837371153349,76.7689899972343,308.26624428177246,37663.8423363471,52347.68950319154,43182.6517231659,18800.130500093073,52913.48745778318,37863.37088504514,21261.0835775437,23609.156422194876,95028.07736358941
