v,mu,sd,comat,,,,,,,,
7.844701100596228,6.401804735022816,19.98416964692247,399.3670364769775,2248.1498952693414,2919.302727272617,1443.9125235372217,1017.1070640812071,405.1094758947264,175.21019226078448,3628.4950401439874,1007.5433525724737
5.329821137947212,52.89028103467376,188.50249111525082,2248.1498952693414,35533.189156655215,22443.26774019092,10873.123736817794,11281.49098846936,4333.2584230420225,1056.5585940029487,21641.15764730368,9020.317013630878
9.440553349501286,36.781015105435586,169.98709444709465,2919.3027272726176,22443.26774019092,28895.612278565477,11975.01505927346,8242.533588903829,3798.7673663683036,1261.0232807033155,30297.630476268507,7691.281660233328
9.648290885870345,52.81666041421668,107.86304341491011,1443.9125235372221,10873.123736817792,11975.015059273463,11634.436134726782,4596.166822282047,2263.8551182538044,750.4452418108827,18159.715071966817,4459.922171061252
8.39846020688065,44.34792704749989,65.76534120785833,1017.1070640812072,11281.49098846936,8242.53358890383,4596.166822282047,4325.080104186028,1506.081818057658,474.734348772401,9588.273461658006,3134.5112557683397
7.7213790821241695,5.581525068694917,25.790298528564136,405.1094758947265,4333.2584230420225,3798.767366368303,2263.855118253805,1506.081818057658,665.1394981924575,196.78886928898214,4344.509068652442,1380.3021254155267
5.939246710790018,5.023276417405997,9.525090398757797,175.21019226078448,1056.5585940029484,1261.0232807033158,750.4452418108829,474.7343487724011,196.78886928898214,90.72734710450798,1799.26575875452,444.8187691321179
8.09131731092507,52.47232275393378,201.7339732892923,3628.4950401439874,21641.15764730368,30297.6304762685,18159.715071966817,9588.273461658004,4344.509068652441,1799.26575875452,40696.595979084894,8678.500126838591
6.870638841926912,13.677980875562076,60.82156890320157,1007.5433525724737,9020.317013630878,7691.281660233328,4459.922171061252,3134.511255768339,1380.3021254155267,444.81876913211795,8678.500126838593,3699.2632438468963
