v,mu,sd,comat,,,,,,,,
6.504822279279573,39.14487919071247,148.28452059248235,21988.299047342327,26519.023780677137,21180.644251775408,33936.87474249406,19845.484061629413,35345.48877562407,15179.28689634696,15463.985185668986,4271.644708924309
6.235309159809072,81.96353963986353,207.5543220933874,26519.02378067714,43078.796619645604,25423.27480849917,39299.303905429755,25866.93183796819,49403.93051148813,19313.08610798451,21379.238492352048,4664.583262111916
9.631675675295877,41.405554855389575,185.6865018569306,21180.644251775404,25423.27480849917,34479.476971863885,57004.80028391098,19121.277863559728,43552.34310643894,17805.932104347732,23256.448603588346,5781.132583630979
9.45801719138882,84.40311380974464,345.67397010179974,33936.87474249405,39299.303905429755,57004.80028391098,119490.49360593992,39220.092156099134,76878.10671005717,29637.398775697497,32850.67918997003,9709.554759818317
8.416383799874936,37.93678531617602,167.68638376008047,19845.484061629417,25866.93183796819,19121.27786355973,39220.092156099134,28118.723298532987,35980.7912047804,13123.986542454919,10878.870311214901,3719.257737774311
7.834423297498361,57.87851130252046,273.24732957027635,35345.48877562408,49403.93051148813,43552.343106438944,76878.10671005718,35980.79120478039,74664.10311728723,25725.483920005936,29621.85613967225,7185.322287362718
7.734829401215158,45.242489209313526,120.00951243475765,15179.286896346961,19313.08610798451,17805.932104347732,29637.398775697493,13123.986542454917,25725.483920005936,14402.28307482825,13878.633126979437,3755.323177317115
6.052119179933829,33.62512739307176,140.84380398691033,15463.985185668987,21379.238492352048,23256.448603588346,32850.67918997003,10878.870311214903,29621.856139672247,13878.633126979437,19836.97712150322,4179.326938262121
8.848772340927178,10.493919678864314,34.17309641501935,4271.644708924308,4664.583262111916,5781.13258363098,9709.554759818318,3719.2577377743114,7185.322287362717,3755.3231773171156,4179.326938262121,1167.8005185902084
