v,mu,sd,comat,,,,,,,,
5.087451354655763,62.695346482209324,295.92971888312223,87574.39851824375,15602.320905951181,51567.05099837524,2146.1785305959374,26706.97662856573,17987.49108473145,15050.563025816235,36760.371509659286,3796.0632782545786
9.457866335901292,42.370570113223984,75.38022347521331,15602.320905951181,5682.1780911731,11028.4586770816,1094.3357638774764,9143.504411069063,3969.7610043065674,3874.472534455166,10775.82537358937,814.2411265909802
6.424305837369592,76.15797441293964,213.64594256152904,51567.05099837524,11028.458677081599,45644.58877300418,2124.8712510293485,22634.15745337065,12145.113220716985,9762.115620473925,31034.624346336113,2772.5345539540335
6.49488188729479,15.905606366084324,17.735853389931354,2146.1785305959374,1094.3357638774764,2124.8712510293485,314.5604954691394,1902.280418334669,742.7702371060798,959.1162949948758,2447.030117870523,223.1620942691209
8.960171303277146,31.50706052806469,135.3753425595195,26706.976628565735,9143.504411069061,22634.15745337066,1902.280418334669,18326.48337310725,7478.091511605825,7354.513595948615,20983.100602168644,1525.121181646419
6.622352987391144,29.203947423100782,80.26350588607346,17987.491084731453,3969.7610043065674,12145.113220716983,742.7702371060798,7478.091511605822,6442.2303771237475,5215.196843547966,11010.167702364794,985.3306636574058
9.323551933451292,27.832183181396097,73.96841770974844,15050.563025816235,3874.4725344551666,9762.115620473924,959.1162949948758,7354.513595948615,5215.196843547966,5471.326818483826,9224.984955483687,1112.3887438377237
7.237563161069371,92.10483550501861,195.00984041860164,36760.37150965929,10775.82537358937,31034.624346336106,2447.030117870523,20983.100602168644,11010.167702364792,9224.98495548369,38028.83786008847,2016.9309414914562
7.741149531750471,10.271766875400157,17.88678873646468,3796.063278254579,814.24112659098,2772.534553954033,223.1620942691209,1525.1211816464186,985.3306636574057,1112.3887438377237,2016.9309414914562,319.93721130291976
