v,mu,sd,comat,,,,,,,,
6.0110114671512065,80.25817664509565,304.87201787350966,92946.9472822656,47915.60036875492,23633.01477515601,94764.72474454084,26312.576107064237,28439.376749979758,5699.561858323592,40090.935917809235,29181.93678960813
8.922738020552805,53.11771287673843,235.54718051487743,47915.60036875492,55482.47424850824,15799.967156203908,67104.1451893834,20282.922979457482,19728.69465234047,2905.684763031837,29647.48440854055,19804.45691289383
9.302686196185157,89.01967322858209,100.48849259732968,23633.01477515601,15799.967156203906,10097.937144483583,31289.7964908056,7947.442902786879,8746.701296570094,1738.2552416532458,10347.119321321818,9877.533531918998
6.635426005407173,85.71105593722714,373.06189710596675,94764.72474454083,67104.1451893834,31289.796490805595,139175.1790723029,37961.247984210684,37187.176621393446,7451.592882688234,50406.82242203004,34983.346910284105
6.244302380424167,51.71561377138036,109.77384676217224,26312.576107064237,20282.922979457482,7947.442902786879,37961.247984210684,12050.297432964875,10807.569357682845,2247.698837478724,17299.16906644116,10084.100996314442
9.051818581232387,50.135225616955466,131.4004477750425,28439.376749979758,19728.69465234047,8746.701296570092,37187.17662139344,10807.569357682843,17266.077675481672,2529.9465726943595,14985.937867197381,11337.072044748078
8.567173946286314,6.935433845775869,23.25380370342182,5699.561858323592,2905.6847630318375,1738.2552416532458,7451.592882688234,2247.698837478724,2529.9465726943595,540.7393866772744,3069.344924004564,1962.7175660466082
8.306642066891122,70.72963273037531,172.887521716972,40090.93591780923,29647.484408540557,10347.119321321816,50406.82242203003,17299.169066441165,14985.937867197386,3069.3449240045643,29890.095165436465,17037.855966975094
8.552456285147834,66.2036337274848,127.37261000958419,29181.936789608135,19804.456912893835,9877.533531919,34983.34691028411,10084.100996314442,11337.07204474808,1962.717566046608,17037.85596697509,16223.78178065363
