v,mu,sd,comat,,,,,,,,
5.533691011276554,26.57198529802893,86.38706161412082,7462.724414321908,15874.437163767807,15059.310300967518,13112.494544480742,3395.865606644098,29071.757826338464,11170.370845292025,3446.0441503179973,24770.608458740222
8.421713166393436,77.02401351551046,246.36951861571268,15874.437163767809,60697.93970293798,35032.694377170825,35014.55695030009,8032.112817889833,98325.71191895593,36173.59067496553,8215.767428789939,65048.443618576835
7.674813086955436,77.08112648969067,246.91366298293877,15059.310300967521,35032.69437717082,60966.35696765228,38918.98843916029,9791.233340148334,72638.24739456266,24983.52614349411,10097.401942267308,65044.58384975742
6.845935383749826,50.57780343911391,193.74857062396825,13112.494544480742,35014.55695030009,38918.98843916028,37538.50861883081,8106.869429896073,62675.61687204158,23830.012134561846,6732.029861888011,51535.878545446874
7.063073218632175,53.07173710795877,56.32270900448065,3395.8656066440976,8032.112817889833,9791.233340148332,8106.869429896073,3172.2475496034053,21691.92047587309,6886.271563003189,1589.4709453872129,13717.128183109662
7.939237380125903,92.56247942755209,458.6529538397677,29071.757826338464,98325.71191895593,72638.24739456266,62675.61687204157,21691.920475873092,210362.53206594405,72636.3738876496,15067.270894458477,120068.98249445544
8.58036894145998,68.19099291438886,176.45008365192558,11170.370845292025,36173.590674965526,24983.526143494106,23830.01213456185,6886.271563003189,72636.3738876496,31134.63202077153,5452.666055892096,40297.653169946774
5.866670193871999,15.208719965942292,50.29827185630254,3446.0441503179973,8215.767428789937,10097.401942267306,6732.0298618880115,1589.4709453872129,15067.27089445848,5452.666055892096,2529.916151730516,13568.071510156107
5.333711467351353,70.88549095826018,311.5736341903807,24770.608458740222,65048.443618576835,65044.58384975742,51535.87854544688,13717.128183109664,120068.98249445544,40297.65316994678,13568.071510156109,97078.12952260119
