v,mu,sd,comat,,,,,,,,
9.23331203605067,33.608144482023945,69.5194267920849,4832.950701500052,6981.713918171946,10565.265764781669,3646.1539025241245,11075.83714598268,6085.221500767474,12377.974449473437,5312.324440738015,18546.070793686602
7.805827701325171,61.382999283332104,125.66217774447287,6981.713918171946,15790.982915483497,16443.340804566084,7956.551699732298,24745.322287346222,12863.62814094823,19141.803793692416,10055.02741172356,35060.77797261128
7.274377012028764,59.660525958223566,187.97744463831052,10565.265764781669,16443.340804566084,35335.5196927491,13410.827502900393,18835.784660621688,16360.612646305672,30776.339065742064,15389.054828333543,46375.489045180744
6.760874568459808,40.2984789574835,82.71800448555214,3646.153902524125,7956.5516997322975,13410.827502900389,6842.268266071823,10488.962531639281,7929.109008226207,11574.68496779318,6894.707700585856,20314.0343531653
7.929256920674186,91.2433298655168,216.97252122557126,11075.83714598268,24745.322287346222,18835.784660621684,10488.962531639283,47077.07496698097,18753.227171580154,28036.792177421154,14939.749541047875,50235.24661496075
7.678748721365379,23.697102203279258,117.5649171678614,6085.221500767474,12863.62814094823,16360.61264630567,7929.109008226209,18753.227171580154,13821.50974868611,17588.530606624172,9174.754008442424,35338.67542667601
9.137281383896731,56.75487822985691,188.84257529827704,12377.974449473437,19141.803793692416,30776.33906574207,11574.684967793182,28036.792177421157,17588.530606624172,35661.51824528543,16248.881222838307,54785.46555620725
6.322710993610173,62.47713488311865,93.75536320117372,5312.324440738015,10055.02741172356,15389.054828333541,6894.707700585856,14939.749541047877,9174.754008442425,16248.881222838305,8790.068128984,26613.484100425085
7.391895306693579,87.25143498358847,317.66203378247815,18546.070793686602,35060.77797261128,46375.489045180744,20314.0343531653,50235.24661496076,35338.67542667602,54785.465556207244,26613.48410042509,100909.16770682027
