v,mu,sd,comat,,,,,,,,
7.7697051125029315,45.55361888833916,68.9083875615278,4748.36587632972,4392.667139962541,4570.19000354586,16074.644566258929,4634.4936615668,21420.679155607402,7233.819850543213,3352.812491045706,13919.240558546844
6.981239468526834,27.66956732164067,72.59389148438032,4392.667139962541,5269.873080845986,4206.31456744049,18666.116927837546,5355.810857511871,23179.304457524373,7852.525183731299,3500.548158936351,15600.676929818572
5.240633862900383,27.22199415468067,70.44401185916259,4570.19000354586,4206.31456744049,4962.358806813838,15337.227967355713,5678.46503275639,21490.195790128655,7005.247928719657,2910.0370515059094,13702.341581156565
7.628362805464263,76.64145703718613,288.6680339459759,16074.64456625893,18666.11692783755,15337.227967355713,83329.23382223508,21350.808740645578,87118.78421262332,29927.89831488535,15492.18432514523,57800.37830483966
5.765192909059452,43.86811445414962,98.59977464084128,4634.4936615668,5355.810857511871,5678.46503275639,21350.808740645578,9721.915559224688,26367.010769895478,8745.184611044051,3774.858783818613,21390.749742017484
7.50005080497077,92.89429352892984,340.993777325176,21420.6791556074,23179.30445752437,21490.19579012865,87118.78421262332,26367.010769895474,116276.7561744917,35355.88864283337,17487.779869034985,74932.49881874086
6.280433898580737,52.718141733704854,122.30837961288661,7233.819850543213,7852.525183731298,7005.247928719656,29927.898314885355,8745.184611044051,35355.88864283338,14959.339723529978,6391.894828104021,26135.235122965263
7.715465789347553,40.6983117845877,64.92391674186156,3352.812491045706,3500.5481589363503,2910.03705150591,15492.184325145232,3774.858783818613,17487.779869034985,6391.894828104022,4215.114965104171,12385.4273577669
7.741330597592358,83.61852679996674,271.6340045807269,13919.240558546848,15600.67692981857,13702.341581156565,57800.37830483965,21390.74974201748,74932.49881874086,26135.235122965263,12385.427357766897,73785.03244456238
