v,mu,sd,comat,,,,,,,,
7.128607052594479,74.13084703872293,353.6776199909005,125087.85888242781,52689.65204026337,54848.718362410116,54555.28107276063,8538.341738694788,44063.17875464443,18704.164470937194,40370.939068401465,89092.47669883214
9.072918702472762,42.22742752925961,200.87423489418967,52689.65204026336,40350.45824432609,34472.99254016264,35436.423175239615,5499.844682904598,29372.79481037602,17269.14196252895,37387.534510756275,56513.972788790314
8.676986450998399,50.33138671222727,232.2746630615843,54848.71836241012,34472.99254016264,53951.51910037253,39373.53605806904,5980.697495117123,21516.158091178557,18095.56988017714,32898.938067852534,61279.64729420881
9.340015999398679,77.54754136264182,201.92475995515167,54555.28107276061,35436.423175239615,39373.53605806903,40773.60868294563,6015.219191522688,25736.138246230585,19548.752625744066,41422.558779852334,68028.88119555786
6.916903864363101,11.835568016474738,30.942021578115284,8538.341738694788,5499.844682904598,5980.697495117122,6015.219191522688,957.4086993405516,3554.535822935864,2750.555758586044,6426.385199786642,9295.98140186947
9.897283160722603,58.035988538685906,186.89057284605894,44063.178754644425,29372.79481037602,21516.15809117856,25736.13824623059,3554.535822935864,34928.086218728065,17175.005835904543,28386.413856739844,44954.410686345276
9.465971733575676,24.962108816668476,119.09438269225512,18704.164470937194,17269.141962528945,18095.56988017714,19548.75262574407,2750.5557585860442,17175.005835904543,14183.471988849322,24334.346909995962,33240.67052654114
6.048575848771877,64.06502898845443,245.2528761906558,40370.939068401465,37387.534510756275,32898.93806785253,41422.558779852334,6426.385199786642,28386.413856739844,24334.346909995962,60148.97327978915,62282.40181864183
8.709138237063705,73.63012052166519,352.5691135056435,89092.47669883214,56513.972788790314,61279.6472942088,68028.88119555787,9295.981401869472,44954.41068634527,33240.67052654114,62282.40181864183,124304.97979815531
