v,mu,sd,comat,,,,,,,,
7.290274741120452,32.28002512482254,80.12419199837606,6419.8861433926295,9030.62104329785,1240.248918780788,14170.405486945183,19506.631541354473,7574.270249684555,10374.608465707925,14010.765793650831,972.1005852404317
6.5417480348245585,52.07496058744676,131.55032833956108,9030.621043297848,17305.488886246327,2158.4122140835366,26416.142445779205,37289.04245962667,13219.066841148846,19784.62244092116,24706.93898295631,1658.8648106299788
6.157435225177812,8.064774610621097,22.611708499919004,1240.248918780788,2158.4122140835366,511.28936128530944,4216.264140885743,5591.11865508316,3082.640293082299,5165.87762976939,4931.607787460751,328.1431809051328
6.387122758780629,95.09462889327337,247.46641884539622,14170.405486945183,26416.142445779205,4216.264140885743,61239.628456165075,75006.32831122435,25466.05945027239,47565.11673396156,57545.654330845,3300.197506123649
9.08617405951335,98.0705624483917,325.1122822136946,19506.631541354473,37289.04245962667,5591.11865508316,75006.32831122434,105697.99604619697,32369.916904725556,58604.38352744347,63276.66701205492,4432.491378668674
5.556733180462491,76.0825957740537,145.75464668285517,7574.270249684554,13219.066841148848,3082.6402930823,25466.059450272394,32369.916904725567,21244.417029643948,34606.31914932058,32079.059942137843,1729.4133599635732
8.132186144771262,88.32856330321053,254.51039535243555,10374.608465707925,19784.62244092116,5165.877629769391,47565.11673396155,58604.38352744347,34606.31914932058,64775.54134245304,56487.58733263724,3237.133816290826
6.383939433182571,54.78132719529657,258.58216676336065,14010.765793650831,24706.93898295631,4931.607787460751,57545.654330845,63276.66701205492,32079.05994213784,56487.58733263724,66864.73696803446,3410.85095941878
8.410873370942475,6.7606122906389885,17.240071090558246,972.1005852404317,1658.864810629979,328.1431809051328,3300.197506123649,4432.491378668674,1729.4133599635734,3237.133816290826,3410.8509594187803,297.22005120750214
