v,mu,sd,comat,,,,,,,,
5.567442359468248,67.78686715128372,217.05339250109347,47112.175196233744,30271.676435315258,5624.924045656563,30863.78494348135,20918.74293024316,43196.42254830897,1837.9547699125005,19521.828318415497,42762.951860497655
9.872415472182283,80.98045380375133,182.94320773436647,30271.67643531526,33468.217256139564,5230.898277036716,20823.351659440585,16930.96560475329,29452.159284207093,1789.7911030081514,19437.1249146848,40339.85777117066
8.643673167505531,8.681542189252028,36.75194192922693,5624.924045656562,5230.898277036716,1350.7052355692686,4741.416525979912,2728.695211091188,6053.298495882666,317.731667786316,4599.380037564375,7317.773632865671
6.757339029463507,80.62520874640003,170.89940598360187,30863.784943481354,20823.351659440585,4741.416525979913,29206.60696554797,18352.700483068875,33802.577457992935,1600.7716074341843,19664.281385822225,36432.60891527126
8.538025691295406,48.26676332353212,125.03971157291238,20918.74293024316,16930.96560475329,2728.695211091188,18352.700483068875,15634.929470237123,24573.17371338885,1211.1129936905788,15322.619572102474,27639.521148147134
8.998023008300269,95.57597669571258,229.26067975308627,43196.422548308976,29452.159284207093,6053.298495882666,33802.577457992935,24573.17371338885,52560.459280847164,2129.738507648971,28197.95575251234,45582.48814420868
8.227809272541462,10.645535601550932,10.788154135929807,1837.9547699125005,1789.7911030081511,317.731667786316,1600.7716074341845,1211.1129936905786,2129.738507648971,116.38426966057939,1412.1466834252496,2535.630893850426
7.072998035940832,63.10520347120431,150.286757392559,19521.828318415497,19437.124914684802,4599.380037564376,19664.281385822225,15322.619572102474,28197.95575251234,1412.1466834252496,22586.109447569885,30844.518074934218
8.530155056365047,50.485530984557236,248.97616567379458,42762.95186049765,40339.85777117065,7317.773632865669,36432.60891527125,27639.52114814713,45582.48814420868,2535.6308938504258,30844.518074934214,61989.1310736248
