v,mu,sd,comat,,,,,,,,
7.503340631701906,63.669344555439906,266.6128105101308,71082.39072811091,21635.38252863892,24995.553678838885,36503.00934894873,44053.9658403515,59357.885939303604,20187.732833693248,38729.63752767322,21511.933112207942
7.3403371297405755,27.75077198144281,132.80346548101517,21635.382528638915,17636.760443767187,16688.313830529954,25078.473324500093,23415.987753665922,41317.933284074716,9904.449506835985,19456.923951517307,12375.359130000506
7.503912628211162,56.09488360853489,142.62869107505807,24995.553678838885,16688.313830529954,20342.94351778435,29608.073707364543,27373.343109210924,44050.178955320844,11499.101217823441,20419.397782617296,15460.846724053776
5.745890827260541,63.983810448392596,225.13258383768996,36503.00934894873,25078.473324500093,29608.073707364547,50684.6803054345,41437.659375701776,65228.59956316113,15693.66061095672,31381.401382328695,22552.50933348233
9.101389679097075,66.67732597156986,226.80309687719694,44053.9658403515,23415.98775366592,27373.34310921092,41437.659375701776,51439.644753087174,65118.79533836913,15484.412917159369,35286.55229999204,21469.813748850152
6.60682015804819,70.80476210166256,347.49262665579494,59357.885939303604,41317.93328407472,44050.178955320844,65228.599563161115,65118.795338369135,120751.12558014368,23469.159420824933,47907.50111598445,31914.04247569159
8.895869985537066,32.31366231499029,92.33352573357016,20187.732833693248,9904.449506835985,11499.10121782344,15693.660610956715,15484.412917159367,23469.15942082493,8525.479974391863,14352.294869304613,9605.865031621925
9.075401539396115,84.8782952513033,174.26200298884334,38729.63752767322,19456.923951517307,20419.397782617296,31381.40138232869,35286.55229999204,47907.50111598445,14352.294869304613,30367.245685683643,17997.50726663012
5.0740113864068705,38.7766443164902,120.15439667233892,21511.93311220794,12375.359130000505,15460.846724053772,22552.50933348233,21469.813748850152,31914.042475691596,9605.865031621926,17997.50726663012,14437.079039693766
