v,mu,sd,comat,,,,,,,,
6.1099658554486975,44.08144349904077,217.78645184485504,47430.93860717137,18141.044895491385,9629.816067679163,31380.15258572109,28933.806247144123,46195.40644931185,33936.6823711908,6620.656589607048,54749.123511371436
9.353661530886882,81.13314538905166,98.64560570441589,18141.044895491388,9730.955524791088,3430.322073497971,13038.507275649758,10269.430853803355,23545.431111256185,13133.321390750923,3083.030591042605,22779.32873358509
6.0335957766971315,23.095388478272753,64.89054447441208,9629.816067679165,3430.322073497971,4210.782762185653,8519.682165395367,9622.217389298065,10272.982712476169,10355.406965721479,2087.3711448642684,13746.184759018197
9.593054539689607,71.77949732620793,167.11649437328174,31380.152585721087,13038.50727564976,8519.682165395367,27927.922691615106,20781.74119754141,35332.80566950287,21923.508923416048,5391.367782079964,40572.02489312847
7.442055943974146,39.198403541274224,183.67910392477089,28933.80624714412,10269.430853803353,9622.217389298063,20781.74119754141,33738.013218606786,23177.843545026044,37536.754893781756,4978.265265839425,44118.27735979568
8.05871931451323,95.59489804409797,251.4856007117993,46195.40644931186,23545.431111256185,10272.982712476167,35332.80566950287,23177.84354502604,63245.007365374535,29058.475974493253,7917.606758701664,60763.979964151236
8.829539282401578,90.36425971404871,209.7366222399607,33936.6823711908,13133.321390750923,10355.406965721479,21923.50892341605,37536.754893781756,29058.475974493253,43989.450708627985,5636.275519662788,49450.548955682854
7.592089939364716,12.860164062598828,39.95486128839932,6620.656589607048,3083.030591042606,2087.3711448642684,5391.367782079963,4978.265265839426,7917.606758701665,5636.275519662788,1596.3909405752304,7569.497643144642
6.48400250788111,67.7802171410466,309.8868946408322,54749.12351137144,22779.32873358509,13746.184759018197,40572.02489312847,44118.27735979568,60763.97996415124,49450.548955682854,7569.49764314464,96029.88747013824
