v,mu,sd,comat,,,,,,,,
6.144017437784505,26.212584995581498,113.75853537756181,12941.004371247984,16786.26998309143,35101.24636574538,6194.521192709082,8240.610313111682,14868.051526645426,1067.812953728572,9481.836202837896,11626.257525399655
5.953440093120915,69.72917675975842,224.26118034987704,16786.26998309143,50293.07701192009,61930.8062942345,9825.612938829147,14233.593968829564,28546.27639652834,1233.272876082329,16249.758132843139,25671.70864413778
9.431798354911994,78.60460642171344,392.1088711889181,35101.24636574536,61930.80629423449,153749.36686504752,18219.3007431521,32488.765383403428,49157.35614431008,3161.579687473032,26377.724216898638,30187.073103872815
8.594629477947032,25.643548244336696,64.53211092925716,6194.521192709082,9825.612938829145,18219.3007431521,4164.39334098595,4640.063901126732,9181.281455191049,511.53335432191614,5558.361794957718,6605.755197930572
7.664916917170711,85.98490638585653,89.45633404071769,8240.610313111682,14233.593968829564,32488.765383403424,4640.063901126733,8002.435700004468,12381.258989734433,674.8361992414859,7189.00661668394,6879.851156403674
9.347310500020573,59.96366874233958,162.17798425288169,14868.051526645424,28546.276396528338,49157.35614431009,9181.28145519105,12381.258989734437,26301.698576327944,1359.1682545914987,13806.80153437535,17917.214407273248
8.621188381996738,7.288545667344808,10.473337262229078,1067.812953728572,1233.2728760823288,3161.579687473033,511.53335432191614,674.836199241486,1359.1682545914987,109.69079340839612,731.41106003148,911.8765356028456
7.4104349556958224,85.67907344092642,95.80063908251208,9481.836202837896,16249.758132843139,26377.724216898645,5558.361794957719,7189.006616683941,13806.801534375354,731.41106003148,9177.762448617741,10778.79279374101
8.780385983943649,51.6199263351669,138.6745586474771,11626.257525399653,25671.70864413778,30187.073103872815,6605.755197930572,6879.851156403674,17917.214407273248,911.8765356028455,10778.792793741008,19230.63321607257
