v,mu,sd,comat,,,,,,,,
9.637402693094794,26.167896971669073,105.99377036849182,11234.679356928576,10185.928198483485,37928.042418392404,16171.872135377655,26896.462444487202,21777.667270982078,12688.660282638779,2651.005935507923,1253.2192796175177
9.362131472046078,70.65058670314897,131.53828750852983,10185.928198483485,17302.32108067665,38070.35048908743,20771.83142387493,37091.88843144984,25709.011324123552,16157.499706277025,5167.206990459497,1546.2093505830103
7.923156362977766,88.29605248848651,425.76594064361115,37928.04241839241,38070.35048908744,181276.63621213898,74208.45224511948,108452.09906685703,84573.0845063567,34949.52828271465,10719.709692578854,4410.040624374215
9.525850868618985,65.9830957122173,226.59045239652028,16171.872135377656,20771.831423874926,74208.45224511946,51343.233117259726,52737.23595113669,40938.301069804664,24949.557730280176,8487.91921166593,2669.300756790848
6.584162855953697,91.48968338011406,309.4631132885692,26896.462444487206,37091.88843144984,108452.09906685703,52737.23595113669,95767.41848625381,50988.28249280202,34622.56782467763,8614.335922008711,4177.36701208209
5.740040504648919,89.97176155133246,266.0503013848527,21777.667270982078,25709.011324123556,84573.0845063567,40938.301069804664,50988.28249280203,70782.76286697095,31496.20981366536,10444.469316610122,2177.7746816530016
9.297670511216035,38.441254047601795,154.65297755585692,12688.660282638777,16157.499706277025,34949.52828271465,24949.557730280176,34622.56782467762,31496.209813665355,23917.543466892388,5185.855147885315,1894.9893159304274
7.168504833755769,22.81365130125539,50.82968761168932,2651.005935507923,5167.206990459497,10719.709692578852,8487.91921166593,8614.335922008711,10444.46931661012,5185.855147885315,2583.657142701922,358.14931933280565
7.467603986227223,7.306889316029684,15.200222441857331,1253.2192796175177,1546.2093505830105,4410.040624374215,2669.3007567908485,4177.367012082091,2177.7746816530016,1894.9893159304274,358.1493193328057,231.04676228194324
