v,mu,sd,comat,,,,,,,,
9.318799927850414,66.82928123777162,333.9086000325372,111494.95317568889,83535.16422658792,55008.00512712121,63573.99044053179,70324.09433099406,25438.073617466183,19123.461061284026,19217.393623136755,88182.06383382938
6.424529826138134,74.68386224218781,300.25008237675854,83535.16422658792,90150.11196725027,42868.3510817891,62000.56291966985,50858.981348709494,18488.66242058861,15799.789234191283,16632.617016387172,101534.79234102496
5.366281940418681,57.589473978190426,190.91551205616622,55008.00512712121,42868.3510817891,36448.73274366815,36708.04957226462,35233.813844319295,12943.269912058166,8070.085814325049,10089.198167041837,56899.53063619485
8.816186021651426,76.93672601465727,231.16903932881087,63573.9904405318,62000.56291966984,36708.04957226462,53439.12474420531,46034.45644602683,14460.109686686494,11728.123052828934,11463.322607431275,80972.27870958747
7.263595287997057,50.31950478207126,235.51553248719375,70324.09433099406,50858.981348709494,35233.813844319295,46034.45644602683,55467.566042726416,15286.89708337534,11372.495657667323,10915.411381590167,59016.56000190182
7.711484370043872,50.683695974616,92.65864287133166,25438.073617466183,18488.66242058861,12943.269912058166,14460.109686686494,15286.897083375337,8585.624098756982,4734.305369943016,5504.230241321448,25267.652542448977
8.633178914137536,40.79512669646571,63.70208879640281,19123.461061284026,15799.789234191285,8070.085814325048,11728.123052828934,11372.495657667325,4734.305369943016,4057.9561170247885,3567.9972245711274,17958.98049245522
9.244525538074111,59.878837537426016,67.21076614968581,19217.39362313676,16632.61701638717,10089.198167041835,11463.322607431275,10915.411381590166,5504.230241321448,3567.9972245711274,4517.287086427753,21933.615808773717
8.84099988904491,87.86935945006813,409.08876261746974,88182.0638338294,101534.79234102496,56899.53063619486,80972.27870958747,59016.56000190182,25267.652542448977,17958.98049245522,21933.615808773717,167353.61569989249
