v,mu,sd,comat,,,,,,,,
6.005017980589869,32.89890416324527,143.68658351638416,20645.834282610842,45911.75592615804,9661.742911404412,13183.214689894332,6459.444184493106,11511.71786014822,12915.242130439845,6437.2694868787885,24757.582491551468
6.64510233246091,83.91919522301038,408.69867799643606,45911.75592615803,167034.6093960345,32849.48424333943,37899.11278063584,17856.902988561633,39249.52365555172,33726.88860198069,19133.628797944777,59736.15670504761
6.48249844350536,26.854716097526147,110.62890524902392,9661.74291140441,32849.48424333943,12238.754676597511,9318.978432143449,5851.303973041563,9858.368803143621,8662.1164484735,5156.9412666449925,20870.216942447067
5.466668342403839,48.1038867239259,119.52923242845227,13183.214689894336,37899.112780635856,9318.978432143449,14287.23740493497,5037.569290276592,10531.522572049194,10320.396002267962,5868.580967218952,21144.538120905323
6.665394062488417,56.137412671827505,57.63552428364407,6459.444184493107,17856.902988561636,5851.303973041563,5037.56929027659,3321.8536594505244,5715.676160799018,5116.9047960140515,2771.661271779768,12853.966424488475
8.626113703059772,26.120325641392775,115.60933332270247,11511.71786014822,39249.52365555172,9858.368803143618,10531.522572049196,5715.676160799018,13365.517951319725,9216.20406973505,4768.30370565302,22712.02665898858
8.261813719600934,54.67589328465823,101.14324801806879,12915.242130439845,33726.888601980696,8662.1164484735,10320.396002267962,5116.9047960140515,9216.20406973505,10229.956619644576,4788.449727054423,18761.65803158942
7.524250475684351,21.616564723733198,61.257358506777564,6437.269486878788,19133.628797944777,5156.9412666449925,5868.580967218951,2771.6612717797684,4768.303705653021,4788.4497270544225,3752.463971227873,11365.117094971336
9.73665342802364,59.91773003449639,247.3830801552171,24757.58249155147,59736.156705047615,20870.216942447063,21144.538120905323,12853.966424488477,22712.02665898858,18761.65803158942,11365.117094971338,61198.388347082575
