v,mu,sd,comat,,,,,,,,
7.038435140401431,32.5121658353733,124.94669248438908,15611.675962788488,8903.148586470827,8062.479158826155,28817.17002255481,32897.10323494246,21121.750422125573,8887.588549681706,39254.161553675964,25797.22125591804
5.2768302005593,96.7504251965561,98.38526304466745,8903.148586470825,9679.659984368407,5157.904309969323,18432.692854397777,32878.51737714521,13911.00293272131,7393.800339837833,29571.15778008533,21507.95551546668
8.942674387433764,25.690530004074645,73.09106179747475,8062.479158826156,5157.904309969323,5342.303314682274,14244.247380821624,18403.754700572605,12350.65747118075,4796.294081083386,24923.273026153496,13940.70944689036
6.436525923946729,92.98006306205151,243.28525604416035,28817.17002255481,18432.69285439778,14244.247380821624,59187.71580847266,81229.06671277591,40951.61372601215,18499.947115417788,76896.31957146416,57110.76675672196
7.251752934836356,90.92500033079101,422.070714202457,32897.103234942464,32878.51737714521,18403.754700572605,81229.06671277591,178143.68778737212,53657.169380905274,34100.83290954794,130768.70544046655,110591.10633225314
6.519561526703828,48.36744370621057,193.0554308704097,21121.750422125577,13911.002932721309,12350.65747118075,40951.61372601215,53657.16938090527,37270.39938855955,11823.471351439099,58975.83638969409,34889.60652210897
7.631997621485727,28.497627366417305,115.38974561237616,8887.588549681708,7393.800339837833,4796.294081083386,18499.94711541779,34100.83290954794,11823.4713514391,13314.793392488882,26647.398709589368,24127.711515786137
8.119061064423434,81.72143213682621,398.92396499635544,39254.16155367597,29571.157780085334,24923.2730261535,76896.31957146415,130768.70544046655,58975.836389694094,26647.39870958937,159140.3298484134,86585.57177615805
8.883877288624786,80.02468937578021,278.7359420585681,25797.22125591804,21507.95551546668,13940.70944689036,57110.76675672194,110591.10633225311,34889.60652210897,24127.711515786134,86585.57177615803,77693.72539527742
