v,mu,sd,comat,,,,,,,,
8.031771688882376,7.041855091440916,13.99808005525021,195.94624523319374,2206.8684342311585,271.5442072820099,787.3661597785942,287.0550129319224,2642.697672025575,3527.1855367450653,635.9837234913967,1586.8070088865186
8.287557843089079,61.561061833290694,183.02420435947397,2206.8684342311585,33497.85938141849,3335.6773825723126,9408.371531365638,3178.1893088082847,33945.63917128512,46055.93611838986,8683.349682570702,23319.30649154472
6.53620504671785,9.863251251395122,25.00976233263993,271.5442072820099,3335.6773825723126,625.4882119351352,1184.8739433038324,505.0704119987452,3897.1617978447835,6605.673998747224,1188.867527320513,2356.8260112593343
9.81001742575421,22.67526988703621,66.54675171479096,787.3661597785941,9408.371531365638,1184.8739433038324,4428.470163790033,956.0140934965566,10484.736665394414,10703.684704233392,2535.92689755616,6967.611416797845
7.679594536656468,7.56894480552651,28.532826524397233,287.0550129319225,3178.1893088082847,505.07041199874516,956.0140934965567,814.1221894713465,4425.805504920296,9923.77084539853,1357.1060533617417,2517.118051893993
8.298173454433183,50.38771238083072,210.82989088985488,2642.697672025575,33945.639171285104,3897.161797844784,10484.736665394414,4425.805504920297,44449.24289262812,49928.79063514313,9862.337390293973,23456.678122814104
9.996882644116358,84.68147050713645,387.8746106797899,3527.185536745065,46055.93611838986,6605.673998747224,10703.684704233388,9923.770845398529,49928.79063514312,150446.71360999858,21857.09581530207,36497.325580156576
8.754919634660956,14.605427168292296,66.14834613262613,635.9837234913967,8683.349682570704,1188.867527320513,2535.9268975561604,1357.1060533617417,9862.337390293973,21857.09581530207,4375.603696081714,6796.9510184841665
7.692611018347336,39.85371834756952,134.22068302646386,1586.8070088865186,23319.30649154472,2356.826011259335,6967.611416797845,2517.1180518939927,23456.678122814104,36497.325580156576,6796.951018484166,18015.191752090483
