v,mu,sd,comat,,,,,,,,
6.254618118724701,36.824486006815896,131.84203060668972,17382.321034495304,9540.672292249285,6865.596473166554,12384.580745976145,31508.7778979841,17537.737887435553,7598.802405323257,16738.183497781025,4312.154226328603
5.230479103363058,38.52288596442561,94.24861868167186,9540.672292249283,8882.802123403186,4378.926605330917,9497.324895589361,21035.226212021553,11374.0894258351,5797.896992535355,13313.501500741213,2923.5214357906634
8.384081205552793,35.63348380053209,59.879815710392506,6865.596473166554,4378.926605330917,3585.592329510569,6540.176500132393,12756.621415788692,6815.569523266901,3945.4555565107994,8949.010416907691,2228.1929429399897
5.217347428223761,37.26019436778081,121.17225794357208,12384.580745976145,9497.32489558936,6540.176500132393,14682.716095143565,28978.596696124598,13124.307295189192,7879.568403316395,20453.96311000363,4520.082590032872
5.582118515832656,71.60643660615536,303.28736246809086,31508.777897984095,21035.226212021556,12756.621415788692,28978.596696124598,91983.22423285113,38024.17700914863,18559.024387820886,41730.62571385624,10064.140674941445
8.019328444744065,37.592240959768034,151.90342441609496,17537.737887435553,11374.0894258351,6815.569523266902,13124.307295189192,38024.177009148625,23074.650349336272,8416.439451969854,19753.68725368164,4698.9254410178655
5.954653313898696,36.449069768003106,72.81794971065989,7598.802405323257,5797.896992535355,3945.4555565108,7879.568403316396,18559.024387820886,8416.439451969854,5302.453800064193,10743.235875810282,2880.7326257384752
8.342578586301729,66.65399411510953,176.0644004543344,16738.183497781025,13313.501500741215,8949.010416907691,20453.963110003635,41730.62571385624,19753.68725368164,10743.23587581028,30998.673107344217,6026.509663467185
9.587239244354484,13.077522309040221,43.750760897463735,4312.154226328603,2923.521435790663,2228.1929429399893,4520.082590032873,10064.140674941444,4698.9254410178655,2880.7326257384757,6026.509663467187,1914.1290791070417
