v,mu,sd,comat,,,,,,,,
9.620175577872127,86.88635646239808,136.2164421556276,18554.91911353744,15275.441213411223,13501.58036683256,38775.60021095462,1482.8389580442017,1490.0596919348502,3755.161733636307,9940.632764067408,9525.6746040262
5.78935290267396,56.74081654144671,139.53751005439182,15275.441213411223,19470.716712179492,14065.004719521461,40318.4586270819,1389.0377131932055,1841.7155962659733,3755.1839696196403,12130.804524581155,11119.153963573992
9.334575384078986,56.27689881409537,116.60661577775167,13501.580366832563,14065.004719521461,13597.102843140205,32705.449432964575,1434.1005160292798,1432.5258535727014,3443.2694563093737,9596.628860200617,9245.084063131364
5.420784704307291,78.34172756792044,356.11217473333954,38775.600210954624,40318.45862708188,32705.449432964568,126815.88099330857,3804.407795659955,4988.17084818876,8804.44475489287,28066.70052598814,27011.341283270594
7.867868419688138,6.028776460679282,13.295012368213907,1482.8389580442017,1389.0377131932055,1434.1005160292796,3804.407795659955,176.75735387096077,140.24484789144185,350.22415010788313,884.9374271518587,1032.7668735341235
6.409698834314564,8.070292767814944,15.203458926705617,1490.0596919348504,1841.7155962659733,1432.5258535727014,4988.170848188761,140.24484789144188,231.14516333602472,405.3409578819149,1288.6655222464333,1079.5993211564255
6.281402789050027,29.18883623974475,32.43172233759504,3755.1617336363074,3755.18396961964,3443.2694563093733,8804.444754892867,350.2241501078831,405.34095788191485,1051.8166137828612,2344.062058842473,2285.0115303304415
7.819902059791568,30.821079772192324,99.07608473165372,9940.63276406741,12130.804524581157,9596.628860200617,28066.700525988148,884.9374271518586,1288.6655222464333,2344.0620588424736,9816.070565753827,7618.429766993189
6.099116759093381,27.68961265107124,88.16168809260245,9525.6746040262,11119.15396357399,9245.084063131364,27011.34128327059,1032.7668735341235,1079.5993211564255,2285.0115303304415,7618.42976699319,7772.483247337321
