v,mu,sd,comat,,,,,,,,
8.237755246765117,37.13630001746684,54.760497955738444,2998.7121363604338,3885.9303974853306,14802.45576659789,2157.782468250716,984.9006453647711,4912.674771320805,9662.234271609233,9100.259644330417,3819.670051492958
7.535748441065401,37.359770069707615,91.75843623188206,3885.93039748533,8419.610619720364,24247.89691075589,5038.148422213194,1638.0849860658786,8042.618199862582,15404.41242210899,17823.495114309582,7203.781812801671
7.641706900761197,67.19988297185579,318.79689889708095,14802.45576659789,24247.89691075589,101631.46274639566,13228.922860543315,6320.928979657353,29439.950154190068,54660.458054323695,73720.93511261855,24143.74696382175
9.48142602004944,23.950104952593026,83.71050795364916,2157.782468250716,5038.148422213194,13228.92286054331,7007.449141857957,1047.387975167252,8698.826142088443,9532.539442053203,10503.586495818414,4632.822096338021
8.49995595333744,19.93134815438137,26.513576406051534,984.9006453647711,1638.0849860658789,6320.928979657353,1047.3879751672523,702.9697338395326,1542.2983951901083,4520.281798122316,4640.057492112852,1788.6493711204764
8.571485509355675,70.84422837759875,148.4076548238487,4912.674771320805,8042.61819986258,29439.950154190064,8698.826142088443,1542.298395190108,22024.83201031463,19578.01931945454,18629.405622969443,6878.314993871106
8.586691910457004,43.467660841552544,216.8470948628712,9662.234271609233,15404.412422108993,54660.45805432369,9532.539442053205,4520.281798122314,19578.019319454543,47022.66255046706,39757.641038829424,13575.88481192233
6.114097310914305,52.890563975746076,251.3420648519845,9100.25964433042,17823.495114309582,73720.93511261854,10503.586495818416,4640.057492112851,18629.405622969443,39757.64103882942,63172.83356405918,17379.19310219626
5.875772616620115,38.89684364236999,85.26132807442548,3819.6700514929585,7203.781812801671,24143.74696382176,4632.822096338022,1788.6493711204764,6878.314993871106,13575.884811922331,17379.19310219626,7269.494065014813
