v,mu,sd,comat,,,,,,,,
9.59554515899591,94.1648874291443,305.68412204650883,93442.7824713449,30698.872899405535,20134.4162434189,10953.669061346174,5265.306991785451,66693.02563982473,29452.214056350847,13774.915875916457,6779.329007436799
8.210977999619278,89.62900516897886,201.65747716361608,30698.87289940554,40665.73809599435,20959.809303329086,8338.081329029226,4230.264845347687,49166.102244211346,16963.880853961284,8866.525241331101,3829.394345829852
8.768561148645883,78.25008593245482,145.12283164014204,20134.416243418895,20959.809303329086,21060.63626325301,9445.749054421163,3456.711988109799,29684.48062118693,15269.107670939993,8233.145265076208,3202.3176123903463
5.696572840513675,32.392717649708665,67.82293868175171,10953.669061346174,8338.081329029228,9445.749054421163,4599.951011428652,1632.6193749912504,12400.970485167116,7403.015135437732,4123.385955027272,1501.7423652762336
5.4365977399480006,28.607567661302923,30.263893013349694,5265.306991785451,4230.264845347688,3456.7119881097997,1632.6193749912507,915.9032203234764,5906.266127316549,3293.075673706324,2008.3044232913073,638.9134136494364
8.940010290182459,62.865732753659984,279.58800630139086,66693.02563982473,49166.10224421135,29684.480621186933,12400.970485167118,5906.2661273165495,78169.45326758658,27608.15130878712,13853.23126736007,6695.513876804143
6.630754685172445,29.618356943033106,132.31880019846096,29452.214056350844,16963.880853961287,15269.107670939993,7403.015135437732,3293.075673706324,27608.15130878712,17508.264885960238,6459.051425026669,2904.2258080326437
7.705339107379839,45.52033614811955,74.72452702965603,13774.915875916453,8866.525241331101,8233.14526507621,4123.385955027271,2008.304423291307,13853.231267360068,6459.05142502667,5583.754939805795,1611.2912456907343
6.20117587934003,10.370504996389585,27.909401443553428,6779.329007436799,3829.394345829852,3202.3176123903463,1501.7423652762336,638.9134136494363,6695.513876804143,2904.2258080326437,1611.2912456907343,778.9346889374222
