v,mu,sd,comat,,,,,,,,
9.12234737956641,90.9121034808261,115.47261983118531,13333.925930677453,5201.000869603694,7482.447874703468,8117.812540807762,6020.478388346278,18208.819275926682,8556.21310963961,17091.086009942042,13192.476964230686
5.906748662485999,17.296472553001557,86.10239302128275,5201.000869603695,7413.62208399144,6443.059414762314,4099.076650448047,3286.306376841246,14411.788695845104,5910.627276801067,6581.821636625642,9901.123013042128
9.386633841035263,26.68280661981997,81.86919029061022,7482.447874703467,6443.059414762315,6702.5643188401455,5228.6747239122205,3765.2537087614014,14463.985280514458,6024.922101763586,9217.454262264044,10116.039601139428
7.4977565367331955,21.33567207607107,80.41214455294123,8117.81254080776,4099.076650448048,5228.6747239122205,6466.112991603113,4164.079489101497,13167.625475071765,5217.380194948997,8953.85563717743,10688.04452269887
9.824632166113393,47.03089597379811,89.24661531479137,6020.478388346277,3286.306376841246,3765.2537087614,4164.079489101497,7964.958345146353,15388.267429110581,6918.217202113766,10208.53974358486,10901.035142333209
5.017727734048655,49.47917607916577,222.81470994966622,18208.81927592668,14411.788695845105,14463.985280514458,13167.625475071765,15388.267429110583,49646.3949699539,17984.70397731768,25197.790598492385,29245.547169848553
9.618221733191927,43.9535463900132,99.19630734973597,8556.213109639608,5910.627276801067,6024.9221017635855,5217.380194948996,6918.217202113765,17984.703977317684,9839.907391823284,12771.530159558633,13308.819050400547
8.147219566172721,87.6181834008578,161.58902785942584,17091.08600994204,6581.821636625642,9217.454262264044,8953.85563717743,10208.539743584859,25197.790598492385,12771.530159558632,26111.013924554296,17101.88214085132
6.521487774996759,36.681690225549545,154.4900917066147,13192.476964230686,9901.123013042128,10116.039601139428,10688.04452269887,10901.035142333209,29245.547169848553,13308.819050400549,17101.88214085132,23867.18843551822
