v,mu,sd,comat,,,,,,,,
9.429402497188129,71.89003341531225,323.34262315366556,104550.45194789337,8825.96002300135,11418.84991102953,60992.50377797827,15455.326091126959,44137.30398399032,26559.632126421373,41009.96781318973,32723.499965695202
8.942907834018623,15.01056147898376,46.20329225948139,8825.960023001348,2134.744215615053,1337.584121474832,7171.738597012036,2024.1661538593262,5282.125673414333,2370.850945639759,4474.559883006159,6908.332783930243
7.123640657375538,31.496425851984863,40.873424056316665,11418.849911029532,1337.584121474832,1670.6367940874861,6735.273703735307,2286.24605955407,5879.837931080312,3163.177512813948,5214.039674554367,4471.487764786782
7.394348234235947,51.06553589188618,239.21155160136576,60992.50377797828,7171.738597012036,6735.273703735305,57222.166419532885,10101.15971725913,31183.27993438972,18435.771443951686,24941.35660680331,27800.894660113543
5.001770298657749,59.55321338126741,61.58285660913605,15455.32609112696,2024.1661538593266,2286.24605955407,10101.15971725913,3792.448228141413,8901.996817865447,5058.458803832714,7171.814424691305,7267.691221457079
9.281835230369264,90.88843088587718,176.90651833829483,44137.30398399032,5282.125673414333,5879.837931080312,31183.279934389713,8901.996817865447,31295.91623057745,14796.869748659272,20751.424964272708,27121.734482901662
6.7666084666832385,20.857742203266355,95.27998761370526,26559.632126421373,2370.8509456397587,3163.177512813948,18435.771443951682,5058.458803832713,14796.86974865927,9078.27603966783,10222.107499666019,10889.750737741631
7.433745228528791,37.562989329403756,146.1928025839096,41009.96781318973,4474.559883006159,5214.039674554366,24941.356606803307,7171.814424691304,20751.424964272705,10222.10749966602,21372.33552733797,20495.26043187654
7.206365531410016,39.88830547439562,191.98158897290443,32723.4999656952,6908.332783930243,4471.487764786782,27800.89466011354,7267.691221457079,27121.734482901666,10889.750737741633,20495.260431876544,36856.93050456122
