v,mu,sd,comat,,,,,,,,
5.381541446869786,67.58108460064382,86.30160460906141,7447.966958098771,11092.868166764816,11949.131394655726,20788.048961309174,5599.966225349626,7735.410273900996,2264.1857524058187,19656.61025039445,9531.631966146773
8.899593961200573,38.9217096935235,165.4685728206798,11092.86816676482,27379.848591312617,24127.69377135428,48223.56648281913,8391.983804174643,15189.209423918512,4294.455385958843,38694.468293795326,18536.694215455165
7.192046157204468,45.63195913761731,155.12209186762115,11949.13139465573,24127.693771354276,24062.863385386696,46794.906901564136,9665.389205256564,14971.560596783387,4296.653491770566,38073.504684855354,17896.551138727868
8.617325889154706,74.17532189897771,317.83461069284425,20788.048961309174,48223.56648281912,46794.90690156414,101018.83975427186,17515.23760099037,31306.51849399981,8890.986638661356,77398.19506104749,32244.3060371474
9.889947559983014,77.2489363981269,79.45617806893357,5599.966225349626,8391.98380417464,9665.389205256564,17515.237600990367,6313.28423332208,8954.124052711712,1754.0032437871826,17973.43182358497,9376.550936590516
7.692479352052168,44.92439919889083,128.14886456933192,7735.410273900997,15189.209423918512,14971.560596783387,31306.518493999807,8954.124052711712,16422.131490408978,3217.183558961777,29996.43197547348,15689.3110656103
7.505602318299689,10.272452795708654,32.520207769932625,2264.1857524058187,4294.455385958844,4296.653491770566,8890.986638661356,1754.0032437871826,3217.1835589617776,1057.5639133995865,7928.92923452753,3646.7605182580264
5.360255666798808,62.73822138716738,270.6409412134596,19656.610250394446,38694.46829379532,38073.50468485537,77398.19506104749,17973.43182358497,29996.43197547348,7928.92923452753,73246.51906090727,32139.96735674572
6.342194900509356,94.47188047818761,142.89735546571728,9531.631966146775,18536.694215455165,17896.551138727868,32244.3060371474,9376.550936590518,15689.311065610302,3646.760518258027,32139.967356745718,20419.65419909557
