v,mu,sd,comat,,,,,,,,
9.36714701395908,79.9154101272995,240.41029311974046,57797.109037919516,52057.101766349064,19483.820397785188,16179.766485895725,60986.08997405085,17769.73950112811,24417.871480375212,4180.012713270895,27925.760750938574
9.84270331410466,99.72627284596959,492.2650972119386,52057.10176634906,242324.92593307933,43667.79108087774,64798.49354267355,128793.82956517418,37711.15493314776,62475.487241433104,9872.545932229938,54889.92544966869
9.345972701069599,26.57246952541116,116.91432629128079,19483.820397785188,43667.791080877745,13668.95969214407,13188.5729168047,30794.75930876502,8202.156709150397,14952.372037683443,2213.2788381638434,11996.085904962316
7.654278457777995,82.2176658856263,159.87533291567524,16179.766485895723,64798.49354267357,13188.572916804698,25560.122074897987,34585.41235311577,9338.57365266069,17412.10486970045,2468.4437494699387,18094.623073339244
6.163641639886453,67.40106294952955,330.85051970076574,60986.08997405085,128793.8295651742,30794.759308765024,34585.41235311577,109462.06638626679,29597.929097158536,46148.87245891244,7337.20088860084,47491.80865826657
5.056994021387149,74.4990089062289,102.99588146720016,17769.73950112811,37711.15493314776,8202.156709150397,9338.573652660692,29597.929097158532,10608.151599205545,13556.93667054534,2249.617557413431,10672.406047973906
7.152344091462453,52.55758006471002,149.7596874506606,24417.871480375212,62475.487241433104,14952.372037683443,17412.104869700455,46148.87245891243,13556.936670545343,22427.96398531955,3564.9283457215615,19793.08202111864
7.011756800186824,5.070669497123589,25.128999576765125,4180.012713270895,9872.54593222994,2213.2788381638434,2468.443749469939,7337.20088860084,2249.6175574134313,3564.928345721562,631.4666197290618,3291.6448769261096
7.613373356762848,88.37389441163403,165.15707638302126,27925.760750938578,54889.9254496687,11996.085904962316,18094.623073339244,47491.80865826657,10672.406047973906,19793.08202111864,3291.64487692611,27276.85987938712
