v,mu,sd,comat,,,,,,,,
6.376128349006688,63.60058442371565,268.9798917885512,72350.1821865807,32145.274106432713,13726.04611249019,10340.39850560106,33767.586691267614,9137.729204576823,48562.56269473191,49858.68519470111,10675.532049849799
8.196153804626348,76.73321981447042,250.66905207425242,32145.274106432713,62834.97366780428,10319.794963179507,7265.838105454359,32039.82170280066,10078.148285525756,22005.369091439738,76512.71711118091,10729.15963493665
8.119496061676898,46.31188204552542,75.43412995295881,13726.04611249019,10319.794963179505,5690.307961759879,3403.4892199866053,10551.734874075699,2448.5218202920214,11261.215001630671,16968.024533950655,2433.925637187194
8.89021153657708,39.28036850468706,57.50219008114178,10340.39850560106,7265.838105454358,3403.4892199866053,3306.5018641277597,7306.129879430119,1633.7841855841723,9593.847217849398,11567.878886285202,1968.7318165292766
7.3905676475025,77.95271269792585,170.89216858149996,33767.586691267614,32039.821702800655,10551.734874075699,7306.12987943012,29204.1332824878,7014.9246993229735,25433.872887007186,37447.287469871924,7232.880044035744
9.795669427444036,32.94694591791803,57.35694839945175,9137.729204576826,10078.148285525756,2448.5218202920214,1633.7841855841725,7014.924699322974,3289.8195296973713,7303.4583089431535,15183.634703673562,2920.85569660757
9.987171033547423,42.04579519448396,195.00538985244498,48562.56269473191,22005.369091439738,11261.215001630671,9593.8472178494,25433.87288700719,7303.458308943153,38027.10207150406,39985.28358565922,8454.122304041593
9.162566382318673,82.88862516506667,354.5159707374254,49858.68519470112,76512.7171111809,16968.024533950655,11567.878886285205,37447.287469871924,15183.634703673562,39985.283585659214,125681.57350789905,16663.819551545595
6.019225259923972,13.559669857765636,57.30885965153222,10675.532049849799,10729.15963493665,2433.925637187194,1968.7318165292766,7232.8800440357445,2920.8556966075703,8454.122304041593,16663.8195515456,3284.3053945590173
