v,mu,sd,comat,,,,,,,,
8.361392793153959,66.5750879377211,271.6363798128675,73786.32283784042,54503.776666981066,28891.889810205295,7802.097668268874,11912.243039801098,44497.36293985057,20465.32718300517,9689.574391434144,56565.11809907447
7.440391996202918,80.08151685914034,248.76084800995903,54503.776666981066,61881.959502633945,20602.47843264407,5570.949021600928,9318.62942735534,42353.39149967339,19148.86542403362,9469.49200953473,36401.81402093836
9.127475870179481,29.347799864086312,146.19487709545135,28891.8898102053,20602.478432644075,21372.94208895413,4607.2360688773515,8408.102035411164,27078.777105890436,10745.76268404276,5064.209493340474,35462.76668808444
5.157231938131491,15.1292201387741,40.240172269748584,7802.097668268874,5570.949021600927,4607.236068877351,1619.2714642990431,1976.7356309893605,5783.536035185706,3631.8705494385526,1609.1220320251634,8971.313243088442
9.04024981682424,19.688912649167438,59.624289873609115,11912.243039801098,9318.62942735534,8408.102035411162,1976.735630989361,3555.0559429321656,10621.066507313504,4694.277294021464,2243.669999078307,14144.329105940671
7.828087098052653,81.65327831470806,236.71695699964533,44497.36293985057,42353.39149967339,27078.777105890436,5783.536035185708,10621.066507313508,56034.91773117194,13847.230889373608,9330.117583294415,48746.14730981201
6.48811249351972,46.243471020916274,107.59995276880579,20465.32718300517,19148.86542403362,10745.762684042758,3631.870549438553,4694.277294021464,13847.230889373608,11577.749835849241,3971.100162604432,17818.47249680941
5.233478602534766,12.291096471968565,47.897195225629986,9689.574391434144,9469.49200953473,5064.209493340474,1609.1220320251637,2243.6699990783063,9330.117583294415,3971.100162604432,2294.141310482112,9583.563285903514
9.95313699735398,76.37860258795838,264.2820053416018,56565.11809907446,36401.81402093836,35462.76668808444,8971.31324308844,14144.329105940671,48746.14730981202,17818.472496809405,9583.563285903514,69844.97834737843
