v,mu,sd,comat,,,,,,,,
8.596928931219793,5.996747533666587,10.879717444007204,118.36825166143466,127.95670192888262,1377.109311383604,414.9714919664273,405.2849829076326,3144.525986580592,374.47345838654087,1776.7924032971623,831.9671730640642
8.036105878109947,15.65386516215782,19.40646028614084,127.95670192888264,376.61070083756164,1793.5321650081441,710.2178930701589,1277.4036994950632,5870.591781981133,610.0776833321371,3567.49650616826,1668.854104805217
8.449308072893817,71.19800646202205,170.2865218023805,1377.109311383604,1793.5321650081444,28997.499507552606,6519.732861921624,7594.927783544294,46131.162454466576,6383.384422224017,23361.15131230125,10524.12945283412
7.117164894502675,12.927664062014246,48.109424725403045,414.9714919664273,710.2178930701588,6519.732861921623,2314.5167474092223,2828.930128859999,14952.21763570471,2244.551722327379,9737.94454310225,3460.6140090149015
7.253830552951318,53.855224404469396,76.54840605129672,405.2849829076326,1277.403699495063,7594.927783544293,2828.930128859999,5859.658468994201,21213.17998152464,3453.084068195677,12750.54581824575,5805.641904291492
6.962359849948458,75.1675754935516,345.77230332172576,3144.525986580592,5870.591781981134,46131.162454466576,14952.21763570471,21213.17998152464,119558.48574441152,14730.85278465393,74397.62463680923,29702.435469061715
7.559535740656448,12.573825242227947,56.03346222124899,374.47345838654076,610.077683332137,6383.384422224016,2244.551722327379,3453.0840681956774,14730.852784653931,3139.748888500137,10035.477995130144,3349.180758086414
5.563759794973942,56.09660791419844,256.68525913753496,1776.792403297162,3567.4965061682597,23361.151312301245,9737.94454310225,12750.545818245751,74397.62463680923,10035.477995130144,65887.32225850347,17750.765681279187
9.871485064304746,37.47906849052479,94.65461921988371,831.9671730640642,1668.8541048052166,10524.129452834119,3460.6140090149015,5805.641904291493,29702.435469061707,3349.180758086414,17750.765681279187,8959.496939661181
