v,mu,sd,comat,,,,,,,,
8.220717680341675,23.383688228297373,108.7230660570425,11820.705092844024,7412.243792953011,15582.935674797209,5651.058679312154,1491.3400409384951,5037.249460392722,7496.997000221111,28800.2169819532,8635.691649298487
6.903742448175583,34.51767936443139,78.09866628284256,7412.243792953012,6099.40167515881,13492.80099343468,4883.581730948683,1123.9740805839106,3560.294475623661,6092.089118875249,19832.41283733826,8128.836217824304
8.315239526678344,81.66786061573994,215.59027282101982,15582.93567479721,13492.800993434677,46479.16573504177,17161.881102874348,3207.0036550142213,11396.767190147446,12186.369556061769,51053.02725083729,25594.98640163368
5.818253630513767,53.63461913170429,86.16000340262693,5651.058679312153,4883.581730948682,17161.881102874344,7423.546186340681,1371.7974425602029,4452.254056280203,4406.812704050079,18901.40453049146,8144.808147725549
9.813039068371594,17.763276065577973,18.861476479480704,1491.3400409384953,1123.9740805839106,3207.0036550142213,1371.797442560203,355.7552949860039,864.2566120441578,1045.1451796422182,4932.10775192549,1911.500777779161
6.7333092018988285,41.006257944624984,56.859194515600535,5037.2494603927225,3560.2944756236607,11396.767190147448,4452.254056280204,864.2566120441577,3232.9680009628973,3229.1101851315843,14804.577462575173,5193.176494563096
9.958754961468038,47.007726617793395,87.74806624716463,7496.99700022111,6092.0891188752485,12186.369556061769,4406.8127040500785,1045.1451796422182,3229.1101851315843,7699.723130116792,19466.519588610932,8680.307654229462
6.175289478028228,83.55572417812296,310.75568111918426,28800.2169819532,19832.412837338255,51053.02725083729,18901.40453049146,4932.1077519254895,14804.577462575171,19466.519588610936,96569.09334784812,30281.508966574478
7.9284713426082885,30.59583966235206,147.70603937851058,8635.69164929849,8128.836217824302,25594.98640163368,8144.808147725549,1911.5007777791614,5193.176494563097,8680.307654229464,30281.508966574485,21817.07406888612
