v,mu,sd,comat,,,,,,,,
6.539674763124854,84.21640981836185,271.35608072914033,73634.12254867972,3259.356797287709,33320.810546020366,9168.13015804339,7648.0701129802965,28396.81847628275,46060.56083578072,78498.19219002649,83165.35794651102
7.596957396526504,5.479208991275731,13.471889275865333,3259.3567972877095,181.4918006611754,1977.3980254910032,454.6084123673424,421.7279216120302,1573.9100223711614,2111.724393099189,3949.52254153946,4501.8801821253755
8.841488307689866,78.09908098916081,164.20407147134193,33320.810546020366,1977.3980254910034,26962.97708776557,4956.315457629131,4302.38774085564,18023.00891740346,23254.464974431732,41631.64553244352,42155.84897172731
8.946103680854298,32.78543315108351,43.96896513735216,9168.130158043388,454.60841236734234,4956.315457629131,1933.2698952496887,1727.4637224065307,4493.328831263234,5013.474320811539,12843.21987592743,6835.2162146779465
9.352810312379116,22.82768297096683,46.80047306015589,7648.0701129802965,421.72792161203006,4302.38774085564,1727.4637224065305,2190.284278654377,4668.941987599553,6150.818746955034,15127.940586870902,8933.765049104793
5.939606958110344,66.27941755441873,126.49195359766907,28396.818476282744,1573.9100223711612,18023.008917403455,4493.328831263234,4668.941987599553,16000.21432495486,18723.851907471635,36454.838587769234,39231.124568905434
6.347526228084591,53.82546666307662,203.4823951491605,46060.560835780714,2111.724393099189,23254.464974431736,5013.47432081154,6150.818746955034,18723.85190747163,41405.08513563909,60293.570451284206,62041.04988995345
7.4809607049393065,88.37986185590206,373.67682495968813,78498.1921900265,3949.5225415394593,41631.64553244352,12843.219875927432,15127.9405868709,36454.83858776924,60293.5704512842,139634.3695119534,94437.8213132153
8.695608735568554,90.55239725088657,401.0897477172614,83165.35794651102,4501.880182125375,42155.84897172731,6835.2162146779465,8933.765049104793,39231.12456890544,62041.04988995344,94437.82131321532,160872.98572389633
