v,mu,sd,comat,,,,,,,,
9.244088486342893,39.512625812898264,41.88404027486558,1754.2728297465621,11089.023831441747,10619.738648808061,7445.318816917813,1797.171768079672,2257.417013228457,4441.1213409626625,7457.74105601461,11174.064622764452
5.894479624604992,90.47410383704067,313.18521824912693,11089.023831441747,98084.98092975329,74851.61353025606,85911.19340763292,15353.244861708969,17147.837333526542,29351.83718726,54798.87765569591,104704.93647759798
5.271816071532157,97.23949648969075,339.02368966383295,10619.73864880806,74851.61353025604,114937.06215327891,51990.33128312192,15350.173229650705,16553.63437829739,28641.926707712988,57890.780260048006,59489.598907220585
6.8076922304411145,93.94493334529284,319.0519013476842,7445.318816917811,85911.19340763292,51990.331283121915,101794.11575357239,12498.010208390835,14349.354290422323,22317.77729268598,47226.414104654745,104381.12621405466
6.37700464303206,18.23147795531976,67.70257320402938,1797.1717680796714,15353.244861708969,15350.173229650705,12498.010208390833,4583.638418446958,2779.860506702883,4785.119328222881,8909.103375236316,16101.876729136984
7.650001124477127,56.90220949664477,58.960791123046654,2257.4170132284567,17147.837333526542,16553.63437829739,14349.354290422327,2779.8605067028825,3476.374889855537,5888.833202500198,11113.256275866674,17085.163331191878
6.52959457867958,78.60317279240608,116.78057814465657,4441.1213409626625,29351.837187259996,28641.926707712988,22317.777292685983,4785.119328222881,5888.833202500198,13637.703431800237,21540.39511480773,29364.678914502136
6.522371795770716,54.152443544420635,198.36090840220967,7457.741056014608,54798.87765569592,57890.780260048006,47226.414104654745,8909.103375236315,11113.256275866672,21540.395114807725,39347.04998214981,56129.00482893223
5.5587063808779735,77.47671994286107,369.06155809610857,11174.064622764454,104704.93647759798,59489.59890722058,104381.12621405466,16101.876729136986,17085.163331191878,29364.678914502136,56129.00482893223,136206.43366432734
