v,mu,sd,comat,,,,,,,,
8.645068711445596,97.98984569265289,247.6683638206948,61339.61843762005,39622.28420741665,2812.902199253007,26427.54990540305,29576.526880771613,59500.17750371434,11159.657995302301,9867.19425477742,23852.27746159289
7.806198011638205,64.86421998419948,179.89489643540972,39622.28420741665,32362.173763506795,1592.0915434631308,18929.270847687403,15205.270983728633,41747.75992472878,6496.860501445709,5408.8122766262195,17337.086085490082
5.624835460046205,7.424611603533114,14.350742069529264,2812.9021992530065,1592.0915434631308,205.94379794615702,1513.0335347562552,2036.490892539701,3233.038181878005,669.3537508167939,554.350067658673,1515.894207087841
6.987961843500585,79.02860326734962,132.7583271791787,26427.54990540305,18929.270847687403,1513.0335347562554,17624.773435413863,14547.481254227454,34097.60837014575,5088.186684703646,5006.380971632217,12873.16435386334
8.90654103136738,44.38425528509714,149.98328645336534,29576.52688077161,15205.270983728631,2036.490892539701,14547.481254227454,22494.98621535224,29367.675312355117,6710.761974818106,6457.358059073042,14672.445559336782
7.554964908265566,91.53265740052916,276.9381212167295,59500.177503714345,41747.75992472878,3233.0381818780056,34097.60837014575,29367.675312355117,76694.72298305196,12399.16125520193,9574.888470844697,28263.454779290212
5.9134667920791255,46.6701541405126,52.698472493028284,11159.657995302301,6496.860501445708,669.353750816794,5088.186684703647,6710.761974818106,12399.16125520193,2777.1290030984583,1924.7829365257237,5376.175282593927
9.267564376244264,26.698876014495934,46.093410816058835,9867.19425477742,5408.81227662622,554.350067658673,5006.380971632218,6457.358059073041,9574.888470844695,1924.7829365257237,2124.6025206579693,4094.0054651223045
9.776859463174047,28.042840740791643,118.84057894157608,23852.27746159289,17337.086085490082,1515.894207087841,12873.16435386334,14672.445559336784,28263.45477929021,5376.175282593927,4094.0054651223054,14123.083203168977
