v,mu,sd,comat,,,,,,,,
6.895492627168851,7.219558199012841,24.615775423584854,605.9363997043642,582.0360232263879,587.5392191235751,929.8366244815828,531.5938084352329,703.5759953260979,654.6822882553593,5984.007089901104,1160.1874623749534
7.83549083589807,12.346580648755618,39.22261999962095,582.0360232263878,1538.413919634666,1316.7222339329762,1770.2746235341835,682.1758892911035,1069.289810895936,1080.7254354900206,9444.905657290006,1762.7717307183518
7.97796256328561,9.673669884143544,38.30552831243581,587.5392191235751,1316.7222339329762,1467.3134992948214,2064.6376584196014,962.9943409399642,1430.4199779558512,1121.9204185176777,8998.821343742165,1817.7837301142904
7.2492944942772635,52.78688512802672,62.72641495627635,929.8366244815826,1770.2746235341835,2064.6376584196014,3934.6031332669686,1491.0351412698135,2434.869411494947,1898.3520999561197,15412.82513983961,3179.840451202055
7.285099126973593,7.150110940224792,30.78816501124571,531.5938084352329,682.1758892911037,962.9943409399642,1491.0351412698135,947.9111047596946,1156.848777510086,841.4341073335545,7188.33179176229,1290.1135478914066
6.5582549893769775,40.68726875919369,41.85154730544596,703.5759953260978,1069.289810895936,1430.4199779558512,2434.8694114949476,1156.848777510086,1751.5520118599813,1360.2875195788063,9703.944202465927,2015.5045559834443
6.566686805987851,9.78826037131853,42.001997699244036,654.6822882553593,1080.7254354900206,1121.9204185176777,1898.35209995612,841.4341073335546,1360.2875195788065,1764.167810727302,8054.78514102139,1920.4566629362457
6.4742973050079025,97.01547319814605,301.2476281688903,5984.007089901103,9444.905657290006,8998.821343742164,15412.82513983961,7188.331791762289,9703.944202465927,8054.785141021389,90750.133477382,15521.465216909017
7.653862306178132,20.311714745750287,58.97113756113938,1160.1874623749534,1762.7717307183516,1817.7837301142906,3179.840451202055,1290.1135478914066,2015.5045559834443,1920.4566629362455,15521.465216909017,3477.5950652548236
