v,mu,sd,comat,,,,,,,,
7.569716718863451,97.01852079337851,188.9734381675188,35710.96033285305,7290.486597350642,30098.6759501395,4521.7940627869775,4523.631491133303,42104.89935050185,33705.37972518857,25695.776809340055,25113.98884056095
8.865825260396484,42.308755966911065,56.29860554490055,7290.486597350644,3169.532986300307,6288.56226628492,1294.4978787513246,1469.643551697467,16245.798956063716,8926.848632242314,7083.009506590486,5648.222990130843
9.352138428624063,83.23732604374595,179.62491895248044,30098.6759501395,6288.56226628492,32265.111508685164,3961.303629772233,4073.74069799171,43457.917311698046,31323.799792677313,26556.52652095752,23667.172168422163
5.04023474264909,20.57981782901745,34.0089762959179,4521.7940627869775,1294.4978787513244,3961.3036297722324,1156.6104686963054,879.5754012687452,9229.384994725873,5326.839830819691,4184.464190738687,3618.8208315131833
6.54867962752602,31.406550813259635,32.29378874663756,4523.631491133303,1469.6435516974668,4073.7406979917096,879.5754012687449,1042.8887916124545,9827.108918646098,5226.0097935319345,3891.059008680686,3604.846268957777
9.788018696829454,76.13178177741815,336.14157853242267,42104.89935050185,16245.798956063712,43457.917311698046,9229.384994725871,9827.108918646098,112991.16081826888,55215.97237000114,36468.04933842378,36057.17352790054
7.5655835613394355,92.94173108243365,205.26921564723924,33705.37972518857,8926.848632242314,31323.799792677306,5326.839830819691,5226.009793531935,55215.972370001145,42135.4508924328,27663.300613270498,24572.09409468371
6.591422124360493,50.042384334847675,198.2309890235122,25695.776809340063,7083.009506590488,26556.52652095752,4184.464190738687,3891.0590086806865,36468.04933842378,27663.3006132705,39295.525009239806,20031.017098061642
7.695999687128241,66.8105361643176,138.32927023836288,25113.988840560953,5648.222990130842,23667.172168422163,3618.8208315131837,3604.8462689577773,36057.173527900544,24572.094094683704,20031.01709806164,19134.987004678027
