v,mu,sd,comat,,,,,,,,
9.184720621322619,41.095697424241145,78.68795177600228,6191.793754702459,22580.807630755906,4723.375494559734,22934.1455617623,4487.236403295043,11087.267045371798,8752.462894238733,18591.863278928588,8885.092413846427
9.851179259701649,98.81053584483954,347.417265570568,22580.807630755906,120698.75641653057,17771.491970836443,78179.46325414834,18896.14959316849,36940.722087009904,33112.44803814181,52905.40795382583,33090.595984258165
7.235768926307557,34.76282939548169,79.07343178090248,4723.375494559733,17771.49197083644,6252.607613609039,15531.121302482798,5162.2946389221715,8627.34428865103,9107.714501109598,15381.432005805917,9465.634909224005
6.422905045143158,74.81581031714704,357.00529408711105,22934.1455617623,78179.46325414833,15531.121302482798,127452.78000622462,21194.839609269846,56250.46036566358,31473.583231488712,63230.3803277985,27522.38241526609
8.85608294004877,70.63341739163253,78.05663852276804,4487.236403295043,18896.149593168488,5162.2946389221715,21194.839609269853,6092.838817474075,8454.95459398484,7891.005173176737,14178.457140790806,7596.822382434238
6.494718161178888,87.66340528401086,182.0680336008112,11087.2670453718,36940.7220870099,8627.344288651031,56250.46036566358,8454.95459398484,33148.768859266114,16081.975564811979,29125.220581595073,13109.981512224615
9.881675374476423,44.48513514600445,134.1565106355215,8752.462894238735,33112.44803814181,9107.714501109596,31473.583231488716,7891.005173176738,16081.975564811979,17997.969345898793,22790.571158932922,16452.28646463456
9.64575987548868,99.84985629461534,271.54327146913647,18591.863278928584,52905.407953825816,15381.432005805917,63230.38032779851,14178.457140790806,29125.22058159507,22790.57115893292,73735.74828016113,25561.345450442877
6.023370328694622,61.30949794483702,140.29041675937054,8885.092413846427,33090.595984258165,9465.634909224007,27522.38241526609,7596.822382434237,13109.981512224615,16452.286464634562,25561.345450442877,19681.401034517876
