v,mu,sd,comat,,,,,,,,
5.240906137501188,78.64732091742196,170.1026379787506,28934.907447329882,29525.142730131647,26538.422729570822,5898.759694609142,24072.92794042401,6492.185944662297,25997.988561003618,2646.0409513491677,40822.754575872656
8.40481506933859,96.16358232364585,339.1605822984728,29525.142730131643,115029.90058503914,41517.56390779124,8309.219308153206,43826.976253598885,10823.608286660548,37732.11936882904,5445.953662199724,62125.27268935122
8.993480339519008,76.25177739871934,229.22900740979202,26538.422729570822,41517.563907791235,52545.937838078484,5356.530707565397,28523.977562770517,6449.415682565375,23863.039394801453,4083.3862327374545,42909.2950843759
9.000542958289412,12.74994689596392,37.97022771004882,5898.759694609142,8309.219308153206,5356.530707565397,1441.7381923529588,6328.182905456812,1504.3573235355045,6271.0807859123315,593.1644240766695,9142.622946708003
9.826486250781302,66.77542940772233,185.83725348538016,24072.927940424008,43826.976253598885,28523.977562770513,6328.182905456812,34535.484782989435,6118.179504325637,27815.538066293586,3310.2028015150117,35967.61310919194
7.220099121096446,10.879192057193215,42.90612371021012,6492.1859446622975,10823.60828666055,6449.415682565376,1504.3573235355047,6118.179504325637,1840.935451835855,6357.542453653389,577.0131071416399,11254.232919835944
9.156174382804242,73.22872477333723,170.11392863063776,25997.98856100361,37732.11936882905,23863.03939480145,6271.0807859123315,27815.538066293586,6357.542453653388,28938.748714149722,3053.3759163181803,37587.875523418195
6.232838174386064,11.118815300453871,25.46290219240798,2646.0409513491677,5445.953662199724,4083.386232737454,593.1644240766695,3310.2028015150113,577.0131071416399,3053.37591631818,648.3593880601353,4271.237020081863
5.25138939054962,95.53048554185251,277.8066108828822,40822.754575872656,62125.27268935123,42909.29508437592,9142.622946708003,35967.61310919194,11254.232919835946,37587.8755234182,4271.237020081863,77176.51305023313
