v,mu,sd,comat,,,,,,,,
6.013034768144452,16.556749320688745,76.50012294514467,5852.26881062225,1097.5357910270134,2889.324106090592,20167.889374192953,5123.623045687329,22796.25939618519,11753.483601056623,11263.22462382778,18612.48882675254
6.035465520304866,11.04878874847671,15.919940204909205,1097.5357910270134,253.44449612788446,607.1283435062486,3729.1990574287756,1118.1430421649368,4084.6943916537343,2774.8557773140424,2347.3306721275667,3434.3487325675555
5.763188716501229,13.936072852508094,46.38536415556629,2889.3241060905916,607.1283435062486,2151.6020078444944,10071.224424853812,3542.242222846003,12054.588375825773,7034.311690081012,7402.470774934203,12771.121456182207
8.772964057627615,72.46646151359158,302.0552267303981,20167.88937419295,3729.1990574287756,10071.224424853814,91237.35999515218,19375.355721088392,94422.03131291844,46347.21421092267,47562.96388732608,68693.03762655244
6.137133828680611,67.31354890615333,92.9722074937695,5123.623045687329,1118.1430421649368,3542.242222846003,19375.355721088392,8643.83136626453,23969.92758220214,11664.642047111209,15406.542604734326,18414.712658121694
8.320409820172141,69.49800310449578,336.4682463032523,22796.25939618519,4084.694391653735,12054.588375825773,94422.03131291847,23969.927582202145,113210.88077038604,46392.306059872084,49919.49634748364,74595.06136683223
7.946089124002047,63.77864432056718,188.57255176827988,11753.483601056621,2774.855777314043,7034.311690081012,46347.21421092268,11664.642047111209,46392.30605987208,35559.60728040059,29000.590164526744,45895.55901183212
7.108236103950121,82.0930506134204,195.75100973800602,11263.224623827778,2347.3306721275667,7402.470774934202,47562.96388732608,15406.542604734326,49919.49634748364,29000.59016452674,38318.457813448935,45898.67807715082
9.280119380442605,67.21927258801668,307.1127280789789,18612.48882675254,3434.348732567556,12771.121456182207,68693.03762655244,18414.712658121694,74595.06136683223,45895.55901183211,45898.67807715082,94318.22774811283
