v,mu,sd,comat,,,,,,,,
9.350620683136059,49.59239864913756,209.40145312443184,43848.96857062363,4469.768928257454,44404.58144742098,6244.087006238497,63839.042168090426,30644.377513252817,42246.92001921936,16036.008281769196,11581.253800431648
7.911384643362799,13.136413043604557,25.97749409117298,4469.768928257455,674.8301992569271,5344.5796111962345,1064.644870300265,8893.325918183717,3882.843094398004,4839.8637081156085,2543.616796833667,1213.6698484876426
6.394194703505345,89.8165307090537,261.765278005539,44404.58144742098,5344.579611196234,68521.06076931712,7889.389753813623,87989.69878006267,31787.082868523772,54471.53668022242,21402.321064306223,12021.561195215301
5.929556160450896,23.088064244505198,46.45727026799332,6244.087006238497,1064.644870300265,7889.3897538136225,2158.277960753376,13842.649740604558,5449.683180169053,7344.1390938050135,5050.622200729543,1382.790598991348
7.055500639625566,77.42222853070587,374.27151424449573,63839.04216809042,8893.325918183717,87989.69878006267,13842.649740604558,140079.16637486778,50087.813669584386,75381.82870398824,34453.05190267619,20061.340952901308
5.5868777356735775,77.42016471670141,176.520182479328,30644.377513252817,3882.8430943980034,31787.082868523776,5449.683180169053,50087.813669584386,31159.374822535265,26548.603868437025,14557.779094840156,8900.33274120951
8.424843721870676,80.20023352683117,237.2390430925648,42246.92001921936,4839.8637081156085,54471.53668022243,7344.139093805015,75381.82870398824,26548.603868437025,56282.363567475826,16898.93999712812,10523.222827664165
7.188055298298252,33.15331502745208,112.98135323584678,16036.008281769202,2543.6167968336667,21402.321064306227,5050.622200729543,34453.05190267619,14557.779094840154,16898.939997128116,12764.786179003184,3683.4530148696354
7.781146625859851,26.085333320826706,66.36866533225667,11581.253800431648,1213.6698484876426,12021.561195215303,1382.7905989913481,20061.34095290131,8900.332741209508,10523.222827664164,3683.4530148696354,4404.799737985089
