v,mu,sd,comat,,,,,,,,
9.835149195068382,46.492797734253756,95.01680206816624,9028.192675261082,10745.053219266185,36048.66731436642,6951.765836970117,18060.494168433892,14793.060618071839,2405.083900676432,5524.265982028435,14283.923387085135
7.736161245878612,44.184860107961896,118.24470089663495,10745.053219266185,13981.809290134663,43222.32451526706,8640.223901807463,24783.852541948952,18169.002788502876,2809.82267096151,7159.979928787953,17956.808697392054
9.863421799824422,90.73007630823338,446.2527091391117,36048.66731436642,43222.32451526705,199141.48041399656,34267.11423088627,106997.49904100271,74001.72064035486,13510.099538489783,26816.13566443416,81277.2651283096
8.574079968371823,64.23903974365682,85.6137123671399,6951.765836970116,8640.223901807465,34267.11423088627,7329.707745283362,18549.27332650662,13963.589484722297,2909.4445158436965,4809.3100174549345,13805.679009264775
8.488644122986354,74.63487817161952,277.2492874951216,18060.49416843389,24783.852541948952,106997.4990410027,18549.27332650662,76867.16741655259,40621.83276831702,6578.628649627677,16267.924434908673,48131.19396818377
6.080447477901882,83.47217236739586,199.4822438363052,14793.060618071837,18169.002788502876,74001.72064035486,13963.589484722295,40621.832768317014,39793.16560596712,5820.955345814803,11204.306926670362,34650.50915568939
9.881372273881208,10.593608945021696,36.51921321526251,2405.083900676432,2809.8226709615096,13510.099538489781,2909.444515843696,6578.628649627677,5820.955345814803,1333.6529338618043,1733.9176654998444,5714.52221844134
5.03115127602295,16.78138873976084,67.76522989263036,5524.265982028435,7159.979928787952,26816.13566443416,4809.3100174549345,16267.924434908671,11204.306926670362,1733.9176654998444,4592.126382401043,11758.55616188263
6.264911811917219,80.47021516978101,211.99935698538303,14283.923387085135,17956.808697392058,81277.2651283096,13805.679009264779,48131.193968183776,34650.50915568938,5714.522218441341,11758.556161882629,44943.727362215875
