v,mu,sd,comat,,,,,,,,
5.230204968157428,35.75826308849449,154.1979966580549,23777.022173357513,15949.22393177089,7136.93832173764,22424.837698379684,34953.556390310005,4086.8166597750287,25465.821925359378,20182.868506674364,26682.641621318133
6.851211580577996,40.34240903551388,186.9238900840043,15949.22393177089,34940.540684136926,9051.351322752489,28164.953925357422,34186.04478446525,4232.538703934774,20121.778218171763,19802.50769089104,33325.32031562962
6.2115913374570235,15.15749192234675,63.22281149955195,7136.93832173764,9051.351322752489,3997.1238939078785,11330.011678988516,14833.07287393723,1936.5731681428892,8333.747800641468,8701.940812751718,11800.924960636225
8.142400025222924,88.47363875259047,232.45670491148195,22424.837698379684,28164.95392535742,11330.011678988514,54036.11965830381,43986.752602651664,5888.641871294448,36172.09886008162,28554.05653754134,44109.545474524944
9.950550300134584,89.7946204100902,260.7496467103063,34953.55639031,34186.044784465244,14833.07287393723,43986.752602651664,67990.37825954954,6916.567458461237,40017.74806884709,33337.37222429449,52156.7909850367
5.652940246291533,8.241629819150385,39.49971361094438,4086.8166597750283,4232.538703934774,1936.5731681428892,5888.641871294447,6916.567458461236,1560.2273753466252,3757.6052061010087,4421.570078601685,6354.585794381731
5.867945816733246,92.6476889834197,190.6220838090378,25465.821925359378,20121.778218171763,8333.747800641468,36172.09886008161,40017.74806884708,3757.6052061010087,36336.77883569982,25989.345652033513,37593.45743944685
6.291570288298399,62.50086165074143,155.58793829676847,20182.868506674364,19802.50769089104,8701.940812751718,28554.056537541343,33337.372224294486,4421.570078601686,25989.345652033506,24207.606543439033,30275.124030202656
7.091994833413091,64.88622102338135,233.04964241970112,26682.641621318133,33325.32031562962,11800.924960636226,44109.545474524944,52156.79098503671,6354.585794381731,37593.45743944686,30275.124030202656,54312.135831950545
