v,mu,sd,comat,,,,,,,,
6.777095589026183,47.9610226801272,225.3571244477167,50785.83353934366,28958.1255916555,46433.70855916251,31656.53021491902,41189.10629906655,23989.95369270223,7558.9254669503025,54318.6567922886,34014.34182312663
6.704244383446508,55.96309227418495,162.54624400658963,28958.125591655495,26421.281440649782,25338.733171175772,17201.85871521169,22294.838036730976,14115.11641882962,5007.635594769811,46769.87336627402,14267.076178055302
9.66553221140785,71.54892862686879,238.8501971554945,46433.7085591625,25338.733171175772,57049.4166812186,32936.76534874772,39846.79426670945,24919.045671666343,6868.33905639611,43533.41254087629,35218.78837802064
9.569095928225131,56.738319510917606,159.0268062292264,31656.530214919017,17201.85871521169,32936.76534874772,25289.525099467926,23865.30168860916,14577.539530085232,4105.915957535314,34871.22227362014,26249.994042084018
9.18732364188197,44.06784628562671,213.91532105615482,41189.106299066545,22294.83803673098,39846.79426670945,23865.30168860916,45759.76458255779,20533.14627903582,5721.631237505626,37815.639510653855,19134.340877021146
5.29744032862453,83.51431341767696,127.3383290243747,23989.95369270223,14115.116418829619,24919.045671666343,14577.53953008523,20533.14627903582,16215.05003871991,3651.6114215057682,24300.855735051926,15687.00534176902
6.241051125605026,31.923341911629148,39.69778135650815,7558.925466950304,5007.635594769811,6868.339056396109,4105.915957535314,5721.631237505627,3651.6114215057682,1575.9138446291263,11053.739521171188,4973.026359641523
7.5455972220480305,88.15231788921024,329.64670119124065,54318.6567922886,46769.87336627402,43533.4125408763,34871.22227362014,37815.63951065385,24300.855735051926,11053.739521171188,108666.9476062671,36745.00152380555
5.447721105234987,49.101351682633116,194.68475528451447,34014.34182312663,14267.076178055304,35218.78837802065,26249.994042084018,19134.34087702115,15687.005341769021,4973.026359641523,36745.00152380556,37902.15394019129
