v,mu,sd,comat,,,,,,,,
5.487668008747258,12.79719794684202,54.81474331354527,3004.656084529856,8384.928855469218,12551.612698222409,15930.283885814084,9079.177721702335,5276.241065354716,7776.239839371131,13618.311909642787,713.5306802419474
8.80624858337428,82.58244118787815,192.61386523804902,8384.928855469218,37100.1010819413,39867.34067688396,53133.124635746375,34649.62057712896,18224.202647745984,29840.005679385908,58476.121783368806,2561.6915459798934
6.234689865831635,69.1850174632054,341.3411042055776,12551.612698222409,39867.34067688396,116513.749420283,92712.88992475564,50938.636568773414,31919.40971781785,40188.058811048446,91116.47795962385,4235.740958245088
5.690658437381598,96.12393345660858,353.71450696111185,15930.283885814086,53133.124635746375,92712.88992475564,125113.95243474244,61620.28710574252,32308.528710769526,62647.178192519015,100207.20712564698,4862.4626683441165
6.657232816354657,89.83135650220652,214.7176852948289,9079.177721702337,34649.62057712896,50938.63656877342,61620.287105742544,46103.684378369195,22365.890534398877,33826.666859394536,60524.92337464911,3518.4239535778265
5.414997825034464,65.00822665793427,114.02266008303644,5276.241065354716,18224.202647745984,31919.409717817853,32308.528710769526,22365.890534398877,13001.167012411672,15497.074275059107,34694.866330967736,1944.6313482023259
8.359885406402334,38.08703333132436,188.11598198583923,7776.239839371134,29840.005679385908,40188.05881104845,62647.17819251902,33826.666859394536,15497.074275059103,35387.62267849659,50758.37801509569,2238.0796862505304
9.032968990808287,76.40496771366695,331.00467058721927,13618.311909642787,58476.12178336879,91116.47795962387,100207.20712564698,60524.923374649086,34694.86633096773,50758.37801509569,109564.09195055354,5082.855826430333
9.91370957272107,18.492903481121207,19.600938907564224,713.5306802419475,2561.6915459798934,4235.740958245088,4862.4626683441165,3518.423953577826,1944.6313482023256,2238.0796862505304,5082.855826430333,384.196806058065
