v,mu,sd,comat,,,,,,,,
7.940654005386371,45.154304962770794,194.24745342116304,37732.0731606069,15796.032750393777,17872.60317639567,35641.261017681165,17736.349782819918,23578.230179734765,12252.625362181463,15065.59606030781,10178.635971295285
9.48856863954709,41.61343336411128,100.59564171615638,15796.03275039378,10119.483132285302,10273.11366134147,18507.18448558437,9104.83504381964,14744.42000653076,8133.313404673912,9825.69932028041,5826.82576903391
9.45765364737354,45.667459633491525,117.8339525583321,17872.60317639567,10273.11366134147,13884.840375519261,20049.549213498394,10743.456677602584,16591.877561552305,9649.529703443246,13394.969290364179,7905.473733407374
9.07918738653842,85.23982284401114,212.69852391570936,35641.261017681165,18507.184485584374,20049.54921349839,45240.66207592158,19474.11174760061,30891.532558134408,14939.103666790561,22871.712533397553,11268.634212984181
5.179447928084267,40.300192737661874,107.35051823997145,17736.349782819918,9104.835043819638,10743.456677602582,19474.111747600607,11524.133766390443,15489.931341084843,8045.813372772516,12212.483196177971,6473.809602792567
8.45878790879442,45.33172525450617,165.51607338530093,23578.23017973477,14744.420006530761,16591.8775615523,30891.532558134404,15489.931341084843,27395.570548888325,12270.01570657323,16816.275304112114,10090.336566984857
6.89340471002704,23.02871293355067,89.57972676189954,12252.625362181461,8133.313404673911,9649.529703443246,14939.103666790561,8045.813372772517,12270.015706573227,8024.527446736577,10737.480123736506,5301.983617940959
7.592554727240403,29.09779242571571,141.1445614512736,15065.596060307811,9825.69932028041,13394.969290364177,22871.712533397553,12212.483196177971,16816.275304112114,10737.480123736508,19921.78722727235,7392.497149566542
8.289757327794065,17.60281835283707,74.41040119856851,10178.635971295287,5826.82576903391,7905.473733407375,11268.634212984181,6473.8096027925685,10090.336566984857,5301.983617940959,7392.497149566542,5536.907806531926
