v,mu,sd,comat,,,,,,,,
5.901348444383846,59.67806140024728,135.63324099837297,18396.37606372272,12253.901119764025,8634.443813017742,3625.0974255930428,2663.6398333446828,39217.926524531875,13249.507761241026,22546.76702819568,28176.853607383124
5.097376207438123,25.710320650699394,112.60488288611742,12253.901119764023,12679.859649796217,6404.479578930837,2631.211011370736,2936.863498077092,35164.320504147596,11739.066783553586,22960.878959816047,24333.42995860221
7.316092632491723,33.70564533982302,92.78768739250725,8634.443813017742,6404.479578930837,8609.554931649647,1946.2642737872677,2259.9698890729364,20187.03919714219,9989.454055826813,14907.392948718027,20388.964712024586
8.62466964596074,13.684385757936768,30.1592460187644,3625.097425593042,2631.2110113707354,1946.2642737872675,909.5801204203565,606.4467480002215,10005.825927804195,2870.066835046389,5701.035857734457,6655.8421871756145
7.1010180229386375,13.141006571271742,31.207961872867344,2663.6398333446823,2936.8634980770917,2259.9698890729355,606.4467480002215,973.9368842583417,8217.075399666306,3053.9399187887275,6280.516872989072,6994.941429941347
7.4271354908389124,72.38359668828639,354.3808983383115,39217.926524531875,35164.3205041476,20187.03919714219,10005.825927804195,8217.075399666306,125585.82110706865,33244.394697122894,74832.21877216134,79833.83896833957
5.063904072953044,64.39635980677542,133.7650304890792,13249.507761241022,11739.066783553588,9989.454055826815,2870.0668350463893,3053.939918788728,33244.394697122894,17893.08338174429,23549.60568139362,29130.218192042423
7.436858036599358,67.3873365879229,236.39418891487682,22546.767028195678,22960.878959816044,14907.392948718025,5701.035857734457,6280.516872989072,74832.21877216134,23549.60568139362,55882.21255272248,56165.41104660182
9.709033261716831,83.43696176186377,261.5561792019552,28176.853607383116,24333.429958602203,20388.964712024583,6655.842187175614,6994.941429941347,79833.83896833957,29130.21819204242,56165.41104660182,68411.63487872531
