v,mu,sd,comat,,,,,,,,
8.281320926164785,93.02222282395657,399.2332704842282,159387.20426153293,36389.259798594525,26986.58767620395,90375.00474358954,40977.24681152477,38916.76853580363,49337.04939437142,46365.10384535584,26770.233135499097
9.774506884566136,36.492898325158464,103.7539236572167,36389.259798594525,10764.876674267553,7351.325320674402,23997.960710709096,11349.847562177534,9932.627712279756,17307.689333063365,17471.89534663318,6804.271779583719
9.854380174969082,54.78339715277976,95.93478605257962,26986.587676203955,7351.325320674402,9203.483174954225,28945.06603293261,10274.63845562281,11903.75241571857,17906.11475382341,16042.813178739822,8968.303616591269
5.489160886576936,94.44974007609707,362.63007202457914,90375.00474358954,23997.960710709096,28945.066032932606,131500.56913655146,42822.013509420656,46554.11401671437,79102.66101591614,57917.90303810381,31731.07739476219
6.203724578905905,66.65347735437115,140.58863764996482,40977.24681152477,11349.847562177536,10274.63845562281,42822.01350942066,19765.165036273105,13817.002992401945,25487.03584202258,18474.724963727313,13126.190128211605
9.343209934568952,41.5982274037529,146.29034258604662,38916.768535803625,9932.627712279755,11903.752415718569,46554.11401671437,13817.002992401949,21400.864333942885,29555.423863294258,27171.20161446245,10832.73232676594
7.737264672262567,51.676704244077314,255.63139569001137,49337.04939437141,17307.68933306336,17906.11475382341,79102.66101591614,25487.03584202258,29555.423863294254,65347.41046242315,49440.26823908988,19046.40295257994
8.59576648964379,48.31836842381743,229.85742865721693,46365.103845355836,17471.895346633177,16042.813178739822,57917.90303810381,18474.724963727313,27171.20161446245,49440.26823908988,52834.43750890758,13248.171502473635
9.62841840245326,84.34037204099975,120.66412459918067,26770.2331354991,6804.271779583719,8968.303616591269,31731.077394762193,13126.190128211605,10832.732326765938,19046.40295257994,13248.171502473635,14559.8309652866
