v,mu,sd,comat,,,,,,,,
5.770814211898362,66.07798410140533,167.89543008577823,28188.875443688445,30546.725145008906,17628.155148244874,6130.490748918807,17721.608330904404,7274.863561832096,20006.163272132104,7159.39195427492,27719.238158792476
8.700248482577024,61.5954799572561,212.08729493754595,30546.725145008906,44981.02067392559,22569.348517108,8724.34582451762,27207.493745015097,11207.451162257437,31137.361384128915,10505.332397064467,36800.191236732004
6.316575075925673,61.963822897747086,139.3650639945305,17628.155148244878,22569.348517108006,19422.621062199578,5070.806376533168,16504.737976517168,8051.869097437185,24456.72266239029,7932.2796281526935,20540.58153732453
7.668696966901489,11.637999102493364,48.91377629903744,6130.490748918807,8724.345824517623,5070.806376533167,2392.557511832276,7033.831859086931,2429.0259893753264,6831.027014796056,2256.6931090718745,9039.313065859033
5.072874812427099,91.58623476266531,162.90429987396365,17721.608330904404,27207.4937450151,16504.737976517168,7033.83185908693,26537.810917426275,7772.984219504338,21917.711164405824,7453.523737510609,28915.33641980885
9.593735040499425,25.00772569102397,62.7634678905459,7274.863561832097,11207.45116225744,8051.869097437184,2429.025989375326,7772.984219504337,3939.2529016475855,10343.29714034321,3530.8543360014583,9629.78285495965
9.503574270585062,43.27048496640398,196.47875744460552,20006.163272132104,31137.361384128915,24456.722662390286,6831.027014796056,21917.711164405824,10343.29714034321,38603.90212697612,10343.784874930654,25680.17083800723
5.167107138131723,24.204662620156892,64.77311274850659,7159.39195427492,10505.332397064469,7932.279628152693,2256.693109071874,7453.523737510607,3530.854336001458,10343.784874930654,4195.556135130746,10487.796375667689
9.784746681375584,66.55612146722983,202.76800352309016,27719.238158792476,36800.191236732004,20540.58153732453,9039.313065859033,28915.336419808853,9629.782854959652,25680.170838007227,10487.796375667689,41114.86325273991
