v,mu,sd,comat,,,,,,,,
6.872700594236813,15.249685564363922,17.16682636143074,294.69992732351335,1980.8554000771783,3789.5399624671854,1153.6369707878446,1641.2332771825454,402.65058158818084,1013.5917252260623,4355.909325550397,5215.999507680079
9.75357153204958,65.45898907005915,147.76868798759108,1980.8554000771783,21835.585149574043,23716.310179032742,9566.388012558802,17751.97592944182,3076.828189090934,9530.991665077403,37162.36076124209,34635.56593101015
8.659969709057025,53.31421566064677,246.85899452972066,3789.5399624671863,23716.310179032742,60939.36318022466,15794.326798751665,18424.501750596257,4238.801871062215,12998.795315161566,55452.37464132258,65083.62615504955
7.993292420985183,28.68276176914312,75.76642423136538,1153.6369707878446,9566.388012558804,15794.326798751663,5740.5510408072305,8695.792845039512,1487.5299938164464,4672.105670454157,20825.42025767121,20006.17295919583
5.780093202212183,76.77735816158962,147.04343295624943,1641.2332771825459,17751.975929441818,18424.501750596257,8695.792845039514,21621.771175559024,2124.8573570539716,9985.92831519339,32460.614701314997,31603.072314202946
5.779972601681013,12.313091433735334,26.58403596487487,402.6505815881808,3076.8281890909334,4238.801871062215,1487.5299938164464,2124.8573570539716,706.7109681817608,1676.2038434191509,5988.183851491033,8030.4096023395405
5.290418060840997,20.31602228913042,95.86705519770616,1013.5917252260625,9530.991665077401,12998.795315161566,4672.105670454157,9985.92831519339,1676.2038434191509,9190.49227228004,15141.73585582303,29207.409334932
9.330880728874675,81.77143605861961,288.94877515774584,4355.909325550397,37162.36076124208,55452.37464132259,20825.4202576712,32460.61470131499,5988.183851491033,15141.735855823028,83491.39466516154,74492.61155532478
8.005575058716044,87.78875606783318,370.00224373753406,5215.999507680079,34635.56593101014,65083.62615504954,20006.172959195825,31603.072314202946,8030.409602339541,29207.409334932003,74492.61155532478,136901.66037080955
