v,mu,sd,comat,,,,,,,,
7.717024708954828,67.47435652525346,277.53261253734496,77024.35102180405,47447.9790389401,31424.62226170612,59667.07147372114,78225.15452940571,4531.715784992446,19783.113963951862,29584.809283032955,28461.594650278766
6.391846925468981,79.06184786802122,272.07653426246696,47447.979038940095,74025.64049627536,19637.2354518911,65187.12370303491,91992.87802468818,4316.102023779204,19852.032268959196,31843.98619054043,20814.791705897427
7.122587953745665,34.35503310981821,130.23785650775238,31424.62226170612,19637.235451891105,16961.899267733897,30658.77043512367,38537.537348616715,2061.782755020413,8583.560915065309,17633.06535279357,12277.291080049154
9.22388066159952,86.66373809426119,303.435315559682,59667.07147372113,65187.123703034915,30658.770435123675,92072.9907288038,122046.22613972567,4965.891720785602,21729.10178273152,45254.34130563601,33400.328779054216
5.023594280954863,98.32874381290722,482.40086710336084,78225.15452940571,91992.87802468817,38537.537348616715,122046.22613972568,232710.59658207445,7141.258020834001,31631.819642677743,68707.58747793261,52063.40341120754
5.607845603915571,20.83594246389152,22.767695736228493,4531.715784992446,4316.102023779204,2061.7827550204124,4965.891720785601,7141.258020834001,518.3679691374771,2097.498248628111,3442.436247335532,1848.51736167746
8.353745423633892,20.27073210817276,95.15055909847271,19783.11396395186,19852.0322689592,8583.560915065309,21729.101782731523,31631.819642677747,2097.498248628111,9053.628896751949,14010.13111526668,8380.695274038791
9.129263775525239,95.58723573855572,176.25461112170711,29584.80928303295,31843.98619054043,17633.065352793572,45254.341305636,68707.5874779326,3442.4362473355322,14010.131115266679,31065.6879416642,15666.70512432763
5.683532948424765,39.249898827387774,125.50159257601106,28461.594650278766,20814.79170589743,12277.291080049155,33400.32877905422,52063.403411207546,1848.5173616774605,8380.695274038791,15666.70512432763,15750.649739115079
