v,mu,sd,comat,,,,,,,,
5.765270993830734,98.35172540146114,455.3543796040985,207347.6110246334,96265.22920528043,33105.97914897558,45606.700126481046,78343.59675417976,48242.6500067777,77207.24890743589,11110.165530808126,49123.363916930764
5.788428305047036,63.106840504068735,241.63369749303394,96265.22920528041,58386.84376415505,18710.070161464148,28307.175300328716,49692.4173546444,33188.68182717717,40234.02235390283,6260.738447757427,31940.76583677688
9.927455570915763,31.966683251402877,84.21458533211117,33105.97914897557,18710.07016146415,7092.096382659433,10122.446663412027,15287.910665184407,12644.362497918979,12867.728951780462,2033.203116457692,10136.935481897532
9.522488654026468,41.460620930145296,128.8824582767955,45606.70012648106,28307.175300328727,10122.446663412027,16610.688051469926,26317.044922095825,19205.920820630316,19432.157598412796,3184.7013771325664,16842.155425426114
5.930391313335205,73.43197770140537,230.56016542223952,78343.59675417979,49692.41735464441,15287.910665184407,26317.044922095825,53157.98987953046,27589.110765954447,37938.45864808992,5672.454507326922,31983.770734515096
6.338547572065808,95.16249377133842,166.63013584979973,48242.6500067777,33188.68182717718,12644.36249791898,19205.920820630316,27589.110765954447,27765.602173322713,21499.53450095353,3694.5785089390215,16749.77095910321
6.670255787441896,74.62907320558992,201.993354009714,77207.24890743587,40234.02235390284,12867.728951780462,19432.157598412792,37938.45864808993,21499.534500953527,40801.315064093644,4718.5607549958595,20238.017971599267
8.222959354662622,13.907808904967924,29.296180430751903,11110.165530808126,6260.738447757428,2033.2031164576922,3184.7013771325655,5672.454507326923,3694.57850893902,4718.56075499586,858.2661878311706,3127.9642440954617
6.257036203789532,50.337094963908754,160.80584361869631,49123.36391693077,31940.765836776885,10136.935481897533,16842.15542542611,31983.7707345151,16749.77095910321,20238.01797159927,3127.964244095462,25858.519341920608
