v,mu,sd,comat,,,,,,,,
7.729257149674893,88.29209163400014,336.05632751723675,112933.8552643723,25326.44680346162,31157.79032361454,7894.095686261004,78140.43500074597,4118.603612237965,97615.96900867193,55598.71797600099,11885.568945605752
9.294283052956795,21.589554092244963,91.0703549999198,25326.44680346162,8293.809559811416,10966.214871399925,2826.296493671236,26419.118024289473,1353.8660588422788,29154.744227177183,17030.251245813444,3757.701618748622
8.429462932832896,41.756345951923954,160.56307289172304,31157.790323614536,10966.214871399925,25780.500376432767,6593.80632613075,46173.08357463762,2110.725247789768,49279.15559024874,26659.320316368456,5855.701226973239
6.657959105067171,32.496785354052,44.993166203290166,7894.095686261005,2826.296493671237,6593.8063261307525,2024.3850049968928,10937.738000216686,618.7697081647962,12566.674725899686,6273.154496785106,1874.1206354071953
5.2999896478030895,68.3819139311309,318.78638061740054,78140.43500074596,26419.11802428948,46173.08357463762,10937.738000216683,101624.75646714214,4642.567979977139,94979.15850776028,58046.37122416273,11875.656665294331
6.931388905213545,15.884619734684872,17.526178492901096,4118.603612237965,1353.866058842279,2110.7252477897687,618.7697081647962,4642.567979977139,307.16693256502896,5299.922604140734,2560.932901365943,639.5042742793446
6.065749293421778,91.08255231973607,403.42294900069845,97615.96900867195,29154.744227177187,49279.15559024874,12566.674725899686,94979.1585077603,5299.922604140734,162750.07578042013,70795.4106738109,10840.89257661687
9.662533250406801,77.057351219015,221.0248335037743,55598.71797600099,17030.251245813444,26659.320316368456,6273.154496785105,58046.37122416272,2560.9329013659426,70795.4106738109,48851.97702537114,5872.584325896658
8.614091494279311,17.335848527500815,54.93585929031625,11885.568945605752,3757.7016187486215,5855.701226973238,1874.120635407195,11875.656665294331,639.5042742793446,10840.892576616869,5872.584325896658,3017.9486359654265
