v,mu,sd,comat,,,,,,,,
8.919161754028753,34.498014350293346,45.368946358344225,2058.3412936663153,9097.962752021038,322.9198767589711,2227.503050563037,1842.0998776557633,3973.941417537547,4294.6088030852525,1311.7582643899261,718.8278146796702
8.17416853026365,72.90943262468842,283.9090883665826,9097.962752021038,80604.37045714402,1403.4058825839247,24263.693514861556,11372.229588646856,28264.069852874625,34316.94117803993,5963.896523808226,5962.340222363513
6.245215457578745,7.203117264087684,10.745324269199685,322.9198767589711,1403.4058825839247,115.46199365025173,306.57963921267543,421.5275887193141,1023.3562852376849,959.7675031619184,260.5855202942046,160.69526870127342
8.790379323249088,47.63957034521571,108.40716994080793,2227.5030505630366,24263.693514861556,306.5796392126754,11752.114494575211,2401.9915082040466,9510.762014584634,13814.46481578322,2007.6916569544749,1577.8125729924616
6.565384678158399,51.210495047543404,52.769602404294,1842.0998776557633,11372.229588646855,421.52758871931417,2401.9915082040466,2784.6309379072704,4529.570576693497,5134.354641857142,1329.6464327857411,1062.6703824066497
9.686186787441986,44.816607067119314,121.9151715469109,3973.9414175375464,28264.06985287462,1023.3562852376849,9510.762014584634,4529.570576693498,14863.30905331271,14797.59174428997,3076.946508956769,2215.89812448751
5.214327241761319,79.820724469771,156.401328958519,4294.6088030852525,34316.94117803994,959.7675031619183,13814.464815783222,5134.354641857143,14797.59174428997,24461.375699990876,4036.617159135629,2685.1620472530703
7.204336017149022,24.66003781844132,32.89809920824531,1311.7582643899261,5963.8965238082255,260.5855202942046,2007.6916569544746,1329.6464327857411,3076.94650895677,4036.617159135629,1082.2849315155509,473.5064682302631
9.563611449675989,6.2474968420736445,22.856680468224912,718.8278146796702,5962.340222363512,160.69526870127342,1577.8125729924618,1062.6703824066497,2215.8981244875094,2685.16204725307,473.50646823026307,522.4278420265342
