v,mu,sd,comat,,,,,,,,
6.042302686794213,80.07907332679072,224.23475567461634,50281.22565245489,38452.82905954718,20329.793650681568,46095.851518770505,4911.195379021271,39531.24718804668,7787.961064506382,67161.57818114122,33679.43760514051
7.40840530881683,85.86502567016717,210.3407590726302,38452.82905954717,44243.23492725026,15415.782476142105,41177.07058082186,3545.324325488474,34326.000473135726,5853.13933152007,49165.708229336014,31320.290164762788
7.1026901765718735,24.230624506539982,108.76540373455752,20329.79365068157,15415.782476142109,11829.913049541301,20089.857368935343,2530.1339587333187,12823.296317468245,3272.864481385528,29046.145771488762,16900.577872499227
9.29590999260672,62.25725979121158,269.4127477413602,46095.85151877051,41177.07058082187,20089.857368935347,72583.22864554978,7320.048169495957,32476.356099665554,7459.471792309557,70574.5634534509,43332.7858595749
5.855807768058367,7.7295994879402095,29.50532267978469,4911.195379021271,3545.3243254884746,2530.1339587333196,7320.048169495957,870.5640664382167,3188.530299588246,829.3931755241266,7321.27635891858,4359.47925884821
6.694319803018502,77.4846116060678,200.20076697389123,39531.24718804667,34326.000473135726,12823.296317468243,32476.35609966555,3188.5302995882457,40080.34709693429,5193.984176759749,52048.88772058583,24843.942599759586
6.352664166489156,23.376444929066906,39.171729288353355,7787.961064506384,5853.139331520071,3272.8644813855285,7459.471792309557,829.3931755241267,5193.984176759749,1534.4243754400397,8387.269854333947,4664.037798735863
8.455206752247982,89.50210461734942,351.18552556447804,67161.57818114122,49165.70822933601,29046.145771488766,70574.56345345092,7321.27635891858,52048.88772058583,8387.269854333947,123331.27336599864,57953.63523267902
6.102022583188628,89.28343352961329,184.6539853551409,33679.43760514051,31320.290164762788,16900.577872499223,43332.7858595749,4359.47925884821,24843.942599759586,4664.037798735862,57953.63523267903,34097.09430753657
