v,mu,sd,comat,,,,,,,,
8.213449578930394,96.79186997069546,262.825134729798,69077.05144573646,2876.5394369734636,10373.032239574031,9467.03178148927,12308.532437112639,10054.26715464775,5599.104995666894,7442.294269335737,5649.815206188429
7.693104654844735,5.056507316684415,19.822808234004526,2876.539436973463,392.9437262821177,1115.8820449617785,1056.4681597936246,1193.3903106801595,1499.4451977451029,478.061775920306,686.2161653508977,742.8064575216505
7.5594899122931505,50.33840658754829,69.40328063051929,10373.032239574033,1115.8820449617785,4816.815362278616,3582.7178513071713,4059.954892536847,4613.246110411985,1681.8177396559618,2817.272149099468,2460.9914725024973
8.051286135564983,26.180374342794963,59.40360931871531,9467.031781489268,1056.4681597936244,3582.71785130717,3528.7888000905605,3692.1581527056123,4584.808801706529,1375.8748720663518,2059.2027824036236,2048.408064944784
7.464944918055958,21.421884608910226,74.36366554917291,12308.532437112639,1193.3903106801592,4059.9548925368463,3692.1581527056123,5529.9547539092455,4763.161743209239,1869.6805261616346,2456.490874165516,2355.160622701632
6.072309988957176,46.96853413036514,84.90377023540198,10054.26715464775,1499.4451977451026,4613.246110411985,4584.808801706528,4763.161743209238,7208.650200185929,2083.9709190710328,3009.8864953924244,3160.572848001741
6.219900096437906,17.775252808012993,30.08018143374332,5599.104995666894,478.0617759203058,1681.817739655962,1375.874872066352,1869.6805261616346,2083.9709190710323,904.8173150869163,1237.4290805541118,1107.987477376943
7.860472629891987,39.14552589027378,45.2436430977434,7442.294269335735,686.2161653508975,2817.272149099468,2059.202782403624,2456.490874165515,3009.8864953924235,1237.429080554112,2046.9872407559842,1823.9492017281725
8.863143318625296,12.581890369748173,43.129786043041015,5649.815206188429,742.8064575216505,2460.9914725024973,2048.408064944785,2355.160622701632,3160.572848001741,1107.9874773769432,1823.9492017281727,1860.1784441184955
