v,mu,sd,comat,,,,,,,,
7.753989512872877,23.656154786513003,41.83092268126532,1749.8260923659977,10522.4525771689,13928.021789248409,2548.124663577345,9094.185024000366,6764.563564596458,2093.5245637493304,997.0493775430328,11002.788525723217
8.540739113090524,73.93861427361799,306.0871428504167,10522.4525771689,93689.3390183314,99313.36835744005,15644.685990433585,68941.37956362772,50006.48688926681,16981.80200533734,7098.9088593765855,90974.71807059467
6.454523694564722,97.34934454995775,428.71538326891346,13928.021789248407,99313.36835744006,183796.87985141133,30028.532076578438,91495.44615130936,89239.1467404574,33311.344188852745,10325.079262736464,127298.45070871183
7.5541380259883155,56.64146102660316,76.9850051731451,2548.124663577345,15644.685990433587,30028.53207657844,5926.691021509178,15373.35292676946,13333.521680573118,5927.269485256119,1624.7631509332327,19867.294970934938
9.464734771738273,51.442958238530714,242.3861213411433,9094.185024000364,68941.37956362774,91495.44615130936,15373.352926769454,58751.03181880346,47573.78736874379,15339.753705900423,6494.119462780258,74563.55714861759
9.48146544466719,79.82372895283025,234.71184902132825,6764.563564596458,50006.48688926681,89239.1467404574,13333.52168057312,47573.7873687438,55089.65207101078,14852.159564542288,5892.730376325189,64161.7833903528
5.627926552319181,48.251539340684204,90.324134861137,2093.524563749331,16981.80200533734,33311.34418885276,5927.269485256119,15339.753705900426,14852.15956454229,8158.4493384128655,1743.4170994841136,22514.74274665941
6.036214390690934,21.83527117617324,28.265642305731447,997.0493775430327,7098.908859376586,10325.079262736464,1624.7631509332325,6494.119462780257,5892.730376325188,1743.4170994841136,798.9465349555552,8247.354302543541
5.25733601650415,89.77735282077379,319.6708008325984,11002.788525723216,90974.71807059467,127298.4507087118,19867.294970934938,74563.55714861759,64161.783390352786,22514.7427466594,8247.35430254354,102189.4209049548
