v,mu,sd,comat,,,,,,,,
7.100914835703869,17.408920779527694,55.10745257054248,3036.831328814589,13262.595616046106,2055.935640208174,5210.487318488986,13362.152896275056,5349.7300686897925,3898.143020156326,4614.349968706161,14631.109733618323
6.8161974848254285,96.1104376762371,291.75683644873607,13262.595616046105,85122.05161457452,9717.53108817773,23808.847993083993,69032.29117236844,29044.087310007235,23915.63454635486,19918.515760998944,76675.40394720461
5.924383438807259,13.725018538305884,49.83312527990957,2055.935640208174,9717.531088177731,2483.3403751631613,4836.458491287765,9328.301572640148,5808.604169988047,2372.953108345118,4698.261361290348,11113.236409205643
7.591413640837381,52.978790194697176,124.96652079383708,5210.487318488984,23808.84799308399,4836.458491287764,15616.631319316512,27183.27760762812,14768.900019291328,8127.620995854115,10688.727784272887,31893.63298449316
5.043027260043846,63.65340698994857,286.66067269252903,13362.152896275056,69032.29117236844,9328.301572640148,27183.277607628122,82174.34126853327,28477.305421559086,22043.04086342764,19390.74042443141,80018.32607185956
9.844681033597432,83.43882798633459,156.73871792103571,5349.730068689791,29044.08731000724,5808.604169988046,14768.900019291328,28477.305421559082,24567.025695530006,10296.609384628064,10042.374792195458,22462.88319352044
9.006906280082305,26.41516868173985,91.09230415701245,3898.143020156326,23915.63454635486,2372.953108345118,8127.620995854118,22043.04086342764,10296.609384628064,8297.807876633668,5073.127344554391,22249.072512986142
8.786559943043272,64.7530232301074,101.33474332689946,4614.34996870616,19918.515760998944,4698.261361290348,10688.727784272887,19390.74042443141,10042.37479219546,5073.127344554391,10268.730205128593,24973.107102608887
8.35742150920912,89.36954507752064,320.84501597832434,14631.109733618321,76675.40394720463,11113.236409205643,31893.632984493168,80018.32607185956,22462.883193520443,22249.072512986142,24973.107102608883,102941.5242781312
