v,mu,sd,comat,,,,,,,,
9.11555170354896,95.70793872171518,394.3229499739248,155490.58887613838,73089.82564444008,27546.178108080363,9940.327744258693,12388.481048698555,36413.8166533855,21660.67440203922,89305.48629409981,52853.982136917286
5.130589907849337,85.60699028134265,222.36097404931047,73089.82564444008,49444.402780158125,13064.915787487187,7159.415037415896,6611.1222666743,19414.90126119074,14207.301675200071,58136.02470792235,38497.43971627809
6.053853199656469,80.70776640813716,86.41242182059301,27546.178108080363,13064.915787487185,7467.106644900099,2087.127863660135,2777.356516692488,6632.857783717686,4802.510009575339,16253.103055526299,11957.89744770868
8.09210884674805,20.907156736073183,37.68076203999121,9940.327744258691,7159.415037415896,2087.127863660135,1419.8398279144421,1164.005596837161,3011.8387144184503,2824.3928633472888,9188.21263045245,6378.474947116035
5.4914223266844955,27.87205567774779,36.46445132461392,12388.481048698555,6611.1222666743,2777.3565166924877,1164.005596837161,1329.6562104051377,3037.2006937545557,2426.479222944596,9065.027160383943,6444.418769859829
8.100656549384293,74.52424152311801,105.27471386591635,36413.81665338549,19414.90126119074,6632.857783717686,3011.83871441845,3037.2006937545557,11082.765379550563,5914.364024559932,23672.300277850936,14084.964487503763
5.269451097992219,44.39329401472435,83.66991647127082,21660.67440203922,14207.301675200071,4802.510009575339,2824.3928633472883,2426.479222944596,5914.364024559931,7000.654922309437,19695.851042740556,11351.904195598025
9.803270289021192,94.29262944273275,285.0882769583604,89305.4862940998,58136.024707922355,16253.103055526299,9188.212630452448,9065.027160383943,23672.300277850936,19695.85104274056,81275.32565908678,48571.72555969917
9.902146871075367,62.836522798840576,209.5294225239399,52853.98213691728,38497.439716278095,11957.89744770868,6378.474947116034,6444.418769859828,14084.964487503765,11351.904195598025,48571.72555969916,43902.578903215726
