v,mu,sd,comat,,,,,,,,
6.923865597583719,43.726969705084265,199.88768486296274,39955.0865598751,7831.427355945475,18470.00804864955,36137.51097787592,8623.173548611232,20972.35071380434,21959.30273848309,16809.53487137034,19405.308908257655
9.298539232953095,27.4471913864203,50.577296596693856,7831.427355945474,2558.06293102994,4671.547749000351,8420.784339326185,1896.254295803794,4894.881756657764,5481.961153252108,3184.6757664367105,5751.93379271947
9.7209981790371,38.83443207376099,119.70889511516678,18470.00804864955,4671.547749000352,14330.219569694002,13183.289264757761,3951.4318284291144,10782.172663023415,11863.57902227344,9641.381353921615,12734.739204035548
8.514124468053648,60.54746487868001,208.83089622627423,36137.51097787592,8420.784339326185,13183.289264757761,43610.34321866891,8521.883942570697,19027.423620528345,21572.847820590174,13139.608343388023,16511.41779010262
8.168170485857035,33.05619444642151,46.709922552598925,8623.173548611234,1896.2542958037943,3951.431828429114,8521.883942570697,2181.8168648697892,4733.44195951945,5310.786824930811,3989.6422843583205,4804.715456927706
8.02980640995299,99.90226764725385,114.68016639603421,20972.350713804335,4894.881756657764,10782.172663023415,19027.42362052834,4733.4419595194495,13151.540564622095,12020.203960269131,10832.65310218916,13388.193132299337
6.000634214299522,54.55063727661669,125.84199261854809,21959.30273848309,5481.961153252108,11863.579022273438,21572.847820590174,5310.78682493081,12020.203960269133,15836.207106206715,10119.019920511495,13018.713336223522
6.936939438333506,67.20399616333302,107.68282860798791,16809.534871370342,3184.675766436711,9641.381353921613,13139.608343388023,3989.64228435832,10832.65310218916,10119.019920511497,11595.5915770173,10816.139385287986
6.294915818757158,95.67775087175768,129.5345178233855,19405.30890825766,5751.933792719471,12734.73920403555,16511.41779010262,4804.715456927706,13388.193132299337,13018.713336223524,10816.139385287985,16779.191307736975
