v,mu,sd,comat,,,,,,,,
7.734445780726773,61.6224217402132,146.06591897255402,21335.252685296717,20174.457664871723,45112.73516886795,3994.3731710025327,3156.906604562722,10760.007703246274,10461.442665663662,6497.470921644999,24801.0473373191
8.989495106413026,36.13925370457967,152.82874000214946,20174.457664871723,23356.623770644597,42679.29906744244,4547.561192829915,3099.87889494807,11863.009126349585,10078.6561600722,6541.168025582968,24284.469041432087
9.102009399491907,91.01577495694627,327.489817914012,45112.73516886795,42679.299067442436,107249.58083735274,8163.730065607816,6970.286642719362,26458.518190118735,20992.668721409296,14012.050645124871,54213.69226067962
5.610249334151006,30.649506428574362,34.6816982819769,3994.373171002533,4547.561192829915,8163.730065607817,1202.8201957220792,769.386715828199,2033.422163842428,2084.28038665937,1428.911113900966,5965.765972496781
8.01001003395719,9.666645865321309,27.553659184256304,3156.9066045627224,3099.8788949480695,6970.286642719361,769.386715828199,759.2041344421516,1926.5344016593597,2270.13529862923,1114.6316137975161,5116.767574506421
7.627572916822919,21.001630218611048,98.5551252741426,10760.007703246276,11863.009126349583,26458.51819011874,2033.422163842428,1926.5344016593597,9713.112717801943,6119.805355430005,3295.8172712138226,14882.56875337989
7.319542029050342,58.45717630035255,95.67214680231329,10461.442665663664,10078.656160072202,20992.668721409296,2084.28038665937,2270.13529862923,6119.805355430005,9153.159673763386,3404.9007561837016,16968.37184851363
7.35722872212258,39.12608515188657,46.44219753015107,6497.470921644998,6541.168025582966,14012.050645124873,1428.911113900966,1114.6316137975161,3295.8172712138226,3404.900756183702,2156.8777114295704,8239.471620012182
8.163564214386657,42.88245260829377,204.31057895395375,24801.047337319098,24284.469041432083,54213.69226067962,5965.765972496781,5116.767574506421,14882.568753379888,16968.37184851363,8239.471620012182,41742.81267249976
