v,mu,sd,comat,,,,,,,,
5.230204968157428,35.75826308849449,154.1979966580549,23777.022173357516,27014.06988499784,9378.96477926431,34286.22942775123,39390.422166916585,5767.342564740583,28860.340909709983,23422.64742290251,34602.53118895087
6.851211580577996,40.34240903551388,186.9238900840043,27014.069884997843,34940.54068413692,11481.414750622245,41938.141648383404,46829.525961887324,6931.553628820238,33864.40666268137,27887.662484389053,42360.434326542374
6.2115913374570235,15.15749192234675,63.22281149955195,9378.964779264308,11481.414750622243,3997.1238939078785,14366.983244821664,16274.222057660816,2415.2727864056446,11631.547841165431,9690.0722011737,14389.845146303138
8.142400025222924,88.47363875259047,232.45670491148195,34286.22942775123,41938.141648383404,14366.983244821668,54036.1196583038,58901.174711738015,8777.306742595063,43566.845749318876,35356.713015872585,53347.259257686805
9.950550300134584,89.7946204100902,260.7496467103063,39390.42216691658,46829.525961887324,16274.22205766082,58901.17471173801,67990.37825954956,9773.9575088408,48544.79440723187,39558.772384600976,59589.36355452225
5.652940246291533,8.241629819150385,39.49971361094438,5767.342564740583,6931.55362882024,2415.272786405645,8777.306742595063,9773.9575088408,1560.2273753466247,7020.2695883695305,5885.106067549111,8792.100523950072
5.867945816733246,92.6476889834197,190.6220838090378,28860.34090970998,33864.40666268138,11631.547841165431,43566.84574931887,48544.794407231864,7020.269588369531,36336.778835699835,29214.532150032013,43718.995872461615
6.291570288298399,62.50086165074143,155.58793829676847,23422.647422902508,27887.662484389053,9690.0722011737,35356.713015872585,39558.77238460098,5885.10606754911,29214.532150032013,24207.606543439033,35489.95014739307
7.091994833413091,64.88622102338135,233.04964241970112,34602.53118895087,42360.434326542374,14389.845146303138,53347.259257686805,59589.36355452225,8792.100523950074,43718.995872461615,35489.950147393065,54312.13583195056
