v,mu,sd,comat,,,,,,,,
9.722483014286535,38.9580069267405,110.05262525972464,12111.580326557381,12776.790856796546,30491.48987350057,13619.4968945365,32703.88515363457,12455.904959845335,16094.154923315196,9864.455699938468,1779.6930345398953
7.320490871522038,63.010077368793894,124.75837523240254,12776.790856796546,15564.652190628953,36073.12345211858,15309.036055648276,37584.78546382982,14173.384493986981,18197.927292212946,11311.579414779402,2006.5613278901635
5.963975144785788,72.08686940081687,293.18192409850104,30491.489873500574,36073.12345211858,85955.64061809925,36515.75541232904,88963.68194602455,33846.049567819966,42445.598091796164,26283.021259498317,4730.62508999755
7.90947438439996,29.778297613901238,126.57491119234606,13619.4968945365,15309.036055648276,36515.75541232903,16021.208143350292,38412.36159494549,14567.749259516859,18502.09123540294,11461.501018859755,2063.451937394981
8.100421050868135,70.54446850030011,307.00633887234886,32703.88515363457,37584.78546382983,88963.68194602453,38412.36159494549,94252.8921078035,35473.11149422622,45439.47826387714,28057.22592596505,4998.688265287497
8.42112008731587,69.0874122292677,116.87734974220245,12455.904959845335,14173.38449398698,33846.04956781996,14567.749259516859,35473.11149422622,13660.314882761111,17238.912685811123,10398.88232120742,1898.1995394591047
5.51718777509999,49.906342911437335,151.20509710029722,16094.154923315196,18197.927292212942,42445.59809179616,18502.09123540294,45439.47826387714,17238.912685811127,22862.981389110308,13943.719707191625,2441.8658313510414
8.727378831422168,69.82918988035185,95.26665231044535,9864.455699938468,11311.579414779404,26283.02125949831,11461.501018859757,28057.225925965045,10398.88232120742,13943.719707191623,9075.735042439283,1533.4840235582774
6.40989535037118,5.390496081569557,16.54194142130388,1779.6930345398953,2006.561327890164,4730.62508999755,2063.4519373949815,4998.688265287498,1898.1995394591052,2441.865831351041,1533.4840235582776,273.635825985849
