v,mu,sd,comat,,,,,,,,
7.753989512872877,23.656154786513003,41.83092268126532,1749.826092365997,12472.661891094935,17529.468338246596,3150.853276136815,10019.617924669094,9453.078952176998,3632.0038980307277,1157.2840363866628,13076.37646142253
8.540739113090524,73.93861427361799,306.0871428504167,12472.661891094935,93689.33901833139,126745.19190601021,22502.96614060824,73301.17062828528,68562.61556640785,26470.45356098808,8385.970384372724,96702.00309676571
6.454523694564722,97.34934454995775,428.71538326891346,17529.468338246596,126745.19190601021,183796.87985141136,32714.938820062987,102510.86950164725,99238.05151873476,38355.39238711064,11874.239830100321,135878.7231616636
7.5541380259883155,56.64146102660316,76.9850051731451,3150.8532761368156,22502.96614060824,32714.938820062987,5926.691021509179,18307.654391733828,17522.73312126624,6869.106636591187,2106.714816105302,24076.236472724348
9.464734771738273,51.442958238530714,242.3861213411433,10019.617924669095,73301.17062828527,102510.86950164725,18307.654391733828,58751.03181880345,55692.32801918468,21339.650746544285,6792.905412767653,77047.51000226887
9.48146544466719,79.82372895283025,234.71184902132825,9453.078952176998,68562.61556640787,99238.05151873476,17522.733121266236,55692.32801918467,55089.652071010794,20592.06049519251,6531.1766467075,73604.75662907372
5.627926552319181,48.251539340684204,90.324134861137,3632.0038980307277,26470.45356098808,38355.392387110645,6869.1066365911865,21339.65074654429,20592.06049519251,8158.449338412864,2473.0187992865363,28384.510789632095
6.036214390690934,21.83527117617324,28.265642305731447,1157.2840363866628,8385.970384372724,11874.239830100323,2106.714816105302,6792.905412767654,6531.1766467075,2473.0187992865363,798.9465349555553,8904.249031978818
5.25733601650415,89.77735282077379,319.6708008325984,13076.376461422531,96702.00309676571,135878.72316166363,24076.236472724344,77047.51000226887,73604.75662907372,28384.51078963209,8904.249031978818,102189.4209049548
