v,mu,sd,comat,,,,,,,,
5.243624404045637,46.68520897533764,175.633823924761,30847.24010643395,16173.123715422278,7186.971845213583,19902.58777178043,17437.888550553496,41373.88799157462,55114.52522380414,39604.74976866622,12630.83994794136
6.445548298949085,79.02842977883112,93.95820571549066,16173.12371542228,8828.144421274465,3806.102442887605,10729.524455721757,9425.842389143058,21783.297346133964,29178.44881789066,21249.079494055455,6755.669902629954
8.60483173415615,12.083314111191934,41.31742031918515,7186.971845213582,3806.102442887605,1707.129221832214,4713.2389143382115,4109.531996586119,9590.222791003955,13019.558715708117,9224.49960901683,2997.1255619976077
5.108081249579749,72.67325025395631,116.50235613877172,19902.58777178043,10729.524455721757,4713.238914338211,13572.798985885198,11568.606526750453,27595.81414668294,36352.800984988644,25983.343326319988,8614.089953350775
6.0296138263371954,63.40253957757468,101.65988252958624,17437.8885505535,9425.842389143058,4109.531996586119,11568.606526750453,10334.731715929274,23669.115027334028,31494.44442526217,22992.19319895872,7494.959693884409
5.253866283476884,48.86456082874927,240.46509929843364,41373.88799157463,21783.29734613396,9590.222791003955,27595.814146682944,23669.115027334028,57823.46398060554,74361.0502212437,53685.27458362837,17654.4779045682
6.511359469823084,85.13431999164665,320.75709835142646,55114.52522380414,29178.448817890658,13019.558715708119,36352.800984988644,31494.444425262172,74361.05022124368,102885.1161428267,70215.1477172821,23147.296145734184
8.3195514731235,48.96589814362968,228.52847304523775,39604.749768666225,21249.079494055455,9224.49960901683,25983.343326319984,22992.193198958725,53685.27458362837,70215.1477172821,52225.262992387965,16541.65363295911
6.540571966184395,74.59391129428623,75.22064960338263,12630.839947941362,6755.669902629953,2997.125561997608,8614.089953350775,7494.959693884408,17654.477904568204,23147.29614573418,16541.65363295911,5658.146126754867
