v,mu,sd,comat,,,,,,,,
8.919161754028753,34.498014350293346,45.368946358344225,2058.3412936663162,12425.402900642732,465.72598151392606,4677.943704709928,2327.725566068094,5341.937449151059,6791.482382428924,1472.3608064645196,1000.5336235831957
8.17416853026365,72.90943262468842,283.9090883665826,12425.402900642728,80604.370457144,2820.99998730637,30178.4421199387,14512.351621656448,33759.407481700124,43175.88625451426,8891.402440108477,6422.961838764016
6.245215457578745,7.203117264087684,10.745324269199685,465.7259815139261,2820.9999873063693,115.46199365025176,1071.7817294748102,546.7366807617667,1270.1555667191342,1586.6825218348856,340.6746182623329,234.13012177935613
8.790379323249088,47.63957034521571,108.40716994080793,4677.943704709927,30178.442119938703,1071.7817294748102,11752.11449457521,5400.876246082026,12887.332719143564,16734.853617136036,3425.638950102368,2397.538128343335
6.565384678158399,51.210495047543404,52.769602404294,2327.7255660680935,14512.351621656446,546.7366807617667,5400.876246082026,2784.630937907272,6179.861132418721,7880.415417935101,1683.2446669879378,1188.2174396720468
9.686186787441986,44.816607067119314,121.9151715469109,5341.937449151058,33759.407481700124,1270.1555667191342,12887.332719143562,6179.86113241872,14863.309053312712,18527.5662620331,3880.2712151139785,2713.7663246360635
5.214327241761319,79.820724469771,156.401328958519,6791.482382428922,43175.88625451426,1586.6825218348852,16734.853617136032,7880.415417935101,18527.566262033095,24461.375699990876,5008.985524200835,3473.660558970078
7.204336017149022,24.66003781844132,32.89809920824531,1472.3608064645198,8891.402440108477,340.6746182623329,3425.6389501023687,1683.244666987938,3880.271215113978,5008.985524200836,1082.2849315155506,716.8947048235932
9.563611449675989,6.2474968420736445,22.856680468224912,1000.5336235831958,6422.961838764017,234.1301217793561,2397.5381283433353,1188.217439672047,2713.766324636063,3473.660558970079,716.8947048235933,522.4278420265342
