v,mu,sd,comat,,,,,,,,
8.361392793153959,66.5750879377211,271.6363798128675,73786.32283784043,66505.62924148371,38102.783926480544,10476.814642763486,15529.01460157841,61624.93123250987,27937.739286446817,12551.034359552807,69957.88975397185
7.440391996202918,80.08151685914034,248.76084800995903,66505.62924148372,61881.95950263394,35077.641649577396,9653.81906592941,14381.48621528076,57478.14607692389,26115.885521667016,11737.207008557836,63878.947825194904
9.127475870179481,29.347799864086312,146.19487709545135,38102.783926480544,35077.64164957739,21372.94208895413,5685.681667240795,8666.90049344822,33546.39579315456,14950.39178906193,6715.871589765077,38225.29404203113
5.157231938131491,15.1292201387741,40.240172269748584,10476.814642763486,9653.819065929409,5685.681667240795,1619.271464299043,2330.8071052211044,9003.603985522474,4223.295161579732,1881.543159510467,10427.14383430009
9.04024981682424,19.688912649167438,59.624289873609115,15529.01460157841,14381.48621528076,8666.90049344822,2330.8071052211044,3555.055942932166,13605.593392433108,6132.571753720985,2760.6273036707607,15550.871802994245
7.828087098052653,81.65327831470806,236.71695699964533,61624.931232509865,57478.14607692389,33546.39579315456,9003.603985522475,13605.593392433106,56034.91773117193,23822.375130103166,11073.049097220046,60923.31087669322
6.48811249351972,46.243471020916274,107.59995276880579,27937.739286446817,26115.885521667013,14950.391789061932,4223.295161579732,6132.571753720984,23822.37513010316,11577.749835849236,4980.774509790452,27098.806227857753
5.233478602534766,12.291096471968565,47.897195225629986,12551.034359552807,11737.207008557834,6715.871589765077,1881.5431595104667,2760.6273036707603,11073.049097220046,4980.774509790453,2294.141310482112,12300.557973776085
9.95313699735398,76.37860258795838,264.2820053416018,69957.88975397187,63878.94782519489,38225.29404203112,10427.14383430009,15550.871802994248,60923.31087669322,27098.806227857756,12300.557973776085,69844.97834737843
