v,mu,sd,comat,,,,,,,,
7.4984716023441695,32.16817652217789,68.11229852374802,4639.285210188166,27144.206079912336,7188.696177503939,4762.880834876105,4475.319152300505,9124.56828860847,12752.743560303528,8107.827212230839,17675.708624616243
6.279685671558351,90.92854984687223,420.3378418683309,27144.206079912336,176683.90130652592,44463.76800515676,30021.20823039506,27618.37489056613,56982.29724554988,79434.84874619574,50367.131631730175,112128.81047460035
6.290503154942872,44.83039903485971,110.62095516645658,7188.69617750394,44463.768005156766,12236.9957219392,7894.882254273412,7348.956697402917,14574.805337968197,21222.46193320529,13122.777398011272,29047.544511453565
5.484608547195821,26.260901051787013,73.31616516147797,4762.880834876105,30021.20823039506,7894.8822542734115,5375.260073985116,4859.947332923738,10058.203728312299,13782.517333588388,9044.712931301121,19929.128805289874
7.820925572809623,45.99625087898684,68.56044694052707,4475.319152300505,27618.374890566138,7348.956697402917,4859.947332923738,4700.534884684828,9295.277834120163,12935.13222671138,8269.878294077414,18089.931255802265
5.0799503673027715,33.05077295535088,139.46469676744556,9124.568288608469,56982.29724554988,14574.805337968199,10058.203728312299,9295.277834120161,19450.40164443554,25980.145702544658,17223.24550423535,37224.72285955084
5.762976144419594,99.13109503420955,194.362769783803,12752.743560303528,79434.84874619573,21222.461933205286,13782.517333588388,12935.13222671138,25980.145702544658,37776.88627803162,23227.77547408284,50805.3438643656
7.401238652809499,35.384602203306265,124.71717688263092,8107.827212230839,50367.13163173017,13122.77739801127,9044.712931301121,8269.878294077413,17223.24550423535,23227.77547408284,15554.374209573445,33544.41811677712
5.499363798862599,61.37063376893671,274.5310453046195,17675.708624616243,112128.81047460034,29047.54451145356,19929.128805289874,18089.93125580226,37224.72285955085,50805.343864365605,33544.418116777124,75367.29483604705
