v,mu,sd,comat,,,,,,,,
5.487668008747258,12.79719794684202,54.81474331354527,3004.656084529857,10272.157608956364,17848.05277381493,18812.74710180465,11336.35557791798,6095.819203334813,9926.003851955844,17525.88356715772,1026.168391490199
8.80624858337428,82.58244118787815,192.61386523804902,10272.15760895636,37100.101081941306,62274.457659414045,65891.7293304006,40377.62732153237,21441.92730169214,35314.223150465936,63091.11498816671,3622.837672817508
6.234689865831635,69.1850174632054,341.3411042055776,17848.052773814925,62274.45765941404,116513.749420283,116561.38652865228,69955.40998942737,37953.08661691695,60626.169989226226,109986.24292984606,6351.6815355267845
5.690658437381598,96.12393345660858,353.71450696111185,18812.747101804645,65891.7293304006,116561.38652865228,125113.95243474244,73472.7967830999,38959.174354679395,65930.79333720497,114498.85382487369,6628.477234854586
6.657232816354657,89.83135650220652,214.7176852948289,11336.355577917979,40377.62732153237,69955.40998942738,73472.7967830999,46103.68437836918,24130.28021883232,39340.582189389745,69500.8972479912,4111.458264928185
5.414997825034464,65.00822665793427,114.02266008303644,6095.819203334813,21441.927301692136,37953.08661691695,38959.174354679395,24130.280218832322,13001.167012411672,20509.772940715597,37317.01341699558,2197.0453552002023
8.359885406402334,38.08703333132436,188.11598198583923,9926.003851955844,35314.223150465936,60626.16998922623,65930.79333720497,39340.58218938975,20509.772940715593,35387.62267849659,60587.379099300604,3480.2293701099084
9.032968990808287,76.40496771366695,331.00467058721927,17525.883567157718,63091.11498816671,109986.24292984606,114498.85382487369,69500.89724799119,37317.01341699558,60587.379099300604,109564.09195055351,6307.239342211412
9.91370957272107,18.492903481121207,19.600938907564224,1026.1683914901987,3622.837672817508,6351.6815355267845,6628.477234854586,4111.458264928185,2197.045355200202,3480.2293701099084,6307.239342211412,384.1968060580649
