v,mu,sd,comat,,,,,,,,
7.717024708954828,67.47435652525346,277.53261253734496,77024.35102180406,71826.64147925327,35451.44853107707,80630.77038091492,127547.99776001666,6078.089146676533,25455.68600802078,46179.14698507658,34052.99615165388
6.391846925468981,79.06184786802122,272.07653426246696,71826.64147925327,74025.64049627534,33226.052800903446,80277.99404591591,126899.79317689282,5953.446835372032,25077.69963861815,45814.253546026564,32649.127739955686
7.122587953745665,34.35503310981821,130.23785650775238,35451.44853107706,33226.052800903446,16961.899267733897,38117.8738957528,59821.35026825481,2834.7678687535495,11802.133741276519,22141.81854347883,15812.400170560568
9.22388066159952,86.66373809426119,303.435315559682,80630.77038091494,80277.99404591591,38117.8738957528,92072.9907288038,143450.2923322298,6630.663904862538,27745.81205345949,52203.88781626182,37492.69747605287
5.023594280954863,98.32874381290722,482.40086710336084,127547.99776001667,126899.79317689281,59821.350268254806,143450.29233222976,232710.59658207445,10556.326746620443,44185.63547195263,83103.31812885427,59777.598075587055
5.607845603915571,20.83594246389152,22.767695736228493,6078.089146676533,5953.446835372032,2834.76786875355,6630.663904862538,10556.326746620442,518.3679691374772,2157.1145833766177,3934.9331441191607,2741.888147401101
8.353745423633892,20.27073210817276,95.15055909847271,25455.686008020777,25077.69963861815,11802.13374127652,27745.81205345949,44185.635471952635,2157.1145833766172,9053.62889675195,16354.427479584536,11498.482189406603
9.129263775525239,95.58723573855572,176.25461112170711,46179.146985076586,45814.25354602657,22141.818543478825,52203.887816261806,83103.31812885427,3934.9331441191607,16354.427479584536,31065.6879416642,21341.99030563451
5.683532948424765,39.249898827387774,125.50159257601106,34052.99615165388,32649.12773995569,15812.400170560568,37492.69747605287,59777.59807558705,2741.888147401101,11498.482189406603,21341.99030563451,15750.649739115075
