v,mu,sd,comat,,,,,,,,
8.596928931219793,5.996747533666587,10.879717444007204,118.36825166143464,202.51525181799056,1797.3555852456207,512.6797924022013,788.3516286896922,3709.2997442985793,582.1396396769076,2707.878201971023,1009.8493586559327
8.036105878109947,15.65386516215782,19.40646028614084,202.5152518179906,376.61070083756164,3108.0144723395597,904.635081770946,1461.1511617733565,6618.245961489767,1023.9106502189354,4850.509765987221,1817.4269359852765
8.449308072893817,71.19800646202205,170.2865218023805,1797.35558524562,3108.014472339559,28997.499507552613,7947.639484081013,12313.190758232755,57168.09685125922,9075.512478237157,41575.575825168075,15388.173629511839
7.117164894502675,12.927664062014246,48.109424725403045,512.6797924022012,904.635081770946,7947.639484081012,2314.5167474092223,3564.478452915591,16375.468762975876,2625.127664618654,12119.12981663301,4409.245211658438
7.253830552951318,53.855224404469396,76.54840605129672,788.3516286896921,1461.1511617733565,12313.190758232755,3564.4784529155913,5859.6584689942,25844.016744221863,4174.19883673224,19022.542165921193,7076.374427401672
6.962359849948458,75.1675754935516,345.77230332172576,3709.299744298579,6618.245961489765,57168.09685125924,16375.468762975877,25844.016744221855,119558.48574441152,18720.402386606063,87754.3317981389,32401.217419612316
7.559535740656448,12.573825242227947,56.03346222124899,582.1396396769076,1023.9106502189352,9075.512478237159,2625.127664618654,4174.19883673224,18720.40238660606,3139.7488885001376,13924.38093420183,5042.997665559175
5.563759794973942,56.09660791419844,256.68525913753496,2707.8782019710234,4850.509765987222,41575.575825168075,12119.12981663301,19022.542165921193,87754.33179813891,13924.380934201832,65887.32225850345,23702.47408043117
9.871485064304746,37.47906849052479,94.65461921988371,1009.8493586559327,1817.4269359852763,15388.17362951184,4409.245211658439,7076.37442740167,32401.21741961232,5042.997665559175,23702.47408043117,8959.496939661181
