v,mu,sd,comat,,,,,,,,
5.7714378906563795,57.084760817841946,57.20197933700029,3272.0664400706073,9982.166116998746,3333.2636845912252,3175.17711628152,11327.03136327928,1549.7499730083973,9148.306523889418,9686.960295134206,12318.51817681722
5.66849780350033,58.09941060702606,186.84983047482012,9982.166116998746,34912.859148469026,10873.235207787367,10840.417138295672,37296.53963964994,5072.443763636289,28561.131938643262,30016.048621182734,40321.17321600097
6.813427330884438,33.41038949305681,62.28422652853465,3333.2636845912257,10873.23520778737,3879.3248742578194,3677.426076458313,12521.715251712958,1644.1796202242494,9447.86291585455,10381.53171340033,13302.94019513065
8.395544377228157,16.93347049189888,60.760876522112916,3175.1771162815203,10840.417138295672,3677.4260764583128,3691.8841157354527,12185.283865292005,1609.442725050686,9250.611800099876,9798.489220262283,12886.18057960454
5.972250286669338,49.55733101281254,207.7361758438541,11327.03136327928,37296.53963964995,12521.715251712958,12185.283865292005,43154.318754228676,5526.706725588458,32180.996587671536,34733.85525355307,44582.40094883197
6.256051917434968,6.2268576535104145,27.878200637196528,1549.7499730083973,5072.443763636289,1644.1796202242494,1609.4427250506862,5526.7067255884585,777.1940707677849,4441.349935331131,4606.185412330986,6174.505482151158
8.792081957678032,40.325746308381014,161.71326772840817,9148.30652388942,28561.131938643262,9447.86291585455,9250.611800099876,32180.996587671536,4441.349935331131,26151.18095939982,27077.93324523526,35337.250302598106
7.788092947811764,87.40589457932388,171.46020590080468,9686.960295134206,30016.048621182734,10381.531713400329,9798.48922026228,34733.85525355307,4606.185412330986,27077.93324523526,29398.60220754633,36978.971959360475
7.57401458947168,52.032387180852425,222.54071822471067,12318.518176817222,40321.17321600097,13302.94019513065,12886.18057960454,44582.40094883197,6174.505482151157,35337.250302598106,36978.971959360475,49524.37126797007
