v,mu,sd,comat,,,,,,,,
6.376128349006688,63.60058442371565,268.9798917885512,72350.1821865807,63564.62408420905,19512.39362990041,14888.624878306777,44704.79575060627,14727.953686386973,52075.93043944996,90344.75197674522,14923.521625851545
8.196153804626348,76.73321981447042,250.66905207425242,63564.624084209056,62834.97366780427,17790.694860881744,13519.127921754298,41536.55324907077,13830.712529527282,45566.236618927636,87334.06730034175,13920.992548233124
8.119496061676898,46.31188204552542,75.43412995295881,19512.39362990041,17790.69486088174,5690.307961759877,4214.184640056129,12590.289582028463,4073.813459498878,14261.554633310649,25449.61225469392,4060.1586180900003
8.89021153657708,39.28036850468706,57.50219008114178,14888.624878306775,13519.127921754298,4214.184640056129,3306.50186412776,9518.889211023086,3082.399774795799,11014.39214951183,19264.784460381445,3120.738839204958
7.3905676475025,77.95271269792585,170.89216858149996,44704.79575060627,41536.55324907077,12590.289582028465,9518.889211023086,29204.1332824878,9445.699912694156,32363.360889326716,57705.67266124608,9454.833298256264
9.795669427444036,32.94694591791803,57.35694839945175,14727.953686386973,13830.71252952728,4073.8134594988774,3082.3997747957987,9445.699912694154,3289.81952969737,10678.358068084985,19649.894970373323,3238.795850746584
9.987171033547423,42.04579519448396,195.00538985244498,52075.93043944994,45566.236618927636,14261.554633310647,11014.392149511828,32363.36088932671,10678.358068084985,38027.10207150405,65429.298507173284,10810.27840871266
9.162566382318673,82.88862516506667,354.5159707374254,90344.7519767452,87334.06730034173,25449.61225469391,19264.784460381445,57705.67266124606,19649.894970373323,65429.298507173284,125681.57350789905,19841.157517772186
6.019225259923972,13.559669857765636,57.30885965153222,14923.521625851543,13920.992548233122,4060.15861809,3120.738839204957,9454.833298256262,3238.795850746584,10810.27840871266,19841.157517772186,3284.3053945590173
