v,mu,sd,comat,,,,,,,,
8.10186907276628,59.762774905618926,118.02495316337726,13929.8895692174,24860.445311577943,18037.804211302795,7281.296135814579,15319.804026899248,13061.421768772148,9257.05094991724,23371.58676117291,7597.824571175616
7.544765343227035,77.55598417374557,213.53863073014887,24860.44531157794,45598.746814106875,32944.69675520184,12890.039181110076,27765.825388085286,23849.020840399473,16677.169712006358,41959.105431762706,13628.185378744061
6.491224208793644,63.910855670768036,158.61377362069902,18037.80421130279,32944.69675520184,25158.32918219836,9373.527980907922,20375.25109308092,17533.77111816387,12516.570402423149,30714.515629763042,10123.897857236618
8.26899356196298,35.100915936194596,62.705388551711586,7281.2961358145785,12890.039181110076,9373.527980907922,3931.965753421122,7960.095580858626,7001.845232325059,4806.472448940023,11896.498818298945,3889.0861495336653
6.367532671761333,31.891964699011233,132.03527781472147,15319.80402689925,27765.82538808529,20375.251093080915,7960.095580858626,17433.314587610676,14778.327054715664,10276.637490884734,26151.57997973904,8647.565026245069
7.615630391750171,44.68023407272729,116.10574718875301,13061.421768772147,23849.020840399473,17533.771118163862,7001.845232325059,14778.327054715666,13480.544530258627,8930.948195111388,21407.332138941918,7416.441917340495
6.866248710496384,28.753590399588166,80.08904190481928,9257.05094991724,16677.169712006358,12516.570402423149,4806.472448940023,10276.637490884734,8930.948195111388,6414.2546332319,15586.88185027841,5209.330940828374
6.846392967866183,59.07722232758431,201.7195782977226,23371.58676117291,41959.10543176271,30714.515629763042,11896.498818298947,26151.579979739043,21407.332138941918,15586.881850278409,40690.78826861104,13025.412841689842
8.67346800704752,16.63324359800793,67.18999214374229,7597.824571175616,13628.185378744061,10123.897857236618,3889.0861495336662,8647.565026245067,7416.441917340496,5209.330940828375,13025.41284168984,4514.49504427615
