v,mu,sd,comat,,,,,,,,
9.318799927850414,66.82928123777162,333.9086000325372,111494.95317568892,97684.11791397577,62323.194362673785,74693.61996584416,77323.14957375341,30173.18224271129,21017.765794047707,21903.051839409476,129309.84825476707
6.424529826138134,74.68386224218781,300.25008237675854,97684.11791397577,90150.11196725031,55317.348612436144,68252.82888479573,67921.6641872194,26697.65812097696,18736.029755045438,19684.59539212528,120073.41138328811
5.366281940418681,57.589473978190426,190.91551205616622,62323.19436267378,55317.348612436144,36448.73274366815,42921.06052837183,43503.01949440779,17071.383869192898,11635.811942365743,12420.091823462699,75169.27605162798
8.816186021651426,76.93672601465727,231.16903932881087,74693.61996584416,68252.82888479573,42921.06052837183,53439.124744205306,53078.055056868136,20425.99117465373,14317.518276200448,14862.30686210548,92616.7035807611
7.263595287997057,50.31950478207126,235.51553248719375,77323.1495737534,67921.66418721939,43503.01949440778,53078.05505686813,55467.56604272642,20953.571010570828,14528.372804226481,15086.133409752607,91082.40823123752
7.711484370043872,50.683695974616,92.65864287133166,30173.182242711282,26697.658120976957,17071.383869192894,20425.991174653722,20953.571010570828,8585.624098756982,5768.4527427683715,6134.849810935595,36329.61946677727
8.633178914137536,40.79512669646571,63.70208879640281,21017.765794047707,18736.029755045438,11635.811942365744,14317.518276200448,14528.37280422648,5768.452742768372,4057.9561170247885,4192.6545491186525,25051.32654319123
9.244525538074111,59.878837537426016,67.21076614968581,21903.051839409476,19684.595392125284,12420.091823462697,14862.30686210548,15086.133409752605,6134.849810935595,4192.6545491186525,4517.287086427751,26732.911654748696
8.84099988904491,87.86935945006813,409.08876261746974,129309.84825476704,120073.4113832881,75169.276051628,92616.7035807611,91082.40823123754,36329.61946677727,25051.326543191233,26732.911654748696,167353.61569989254
