v,mu,sd,comat,,,,,,,,
6.296857349742217,8.355324745037244,14.986035403742605,224.58125712222676,1575.2342481025373,5352.774590894646,2993.7245097895952,1316.1614847650935,5672.484592222224,1125.9814809821726,235.36022192373738,452.45562270077716
5.2168052558095015,29.97482091631401,107.75863730350949,1575.234248102537,11611.923913509305,39868.87659840462,21705.245062257953,9552.976969489227,41009.870685939546,8053.712352624063,1732.4938559088455,3270.998429886103
7.910151710633022,97.88860618911706,378.4277245480282,5352.774590894645,39868.87659840462,143207.5427065983,76286.18632950514,33954.1834058017,142764.71013430165,28248.884602352635,6089.748943088972,11464.09550778058
5.562560839055607,70.57758755632304,205.3826041125867,2993.7245097895952,21705.24506225795,76286.18632950514,42182.01407206751,18157.337388421154,77424.19242401232,15448.48620544973,3241.2314341544266,6226.508011090853
8.053883912485752,65.65300998652977,94.42168245915049,1316.1614847650935,9552.97696948923,33954.1834058017,18157.33738842115,8915.454118416646,35796.33330664918,7105.300969484248,1507.7750378207104,2834.8535467173288
6.481939791478635,81.0852631026122,401.5679384708799,5672.484592222223,41009.87068593955,142764.71013430165,77424.19242401235,35796.33330664918,161256.80920775238,29553.658519574947,6300.592239048254,12112.846559295658
9.036260967055947,17.162447782781445,77.97242347243191,1125.9814809821728,8053.712352624063,28248.884602352635,15448.486205449728,7105.300969484248,29553.658519574943,6079.6988221642505,1205.9876564708213,2340.9249503637293
5.474188674581098,15.197799845966712,16.570519668340886,235.36022192373738,1732.4938559088457,6089.748943088973,3241.231434154426,1507.7750378207106,6300.592239048253,1205.9876564708213,274.5821220788722,502.7501500521457
8.500501868977846,15.583957668526219,30.877420058955444,452.45562270077727,3270.9984298861036,11464.09550778058,6226.508011090853,2834.8535467173288,12112.846559295656,2340.9249503637293,502.7501500521457,953.415069497184
