v,mu,sd,comat,,,,,,,,
9.800086516679592,17.931661599607715,73.10111643355916,5343.773223832773,11093.665562358268,24124.176574506357,9466.561310439069,4108.881870966936,2448.5255083918487,10773.755931010814,4019.835328929107,9905.090423625297
8.497560249747881,50.08550399562332,154.0856827456199,11093.66556235827,23742.39762718383,50748.31264314545,20280.907314227545,8760.438231561977,5099.666503985693,22862.996233494483,8336.680398593122,20676.83203281796
9.999336463119395,94.69833935093496,338.4614717628403,24124.176574506357,50748.31264314546,114556.16786786793,43610.80565518872,18874.190462587525,11034.349137800065,49254.064204963,18154.03797980912,45338.807834971594
6.100336498914259,46.633785410007,133.14649113914777,9466.561310439069,20280.90731422755,43610.80565518872,17727.98810266716,7440.2902485069235,4385.171687996518,19415.175768104044,7009.1191258717445,17545.6242500026
6.80528176982029,28.63898811374895,58.05230223994076,4108.881870966937,8760.438231561975,18874.19046258752,7440.290248506924,3370.0697953574313,1855.8487172805444,8790.63892240515,3129.396934981899,7761.876262449838
8.699204951047186,7.1844361477450125,33.97965539381907,2448.5255083918487,5099.6665039856925,11034.349137800065,4385.171687996518,1855.8487172805446,1154.6169806826979,4872.200985328403,1838.540515542569,4462.86832937401
9.982278625445485,42.26460560178372,151.86304617759296,10773.755931010814,22862.996233494483,49254.06420496299,19415.175768104044,8790.63892240515,4872.200985328402,23062.38479433773,8248.097126023404,20340.066582234565
6.581734888953042,38.8902549471836,56.07047592100595,4019.8353289291076,8336.680398593122,18154.03797980912,7009.1191258717445,3129.396934981899,1838.5405155425685,8248.097126023404,3143.8982700081083,7572.5865831893625
5.682722899117623,47.61302906096422,136.9205660723303,9905.090423625297,20676.83203281796,45338.80783497159,17545.6242500026,7761.876262449838,4462.86832937401,20340.06658223457,7572.5865831893625,18747.24141356737
