v,mu,sd,comat,,,,,,,,
6.481245808362168,62.54945446296852,235.4011560449341,55413.70426729142,43253.105106087365,32515.59177223688,25292.698887609928,64700.434959685495,28234.077905732694,17857.52640530097,88999.403005903,33804.63031492828
9.045338578366634,56.33338524428823,187.99812603031776,43253.10510608736,35343.29539091125,25370.814775001036,19715.19590000825,51564.152880907684,22269.098104142133,13779.410018091521,70545.85152525855,26566.04091354053
6.751262626117057,62.39574274574422,138.971026038789,32515.591772236883,25370.81477500104,19312.946078273773,14736.085055591384,37941.46127250397,16687.793698910435,10542.791393274423,52323.911766996716,19748.501463439818
8.947046282154464,86.65377265854276,109.92746845252421,25292.698887609928,19715.195900008253,14736.085055591382,12084.048320380705,29030.399805114026,12740.082827830392,8039.506339411786,39535.142929546506,15307.936303444809
7.806744878852863,85.3393195751771,278.47384250370067,64700.434959685495,51564.15288090768,37941.46127250396,29030.399805114022,77547.68095877589,33250.42590909948,20805.149622007597,105590.07294093301,39698.07053385723
6.267944771100666,26.679975638411843,121.71622539528353,28234.07790573269,22269.098104142133,16687.79369891043,12740.08282783039,33250.42590909948,14814.839524475463,9105.283030199973,46347.126302771874,17320.489066339156
5.524885418425545,59.96424395980523,76.2222456221868,17857.52640530097,13779.41001809152,10542.791393274421,8039.506339411785,20805.149622007597,9105.283030199973,5809.8307276889755,28728.49771587777,10879.951737527384
5.292303645984399,83.64444357221532,383.79165566925474,88999.403005903,70545.85152525855,52323.91176699671,39535.1429295465,105590.07294093298,46347.126302771874,28728.497715877773,147296.03496134776,54831.732447258444
8.36646190384922,44.91593483986933,144.10627734165382,33804.63031492828,26566.04091354053,19748.501463439818,15307.936303444809,39698.07053385723,17320.489066339156,10879.951737527386,54831.73244725845,20766.61916926965
