v,mu,sd,comat,,,,,,,,
5.770814211898362,66.07798410140533,167.89543008577823,28188.875443688445,35031.65071751833,22669.678012836568,7991.549846199347,26354.345506731024,10165.99807028861,31319.593724619852,10405.666076665668,33130.35050341897
8.700248482577024,61.5954799572561,212.08729493754595,35031.650717518336,44981.020673925595,28383.1510173143,10188.263119970405,33738.70294916386,12983.948483438884,40037.32125543212,13200.245496177398,41863.077228236994
6.316575075925673,61.963822897747086,139.3650639945305,22669.678012836575,28383.1510173143,19422.621062199578,6605.2946448931525,21982.081143987103,8637.493568232643,26941.200129708606,8848.198533905083,26868.416462651643
7.668696966901489,11.637999102493364,48.91377629903744,7991.549846199347,10188.263119970406,6605.2946448931525,2392.5575118322768,7878.190707579765,3004.4805939777953,9269.306644055332,3060.117360331255,9788.207981107169
5.072874812427099,91.58623476266531,162.90429987396365,26354.345506731028,33738.70294916387,21982.08114398711,7878.190707579765,26537.810917426275,9983.401879374798,30807.173245595768,10199.737833954696,32464.823887987328
9.593735040499425,25.00772569102397,62.7634678905459,10165.99807028861,12983.948483438882,8637.493568232643,3004.4805939777953,9983.401879374798,3939.252901647586,12049.823797557085,3984.7721196524367,12197.781948764907
9.503574270585062,43.27048496640398,196.47875744460552,31319.593724619855,40037.321255432114,26941.200129708603,9269.306644055332,30807.173245595768,12049.823797557083,38603.90212697613,12366.570205774702,37438.144888560615
5.167107138131723,24.204662620156892,64.77311274850659,10405.66607666567,13200.245496177395,8848.198533905083,3060.117360331254,10199.737833954692,3984.7721196524362,12366.5702057747,4195.556135130747,12658.533675785931
9.784746681375584,66.55612146722983,202.76800352309016,33130.35050341897,41863.077228236994,26868.416462651643,9788.207981107169,32464.823887987328,12197.781948764909,37438.144888560615,12658.533675785933,41114.86325273992
