v,mu,sd,comat,,,,,,,,
7.940654005386371,45.154304962770794,194.24745342116304,37732.07316060691,18998.903969053667,22265.73602663944,40462.434788052386,20399.289891184613,30900.605888060756,16626.53194935732,25966.278042844235,13763.09510938179
9.48856863954709,41.61343336411128,100.59564171615638,18998.90396905367,10119.4831322853,11665.264623227613,20979.21606764103,10564.589210423113,16384.000356485747,8883.96227510951,13719.913686763406,7225.483224624086
9.45765364737354,45.667459633491525,117.8339525583321,22265.736026639443,11665.264623227613,13884.84037551926,24445.397772050186,12429.035905903007,19150.56643286027,10430.233536799176,16331.921961726,8632.832741698016
9.07918738653842,85.23982284401114,212.69852391570936,40462.434788052386,20979.21606764103,24445.39777205019,45240.66207592159,22344.845229779774,34576.725483030954,18434.627675392905,29230.09775587127,15087.994389681446
5.179447928084267,40.300192737661874,107.35051823997145,20399.28989118461,10564.589210423112,12429.035905903003,22344.845229779774,11524.133766390441,17449.406726990896,9388.187796071476,14853.125228784129,7747.936154965601
8.45878790879442,45.33172525450617,165.51607338530093,30900.60588806076,16384.000356485747,19150.56643286027,34576.72548303096,17449.4067269909,27395.57054888832,14453.827685422119,22638.831979091887,11964.222434683816
6.89340471002704,23.02871293355067,89.57972676189954,16626.531949357322,8883.96227510951,10430.233536799178,18434.627675392905,9388.187796071477,14453.827685422119,8024.5274467365825,12438.810985177974,6445.047303545247
7.592554727240403,29.09779242571571,141.1445614512736,25966.278042844227,13719.913686763402,16331.921961725997,29230.097755871266,14853.12522878413,22638.83197909188,12438.810985177974,19921.787227272354,10117.891943131017
8.289757327794065,17.60281835283707,74.41040119856851,13763.09510938179,7225.483224624085,8632.832741698016,15087.994389681448,7747.936154965601,11964.222434683816,6445.047303545245,10117.891943131019,5536.907806531926
