v,mu,sd,comat,,,,,,,,
7.586489419232946,46.13668086430734,164.8851543262266,27187.114117183562,18508.343292570094,5315.434002552942,8400.456478994667,17108.583818224226,38081.78003829309,66187.04900672387,28823.824888352912,9866.498764507105
9.734813019074071,58.99322867139762,115.669652034032,18508.343292570098,13379.468401674045,3795.030643932643,5968.287302946465,11619.071337303543,26649.44524159419,46189.77963907369,20368.978001995656,7006.805960579084
8.827298796984534,33.09214629505354,33.7572883392683,5315.434002552942,3795.030643932643,1139.5545160204995,1775.1778797076,3381.8659512156273,7839.715187856105,13778.532895451837,6124.509609471893,2059.1483941607003
6.411979219835564,17.24488711479674,53.745761437143265,8400.456478994667,5968.287302946466,1775.1778797075997,2888.6068724583165,5412.191454138693,12711.850377837412,21757.754046270842,9858.621008981441,3281.6981136086374
6.105226816308263,66.51202387756365,105.18529503039198,17108.583818224226,11619.071337303543,3381.865951215628,5412.191454138692,11063.946290630603,24178.870797766984,42517.88304935709,18660.06588250737,6371.706053565426
8.431110426187335,70.68197974378027,241.892167065045,38081.78003829309,26649.445241594192,7839.715187856104,12711.85037783741,24178.870797766987,58511.82048742364,95345.50398454373,43053.25666047513,14468.306844789407
5.8356960155002815,96.53675410593124,422.00252427256146,66187.04900672387,46189.779639073684,13778.532895451837,21757.75404627084,42517.88304935709,95345.50398454373,178086.1304924138,76557.8475469138,26385.334939586646
6.962212332325153,54.23987228054958,185.16954493600835,28823.824888352912,20368.978001995656,6124.509609471893,9858.621008981441,18660.065882507373,43053.25666047513,76557.84754691382,34287.76037180842,11467.572618836817
8.090261736264047,13.122097457529296,63.22512256425526,9866.498764507105,7006.805960579083,2059.1483941607007,3281.698113608638,6371.706053565426,14468.30684478941,26385.33493958665,11467.572618836817,3997.4161232650995
