v,mu,sd,comat,,,,,,,,
7.290274741120452,32.28002512482254,80.12419199837606,6419.88614339263,10364.24823477139,1744.1205218101813,19178.937266243243,25331.720424950985,11139.935659791801,19274.400623524398,19996.13409409409,1331.3384102719185
6.5417480348245585,52.07496058744676,131.55032833956108,10364.248234771389,17305.488886246327,2851.372963981999,31594.261916297903,41967.33891748988,18219.32179707553,31607.088765615106,32678.416474649155,2173.550331031174
6.157435225177812,8.064774610621097,22.611708499919004,1744.1205218101811,2851.372963981999,511.28936128530916,5393.845006963737,7110.232784213933,3262.1082300619323,5679.899029881586,5722.462815166138,380.72722892230723
6.387122758780629,95.09462889327337,247.46641884539622,19178.93726624324,31594.261916297903,5393.845006963737,61239.62845616509,79709.0077851699,34408.744044352345,61002.36965134818,63096.532456003784,4120.753192492934
9.08617405951335,98.0705624483917,325.1122822136946,25331.72042495099,41967.338917489884,7110.232784213935,79709.0077851699,105697.99604619703,45160.39162056391,79764.3682559444,81421.1709044892,5438.706772001306
5.556733180462491,76.0825957740537,145.75464668285517,11139.935659791801,18219.321797075525,3262.1082300619323,34408.74404435234,45160.39162056391,21244.417029643944,36726.79472838129,36838.482706837305,2389.6984331189956
8.132186144771262,88.32856330321053,254.51039535243555,19274.400623524398,31607.088765615106,5679.899029881585,61002.369651348185,79764.3682559444,36726.79472838128,64775.54134245306,64709.46471351504,4233.405366699134
6.383939433182571,54.78132719529657,258.58216676336065,19996.13409409409,32678.41647464915,5722.462815166139,63096.53245600377,81421.17090448919,36838.48270683731,64709.46471351504,66864.73696803446,4311.149517465622
8.410873370942475,6.7606122906389885,17.240071090558246,1331.3384102719185,2173.5503310311738,380.72722892230723,4120.753192492934,5438.706772001306,2389.698433118996,4233.405366699135,4311.149517465623,297.2200512075022
