v,mu,sd,comat,,,,,,,,
5.381541446869786,67.58108460064382,86.30160460906141,7447.966958098769,13805.370208007931,13165.849168958854,26414.558454477246,6669.448979218937,10513.16327233464,2734.238249484975,22780.714287125717,11876.492742989689
8.899593961200573,38.9217096935235,165.4685728206798,13805.370208007931,27379.848591312613,25479.382869497003,51998.612293315775,12508.810772924397,20295.84633303051,5268.933051580828,43922.015872178294,22876.5061889593
7.192046157204468,45.63195913761731,155.12209186762115,13165.849168958855,25479.38286949701,24062.8633853867,48973.78721334832,11980.086295405323,19168.19853641185,4973.948342782317,41468.134575241565,21543.25542009403
8.617325889154706,74.17532189897771,317.83461069284425,26414.558454477246,51998.61229331577,48973.78721334831,101018.83975427184,24184.212069920763,39250.8909693359,10180.529255936555,84743.38707938262,43384.85267021238
9.889947559983014,77.2489363981269,79.45617806893357,6669.448979218938,12508.8107729244,11980.086295405323,24184.212069920766,6313.2842333220815,10003.874040319715,2486.1092168482546,21031.881405549735,11060.027063151738
7.692479352052168,44.92439919889083,128.14886456933192,10513.16327233464,20295.84633303051,19168.198536411845,39250.8909693359,10003.874040319713,16422.131490408974,4045.3737578597065,33914.12741755497,17876.512825286285
7.505602318299689,10.272452795708654,32.520207769932625,2734.238249484975,5268.933051580828,4973.948342782317,10180.529255936555,2486.1092168482546,4045.373757859706,1057.5639133995862,8714.032009413255,4516.7379679777505
5.360255666798808,62.73822138716738,270.6409412134596,22780.714287125717,43922.0158721783,41468.134575241565,84743.38707938264,21031.881405549735,33914.12741755498,8714.032009413255,73246.51906090727,37629.602844688125
6.342194900509356,94.47188047818761,142.89735546571728,11876.492742989687,22876.506188959305,21543.25542009403,43384.85267021238,11060.027063151736,17876.51282528629,4516.7379679777505,37629.602844688125,20419.65419909556
