v,mu,sd,comat,,,,,,,,
5.567442359468248,67.78686715128372,217.05339250109347,47112.17519623375,38246.708154661894,7685.128481608242,36233.16164938426,26264.09692677413,48745.70984590066,2266.8629857228916,30640.947240346708,52393.37684859754
9.872415472182283,80.98045380375133,182.94320773436647,38246.708154661894,33468.21725613956,6528.016145578,29784.049556638613,22007.38079675353,39882.01001088876,1944.8971109525082,26220.423570214727,44739.74945953782
8.643673167505531,8.681542189252028,36.75194192922693,7685.128481608242,6528.016145578001,1350.7052355692688,6117.375671870415,4386.7025341784765,8119.6185257297475,387.4332047643646,5408.757824128235,8947.390950631057
6.757339029463507,80.62520874640003,170.89940598360187,36233.16164938426,29784.04955663861,6117.375671870415,29206.606965547973,20987.73245920126,38400.41412161853,1812.1303499900703,24860.444058048965,41773.581798507235
8.538025691295406,48.26676332353212,125.03971157291238,26264.096926774124,22007.38079675353,4386.702534178477,20987.732459201256,15634.929470237119,28068.289534711697,1331.141056601014,18305.26376150575,30688.923489954526
8.998023008300269,95.57597669571258,229.26067975308627,48745.70984590066,39882.010010888764,8119.6185257297475,38400.41412161852,28068.289534711697,52560.459280847186,2416.826134589642,33442.21667672723,55209.11278781313
8.227809272541462,10.645535601550932,10.788154135929807,2266.862985722891,1944.8971109525082,387.4332047643646,1812.13034999007,1331.141056601014,2416.826134589642,116.3842696605794,1589.0915658215363,2662.4020162828842
7.072998035940832,63.10520347120431,150.286757392559,30640.947240346704,26220.423570214727,5408.757824128236,24860.444058048965,18305.263761505747,33442.21667672723,1589.091565821536,22586.109447569892,36413.883005225885
8.530155056365047,50.485530984557236,248.97616567379458,52393.37684859754,44739.74945953782,8947.390950631057,41773.581798507235,30688.923489954526,55209.11278781313,2662.4020162828833,36413.883005225885,61989.1310736248
