v,mu,sd,comat,,,,,,,,
9.23331203605067,33.608144482023945,69.5194267920849,4832.950701500053,8490.217141868974,12737.268793406865,5502.785202174669,14548.356438429066,7878.605190371504,13024.050601389616,6355.5576193816505,21615.466688711913
7.805827701325171,61.382999283332104,125.66217774447287,8490.217141868976,15790.982915483499,22515.285552568435,10067.41668083992,26910.252384866504,14456.417573283425,22961.576922101114,11495.331443782314,39136.49369371717
7.274377012028764,59.660525958223566,187.97744463831052,12737.268793406862,22515.285552568435,35335.5196927491,15266.67171390831,37565.30163164748,21217.104090575674,34808.36257141068,17297.990696583052,57762.3256278411
6.760874568459808,40.2984789574835,82.71800448555214,5502.7852021746685,10067.416680839919,15266.671713908312,6842.268266071823,16930.67529069804,9477.41862362648,15084.651861017092,7651.303573156922,25500.196376795884
7.929256920674186,91.2433298655168,216.97252122557126,14548.356438429064,26910.252384866504,37565.30163164749,16930.67529069804,47077.07496698097,24463.881223449647,39019.79159465314,19533.408212522314,66161.6597434975
7.678748721365379,23.697102203279258,117.5649171678614,7878.605190371504,14456.417573283425,21217.104090575674,9477.41862362648,24463.88122344965,13821.50974868611,21449.982791120256,10723.35686376668,37022.692886451776
9.137281383896731,56.75487822985691,188.84257529827704,13024.050601389616,22961.576922101107,34808.36257141069,15084.651861017092,39019.79159465314,21449.982791120256,35661.518245285435,17471.535551093373,59177.71889713227
6.322710993610173,62.47713488311865,93.75536320117372,6355.55761938165,11495.331443782314,17297.990696583052,7651.3035731569225,19533.40821252231,10723.35686376668,17471.535551093373,8790.068128984001,29291.561530458937
7.391895306693579,87.25143498358847,317.66203378247815,21615.466688711913,39136.49369371718,57762.32562784109,25500.196376795884,66161.6597434975,37022.69288645177,59177.71889713227,29291.56153045893,100909.16770682028
