v,mu,sd,comat,,,,,,,,
8.642535957978629,39.90345156270531,125.29733974458657,15699.423347070353,14567.67253461533,16945.917362777873,8240.347633644325,6166.748627278139,14126.496364956634,25621.88003958827,22608.061539524464,14728.81512536001
8.008071061851066,60.156993737506085,117.91476121135014,14567.67253461533,13903.890911529723,15767.413717845477,7651.551089494894,5873.2266753845415,12935.591743219866,24075.594256118784,21443.901514214882,13689.159985851547
9.760903337030069,79.56125981679108,137.33341243951895,16945.917362777873,15767.413717845477,18860.466172283024,8804.667989006919,6606.830629202043,14941.446438073524,27827.2740223892,24194.74325659279,15511.693354712306
5.715867238605153,19.07395543744353,67.05399190740478,8240.347633644327,7651.551089494894,8804.667989006919,4496.237830718304,3257.1645842535395,7596.126368904208,13635.543566327939,11903.422425799046,7875.338983994787
9.036795649350823,22.475870633493095,50.24336010206016,6166.748627278139,5873.226675384541,6606.830629202043,3257.164584253539,2524.3952343452897,5556.373497032864,10150.502439663893,9116.279967569031,5784.2611086449215
6.816072982605145,86.1023243916035,115.37009352237786,14126.496364956638,12935.591743219866,14941.446438073524,7596.126368904209,5556.373497032865,13310.25847936221,22827.98687677481,20526.117990794995,13358.817943352069
5.932784061446579,60.723712367963444,206.79231310702954,25621.88003958827,24075.594256118788,27827.274022389192,13635.543566327939,10150.502439663893,22827.986876774805,42763.06076015575,36737.226071884426,24300.15992437304
6.295756191439736,60.68545052061107,184.29446077466577,22608.06153952446,21443.901514214882,24194.74325659279,11903.422425799046,9116.279967569033,20526.117990794995,36737.22607188443,33964.448272224814,21147.21952877333
8.148811713059747,30.43582897836411,119.70372292438702,14728.81512536001,13689.159985851547,15511.693354712306,7875.338983994788,5784.2611086449215,13358.817943352069,24300.159924373045,21147.21952877333,14328.98128195842
