v,mu,sd,comat,,,,,,,,
8.237755246765117,37.13630001746684,54.760497955738444,2998.7121363604338,4875.090612158813,17156.41769440915,4302.49185369602,1404.9518496996532,7719.720598946644,11596.9878667557,13249.778805165413,4561.525722774419
7.535748441065401,37.359770069707615,91.75843623188206,4875.090612158814,8419.610619720368,28417.068989957224,7305.225885768321,2330.5551697935903,12714.763424492387,19131.332884860705,22339.105550252778,7709.853989708831
7.641706900761197,67.19988297185579,318.79689889708095,17156.41769440915,28417.068989957213,101631.46274639564,24894.376030594798,8211.470535107172,44678.067357039035,66904.25143448183,79413.39206002887,26680.814966617334
9.48142602004944,23.950104952593026,83.71050795364916,4302.49185369602,7305.225885768321,24894.3760305948,7007.44914185796,2082.740746282249,11907.313356335619,16953.849514622863,19723.33445881449,6785.899716739123
8.49995595333744,19.93134815438137,26.513576406051534,1404.9518496996532,2330.5551697935903,8211.47053510717,2082.7407462822484,702.9697338395326,3635.470137398008,5600.710468634902,6440.526229624068,2203.717957387815
8.571485509355675,70.84422837759875,148.4076548238487,7719.720598946643,12714.763424492385,44678.067357039035,11907.313356335617,3635.4701373980074,22024.832010314618,30250.32560020917,34781.92360188046,11725.941530400887
8.586691910457004,43.467660841552544,216.8470948628712,11596.9878667557,19131.3328848607,66904.25143448183,16953.84951462286,5600.710468634902,30250.32560020917,47022.66255046705,52528.384926407365,17659.937556729856
6.114097310914305,52.890563975746076,251.3420648519845,13249.778805165412,22339.105550252774,79413.39206002887,19723.33445881449,6440.526229624068,34781.92360188046,52528.38492640736,63172.83356405919,20891.707600082605
5.875772616620115,38.89684364236999,85.26132807442548,4561.525722774418,7709.853989708832,26680.814966617334,6785.899716739123,2203.7179573878147,11725.941530400887,17659.93755672986,20891.707600082605,7269.494065014816
