v,mu,sd,comat,,,,,,,,
6.1099658554486975,44.08144349904077,217.78645184485504,47430.93860717135,21006.37866012302,13526.200306806499,35763.360578958986,38625.87334621445,53694.10335327708,44310.93685094071,8470.698808035011,65964.84839188622
9.353661530886882,81.13314538905166,98.64560570441589,21006.378660123017,9730.955524791088,5911.068283940117,15956.985480305113,16844.78685225008,24623.533964009708,19513.327686345812,3819.5642092642897,29380.693772352744
6.0335957766971315,23.095388478272753,64.89054447441208,13526.200306806499,5911.068283940116,4210.782762185652,10469.155972722445,11526.933187675428,15401.288491624437,13070.791958655975,2519.159750131029,19087.215508032383
9.593054539689607,71.77949732620793,167.11649437328174,35763.360578958986,15956.985480305115,10469.155972722447,27927.922691615113,29130.21838465445,41108.30442961055,33064.020874441136,6507.647623841877,50140.54761182721
7.442055943974146,39.198403541274224,183.67910392477089,38625.873346214445,16844.786852250083,11526.93318767543,29130.218384654454,33738.013218606786,42788.237652079835,38356.55765796552,7013.043974401823,54905.72722020433
8.05871931451323,95.59489804409797,251.4856007117993,53694.10335327709,24623.533964009708,15401.288491624437,41108.30442961054,42788.237652079835,63245.00736537454,49400.53834863421,9769.071553383872,75577.9775888779
8.829539282401578,90.36425971404871,209.7366222399607,44310.93685094071,19513.327686345816,13070.791958655976,33064.02087444113,38356.557657965524,49400.5383486342,43989.45070862798,8017.003875196639,62655.697357930956
7.592089939364716,12.860164062598828,39.95486128839932,8470.69880803501,3819.5642092642893,2519.159750131028,6507.647623841876,7013.043974401822,9769.071553383872,8017.003875196638,1596.3909405752304,11743.55905294695
6.48400250788111,67.7802171410466,309.8868946408322,65964.84839188622,29380.693772352744,19087.215508032383,50140.54761182721,54905.72722020433,75577.97758887791,62655.69735793096,11743.559052946948,96029.88747013824
