v,mu,sd,comat,,,,,,,,
6.554148998781777,37.62957379251455,151.6520202117327,22998.33523429978,8447.487283530541,10931.008105103092,37356.94066039307,996.0788456669593,32031.16989369606,13731.448450366213,18897.636929670127,5044.27399297731
9.09493610359425,23.53386350004254,56.91141637015619,8447.487283530541,3238.909313257282,4116.406011577867,13843.548268270863,367.1628567282062,11659.686724963065,4962.812503050725,7051.240858065261,1862.6299413936383
6.6737631228576255,15.12214590396653,74.50879980710141,10931.008105103092,4116.406011577867,5551.561248694716,18240.11301754809,474.44635100082877,14899.114698964228,6506.711357139447,8945.14134408293,2433.6963593370006
5.968567593367713,70.12549464089165,252.97854072159387,37356.94066039307,13843.548268270859,18240.11301754809,63998.14206562713,1595.2150304389154,51869.27895668075,22471.663437124844,30557.848753165406,8354.42980833505
5.551566625263002,6.519821524603471,6.677430288108948,996.0788456669594,367.1628567282062,474.44635100082877,1595.2150304389154,44.588075252554745,1402.6101394895481,595.5883604844043,840.6740329934295,222.21262910711903
9.811550437231105,48.22116959311717,214.04464081207612,32031.169893696057,11659.686724963063,14899.114698964228,51869.278956680755,1402.6101394895484,45815.10826037068,18949.83973210455,26692.48298502229,7145.629798635568
9.325236258690676,71.75072535027176,92.57311475064589,13731.448450366215,4962.812503050725,6506.7113571394475,22471.663437124847,595.5883604844043,18949.83973210455,8569.78157463625,11324.473223555004,3017.870644183352
9.262059869546114,33.14198152830494,126.89723688187794,18897.63692967013,7051.24085806526,8945.141344082931,30557.848753165403,840.6740329934295,26692.482985022285,11324.473223555004,16102.908728255443,4232.855027748058
5.397555160510296,11.450039377961918,34.236338139142504,5044.27399297731,1862.6299413936383,2433.6963593370006,8354.42980833505,222.212629107119,7145.629798635568,3017.870644183352,4232.855027748058,1172.1268491777034
