v,mu,sd,comat,,,,,,,,
9.2944463364652,67.3054985654293,145.49732204460742,21169.470722152204,8977.415356674182,14348.265670132023,29490.981740451443,18961.989548156034,6313.31037177948,11607.947121876616,39868.08872206532,8156.9358598703175
6.863555774876399,41.89488334117437,63.22867719818947,8977.415356674182,3997.8656202328443,6270.791941304828,12866.035896730971,8186.834600303598,2750.1749565590517,5000.93364332061,17708.402781275487,3512.2497708561827
7.775643889992984,25.21709337385944,101.37813062849504,14348.265670132023,6270.791941304828,10277.525369728204,20538.674342929102,13133.703159326089,4392.393854737594,8207.091279815995,28469.75409298163,5683.0053038172955
9.778282744958839,59.99271503608033,211.61391323374573,29490.981740451443,12866.035896730971,20538.6743429291,44780.44827409927,26643.056588348234,9357.695695334925,16787.176127301307,59358.122449599454,11828.740039798759
8.683347990056118,95.9684283997324,132.14981765529,18961.989548156034,8186.834600303598,13133.703159326089,26643.05658834823,17463.5743063264,5764.688965889441,10591.827708590208,36631.01772034113,7424.794706950933
9.081025695562404,17.13405411200398,45.00605629912603,6313.310371779479,2750.1749565590517,4392.393854737594,9357.695695334925,5764.6889658894415,2025.5451036001014,3585.2525249462888,12373.207151732106,2502.096972537298
5.505432801543123,26.158344155716453,81.78086822309757,11607.947121876614,5000.933643320611,8207.091279815995,16787.176127301303,10591.827708590206,3585.2525249462874,6688.11040732365,22908.75685205611,4626.289937381221
9.642440352039685,83.90500264401183,286.6918247858665,39868.08872206533,17708.402781275487,28469.75409298163,59358.12244959945,36631.01772034113,12373.207151732104,22908.75685205611,82192.20239905,16062.142580108166
8.045545844956546,22.612000921159545,57.1005965270632,8156.9358598703175,3512.2497708561827,5683.0053038172955,11828.740039798759,7424.794706950933,2502.096972537298,4626.2899373812215,16062.142580108166,3260.4781237464617
