v,mu,sd,comat,,,,,,,,
9.12234737956641,90.9121034808261,115.47261983118531,13333.925930677447,9329.353277551905,9206.095912579149,9150.842643043754,9848.250972230708,24804.881023482187,11068.23640899488,18456.977837914776,17200.957451479542
5.906748662485999,17.296472553001557,86.10239302128275,9329.353277551905,7413.6220839914395,6969.774618258689,6574.714858344507,7178.437615210385,18555.80367586467,8166.529734664021,12921.711350132618,12809.265551428482
9.386633841035263,26.68280661981997,81.86919029061022,9206.09591257915,6969.774618258688,6702.564318840148,6423.753857974503,6918.670402515122,17747.79429882726,7812.536136869089,12695.712770937625,12255.071837698852
7.4977565367331955,21.33567207607107,80.41214455294123,9150.842643043752,6574.714858344507,6423.753857974503,6466.112991603113,6870.306365756172,17366.434740662775,7626.082378866744,12500.736919607583,12217.411999986673
9.824632166113393,47.03089597379811,89.24661531479137,9848.250972230706,7178.437615210385,6918.670402515121,6870.306365756173,7964.958345146355,19421.362465489,8647.009507678895,13944.016441451147,13491.513418655823
5.017727734048655,49.47917607916577,222.81470994966622,24804.881023482187,18555.80367586467,17747.794298827255,17366.434740662775,19421.362465489005,49646.39496995389,21529.818492646562,34605.035818067125,33686.90087933336
9.618221733191927,43.9535463900132,99.19630734973597,11068.236408994882,8166.52973466402,7812.53613686909,7626.082378866745,8647.009507678895,21529.818492646562,9839.907391823283,15582.4520008914,14988.320724492543
8.147219566172721,87.6181834008578,161.58902785942584,18456.977837914772,12921.711350132618,12695.712770937624,12500.736919607585,13944.01644145115,34605.03581806712,15582.452000891397,26111.013924554296,23828.090483935826
6.521487774996759,36.681690225549545,154.4900917066147,17200.957451479542,12809.26555142848,12255.071837698852,12217.411999986673,13491.51341865582,33686.90087933336,14988.320724492542,23828.090483935826,23867.188435518212
