v,mu,sd,comat,,,,,,,,
7.179974510710019,88.75696239611212,364.9715263320665,133204.2150331583,27878.63054977962,112695.6819549312,37809.114046074836,108614.65170608839,27120.93696166023,86064.15518352287,67614.54475979636,103362.72628303942
5.129631159139457,17.725649776310647,79.33409699610417,27878.630549779617,6293.898946187264,24727.811712012608,8247.826626692831,24068.08403797468,6146.32647910082,19065.784551174344,15102.373407226465,22908.416277255896
7.748312389393545,76.13389843630118,319.33165476376746,112695.6819549312,24727.811712012604,101972.70573416597,33116.46436792788,96703.34220080571,23847.453688253947,76390.39933015738,59609.29737557815,89984.15503278535
7.176611963091384,56.617796905470755,106.63122180138055,37809.11404607484,8247.826626692831,33116.464367927874,11370.217462855215,32077.317332959614,8009.328919255266,25470.920072235724,19765.675926309872,29992.092727484727
7.101839010437445,92.25357142601204,310.74123892995294,108614.65170608838,24068.08403797468,96703.3422008057,32077.317332959614,96560.1175717221,23421.315319001365,72284.19733179713,57244.89221447944,86842.09257229282
6.651674105019371,37.89260139823891,77.87362006792483,27120.936961660234,6146.326479100821,23847.45368825395,8009.328919255267,23421.31531900136,6064.300702483505,18401.332364208767,14661.978705010544,22319.882057957475
6.023243170189213,91.82197033068753,245.98571863009687,86064.15518352287,19065.784551174344,76390.39933015738,25470.920072235724,72284.19733179714,18401.332364208767,60508.97376996518,46040.92831366289,70563.68397342588
8.096354831753318,56.31819398837743,193.38364788426438,67614.54475979635,15102.373407226463,59609.29737557816,19765.675926309872,57244.892214479456,14661.978705010542,46040.92831366289,37397.23526902516,55287.17209929829
6.498273368372615,83.493733701245,291.74820761216836,103362.72628303942,22908.4162772559,89984.15503278536,29992.09272748473,86842.09257229285,22319.88205795748,70563.68397342588,55287.17209929828,85117.01664491289
