v,mu,sd,comat,,,,,,,,
8.661336240344259,43.32537587281773,164.49348222348152,27058.10569400683,10038.924239474074,18554.128208882248,16377.50338440312,10786.142262343887,28323.95262488369,19857.23820565592,13691.568302704116,7717.902641616728
7.835945077254424,29.98668882829759,62.75990688321009,10038.924239474072,3938.805911989201,7040.247257901749,6417.356540559938,4136.033227077132,10976.65174026882,7927.367792234726,5335.334070240548,3009.2614727581995
6.506119450249965,98.93656440056677,115.86000598810162,18554.128208882248,7040.2472579017485,13423.540987562941,11771.455468606477,7434.6839119624865,20151.275391600546,14248.194299488106,9915.5501102476,5583.4391375771875
8.902914627388359,25.378279335739652,106.18892453529881,16377.503384403122,6417.3565405599375,11771.455468606477,11276.087693963385,6836.260891480752,18295.339720121512,13318.806978395722,9119.206863890391,4956.248662221774
7.489371389373092,19.360353803584253,66.86306352386896,10786.142262343888,4136.033227077132,7434.683911962487,6836.260891480752,4470.669263796936,11585.199937744443,8353.492743335632,5649.764836558885,3162.1777148367787
5.594550933046336,37.28987366452355,176.469802366437,28323.952624883692,10976.65174026882,20151.275391600553,18295.339720121516,11585.199937744443,31141.59114724933,22234.478410486943,15160.509365631562,8498.399892523574
6.942797613914351,53.46018161025802,128.26569782865175,19857.23820565592,7927.367792234725,14248.194299488108,13318.80697839572,8353.492743335632,22234.47841048694,16452.089239471,10871.514101206101,6131.741688435543
6.973213952696711,48.49544082407242,87.4154323650535,13691.568302704112,5335.334070240547,9915.550110247597,9119.206863890393,5649.764836558885,15160.509365631562,10871.514101206101,7641.457815569243,4186.560807883738
6.6876278911663825,10.979649819347358,49.02946189291712,7717.902641616729,3009.261472758199,5583.4391375771875,4956.248662221774,3162.1777148367796,8498.399892523574,6131.741688435544,4186.560807883739,2403.888133509012
