v,mu,sd,comat,,,,,,,,
6.0110114671512065,80.25817664509565,304.87201787350966,92946.9472822656,68892.22519293663,29811.192086176125,110873.07364216846,32315.99811180188,38822.23927418901,6918.942544439451,50750.15830277898,37417.42137051524
8.922738020552805,53.11771287673843,235.54718051487743,68892.22519293663,55482.47424850825,22875.470043158857,85458.02603948253,25181.62556568617,29805.410837879193,5200.735594705189,39364.58693787565,28729.495647357853
9.302686196185157,89.01967322858209,100.48849259732968,29811.192086176125,22875.47004315886,10097.937144483582,36790.922061889694,10651.751162466147,12783.874086873388,2276.5813831320997,16526.403079428608,12441.607185257943
6.635426005407173,85.71105593722714,373.06189710596675,110873.07364216846,85458.02603948253,36790.922061889694,139175.1790723029,40470.40571445074,47847.18537207578,8533.318866330026,62323.881154206865,45700.68359498425
6.244302380424167,51.71561377138036,109.77384676217224,32315.998111801884,25181.62556568616,10651.751162466146,40470.40571445073,12050.297432964873,14048.301343136438,2516.07223130881,18703.560281397167,13386.385884898984
9.051818581232387,50.135225616955466,131.4004477750425,38822.239274189,29805.410837879197,12783.874086873386,47847.18537207578,14048.301343136436,17266.077675481672,3004.2702932230864,21864.545883503135,16120.009257941734
8.567173946286314,6.935433845775869,23.25380370342182,6918.942544439451,5200.735594705188,2276.5813831320993,8533.318866330024,2516.0722313088104,3004.270293223086,540.7393866772743,3900.786693366426,2835.703447619852
8.306642066891122,70.72963273037531,172.887521716972,50750.15830277897,39364.58693787565,16526.403079428608,62323.88115420686,18703.560281397167,21864.545883503135,3900.7866933664263,29890.095165436465,21280.652887371005
8.552456285147834,66.2036337274848,127.37261000958419,37417.42137051525,28729.495647357857,12441.607185257944,45700.68359498425,13386.385884898984,16120.009257941736,2835.7034476198523,21280.65288737101,16223.781780653628
