v,mu,sd,comat,,,,,,,,
9.244088486342893,39.512625812898264,41.88404027486558,1754.2728297465626,12833.765254461898,13803.041235843117,12544.695831436513,2694.6048534872098,2439.6487034170386,4822.64428177427,8185.987002396888,14850.655218130147
5.894479624604992,90.47410383704067,313.18521824912693,12833.765254461901,98084.98092975326,103583.58182722503,98235.11328967466,20519.24478843061,18294.535977057618,35550.49099603454,61215.23394439437,114202.93438503337
5.271816071532157,97.23949648969075,339.02368966383295,13803.041235843119,103583.581827225,114937.06215327891,102665.2361168488,22232.32534432745,19716.908673761794,38324.890431313535,66486.68039189088,118433.28507063167
6.8076922304411145,93.94493334529284,319.0519013476842,12544.695831436515,98235.11328967466,102665.23611684881,101794.11575357239,20475.6855661874,18236.963976439405,35150.89719727546,61254.96318622836,116006.44467794501
6.37700464303206,18.23147795531976,67.70257320402938,2694.6048534872098,20519.24478843061,22232.32534432745,20475.6855661874,4583.638418446958,3838.04073800031,7473.770669553755,12869.85262299887,23854.436979270467
7.650001124477127,56.90220949664477,58.960791123046654,2439.6487034170386,18294.535977057614,19716.908673761798,18236.9639764394,3838.0407380003094,3476.3748898555373,6740.576710276094,11618.706164819218,21143.239750134653
6.52959457867958,78.60317279240608,116.78057814465657,4822.644281774271,35550.49099603453,38324.89043131355,35150.89719727546,7473.770669553755,6740.576710276094,13637.703431800239,22920.810192805846,41115.33537094677
6.522371795770716,54.152443544420635,198.36090840220967,8185.987002396888,61215.23394439435,66486.6803918909,61254.96318622836,12869.85262299887,11618.70616481922,22920.810192805842,39347.049982149816,70979.56697272662
5.5587063808779735,77.47671994286107,369.06155809610857,14850.655218130147,114202.93438503335,118433.28507063165,116006.44467794501,23854.436979270467,21143.239750134653,41115.33537094677,70979.5669727266,136206.43366432734
