v,mu,sd,comat,,,,,,,,
7.100914835703869,17.408920779527694,55.10745257054248,3036.8313288145882,15680.834726654375,2671.5584119330424,6640.150988499854,15467.297939065342,8178.701096109033,4878.521269412205,5489.7627119594445,17281.2447926095
6.8161974848254285,96.1104376762371,291.75683644873607,15680.834726654377,85122.0516145745,13956.410733697592,34369.86094030982,81386.63202500547,43193.18497671092,26191.535639235844,28515.04515975965,91105.27903245586
5.924383438807259,13.725018538305884,49.83312527990957,2671.5584119330424,13956.410733697592,2483.3403751631618,6058.387240294198,13713.739814278988,7558.568227802048,4307.057087469952,5019.337394564282,15447.697788275715
7.591413640837381,52.978790194697176,124.96652079383708,6640.150988499854,34369.86094030982,6058.387240294199,15616.631319316517,34394.77317661935,18836.614987888424,10895.700763553561,12450.780936779269,38812.534434910405
5.043027260043846,63.65340698994857,286.66067269252903,15467.297939065344,81386.63202500549,13713.739814278988,34394.773176619354,82174.34126853326,42472.89053471332,25550.51845872257,28068.400083132565,90246.08765101741
9.844681033597432,83.43882798633459,156.73871792103571,8178.701096109035,43193.18497671094,7558.56822780205,18836.614987888424,42472.89053471332,24567.025695530006,13719.734044222134,15218.798171626424,46274.10952463251
9.006906280082305,26.41516868173985,91.09230415701245,4878.521269412205,26191.535639235844,4307.057087469952,10895.700763553561,25550.51845872257,13719.734044222132,8297.807876633666,8839.964454510031,28305.301692531415
8.786559943043272,64.7530232301074,101.33474332689946,5489.762711959446,28515.04515975965,5019.337394564282,12450.78093677927,28068.40008313257,15218.798171626422,8839.964454510031,10268.730205128597,31775.65329665169
8.35742150920912,89.36954507752064,320.84501597832434,17281.2447926095,91105.27903245587,15447.697788275716,38812.534434910405,90246.08765101743,46274.109524632506,28305.30169253142,31775.653296651682,102941.52427813123
