v,mu,sd,comat,,,,,,,,
9.36714701395908,79.9154101272995,240.41029311974046,57797.10903791954,110475.76049785597,27219.202557897428,35996.44310967201,77691.62272511021,24108.170519282543,34853.1806527539,5854.3609171200205,38485.81474156884
9.84270331410466,99.72627284596959,492.2650972119386,110475.76049785595,242324.9259330793,55530.11405443152,76669.9133142669,157355.07000501914,48985.128020784636,71926.22108570686,11978.454815635936,77484.87196881746
9.345972701069599,26.57246952541116,116.91432629128079,27219.20255789742,55530.11405443152,13668.95969214407,17970.6711346679,37587.83397951644,11602.31517298085,17176.018754952504,2840.90158499832,18377.502860047116
7.654278457777995,82.2176658856263,159.87533291567524,35996.44310967201,76669.9133142669,17970.6711346679,25560.122074897983,50289.89990068658,15622.978677110548,23043.568614997246,3804.6214412639415,25318.525348981464
6.163641639886453,67.40106294952955,330.85051970076574,77691.62272511022,157355.07000501917,37587.83397951644,50289.89990068658,109462.06638626679,33546.68161684951,49003.55160065708,8162.715455715871,53687.49903626639
5.056994021387149,74.4990089062289,102.99588146720016,24108.170519282543,48985.12802078463,11602.31517298085,15622.978677110545,33546.681616849506,10608.151599205547,15228.266877063897,2550.2823770752766,16285.824930240884
7.152344091462453,52.55758006471002,149.7596874506606,34853.18065275391,71926.22108570686,17176.01875495251,23043.568614997246,49003.55160065708,15228.266877063901,22427.96398531955,3733.459721756507,24081.839531016944
7.011756800186824,5.070669497123589,25.128999576765125,5854.3609171200205,11978.454815635936,2840.90158499832,3804.6214412639415,8162.71545571587,2550.2823770752766,3733.4597217565065,631.4666197290618,4037.072284919757
7.613373356762848,88.37389441163403,165.15707638302126,38485.81474156884,77484.87196881745,18377.502860047116,25318.525348981464,53687.49903626638,16285.824930240882,24081.839531016944,4037.0722849197564,27276.859879387113
