v,mu,sd,comat,,,,,,,,
7.08511002351287,63.628766793968765,146.76481591115095,21539.911189434028,35880.80036139393,25229.743672181085,9523.274783755609,49098.83898779834,24486.18344675355,11871.410400153842,12650.831466351712,44087.372168844995
8.60162246721079,55.07051971447288,250.22768709837487,35880.80036139392,62613.89539060222,42672.58388214262,16069.079436826052,86061.62309784858,41514.52029097181,20570.01055017532,21702.10648654433,73695.1200145846
5.000571874086725,38.94062720023748,180.45634164135507,25229.74367218108,42672.58388214262,32564.49123858146,11807.578084365836,60728.453860292284,29526.945743464286,14797.66237060108,15825.224005734788,53728.041647702405
6.511662863159199,64.21921100022126,68.28332193081621,9523.274783755607,16069.079436826052,11807.578084365838,4662.612053907487,22614.663470668336,10856.09620669358,5659.865596120373,6044.028753149146,20780.335956500472
5.733779454085565,93.29653720565733,351.129697087224,49098.83898779834,86061.62309784857,60728.453860292284,22614.663470668336,123292.06417656566,57691.27337901075,29013.864186297284,30698.681831764887,101261.78089732015
5.461692973843989,99.74567079289065,168.50654923166093,24486.183446753552,41514.52029097181,29526.945743464294,10856.096206693579,57691.273379010745,28394.45713396217,13714.449835819221,14661.835418452294,49931.72305022903
5.931301056888355,18.027896214743386,85.27883308664153,11871.41040015384,20570.010550175317,14797.662370601078,5659.865596120372,29013.864186297287,13714.44983581922,7272.479372619266,7614.908438856136,25551.313751678816
6.727803635215238,71.19772534154052,89.99397402137907,12650.831466351712,21702.10648654433,15825.224005734788,6044.028753149145,30698.68183176489,14661.835418452292,7614.908438856136,8098.915360160653,27168.57534293529
6.983837371153349,76.7689899972343,308.26624428177246,44087.37216884499,73695.1200145846,53728.0416477024,20780.33595650048,101261.78089732016,49931.72305022903,25551.31375167882,27168.57534293529,95028.0773635894
