v,mu,sd,comat,,,,,,,,
7.128607052594479,74.13084703872293,353.6776199909005,125087.8588824278,69368.89791633635,79155.96015039721,69911.6539373489,10713.32667051585,63567.96139808393,39874.75139786426,81999.3285944177,120808.28102060825
9.072918702472762,42.22742752925961,200.87423489418967,69368.89791633634,40350.45824432609,45027.10978616947,39715.1129114499,6097.775672685322,36224.99857573201,23069.770280000874,47657.75797742779,68395.3508048605
8.676986450998399,50.33138671222727,232.2746630615843,79155.96015039722,45027.10978616947,53951.51910037253,45962.20115665273,7026.7636077953985,40163.052285273545,26456.067474359377,53787.72529096325,78902.82886184216
9.340015999398679,77.54754136264182,201.92475995515167,69911.6539373489,39715.112911449905,45962.20115665273,40773.60868294563,6208.775911015658,35733.121455196495,23469.724136730085,48435.766456846075,70640.9851201675
6.916903864363101,11.835568016474738,30.942021578115284,10713.326670515848,6097.775672685323,7026.7636077953985,6208.7759110156585,957.4086993405517,5410.470076417383,3558.7623050579186,7427.312827048777,10627.387439619137
9.897283160722603,58.035988538685906,186.89057284605894,63567.961398083935,36224.99857573202,40163.052285273545,35733.1214551965,5410.470076417384,34928.08621872806,21535.802942817772,43267.974996439014,62301.22037372601
9.465971733575676,24.962108816668476,119.09438269225512,39874.75139786425,23069.770280000874,26456.067474359374,23469.72413673008,3558.7623050579186,21535.80294281777,14183.471988849313,28612.65270522965,40746.77011666032
6.048575848771877,64.06502898845443,245.2528761906558,81999.3285944177,47657.7579774278,53787.725290963244,48435.76645684607,7427.312827048778,43267.97499643902,28612.65270522965,60148.973279789156,82865.18750912797
8.709138237063705,73.63012052166519,352.5691135056435,120808.28102060825,68395.3508048605,78902.82886184216,70640.9851201675,10627.387439619139,62301.220373726006,40746.77011666032,82865.18750912797,124304.97979815536
