v,mu,sd,comat,,,,,,,,
5.533691011276554,26.57198529802893,86.38706161412082,7462.724414321908,20610.611501195115,20548.23508660497,16364.492073271524,4672.672544840973,38257.91018711381,14764.939613914356,4268.322915005385,26647.749769446422
8.421713166393436,77.02401351551046,246.36951861571268,20610.61150119512,60697.93970293798,57415.907605364955,46280.71983809714,13067.980903618321,111061.58930350495,42546.24702824845,11977.032860191752,75185.7954666317
7.674813086955436,77.08112648969067,246.91366298293877,20548.235086604967,57415.90760536496,60966.35696765226,46800.477387905215,13337.276271915742,107677.07657381408,41213.81624161646,12177.499502931407,75355.42580098355
6.845935383749826,50.57780343911391,193.74857062396825,16364.492073271525,46280.71983809714,46800.47738790522,37538.5086188308,10575.272385557355,85895.25966863912,33086.20988886619,9494.712754403788,59439.142043706815
7.063073218632175,53.07173710795877,56.32270900448065,4672.672544840973,13067.980903618321,13337.276271915742,10575.272385557355,3172.2475496034062,25238.503806572393,9531.172382917977,2703.874700328394,16975.549339429304
7.939237380125903,92.56247942755209,458.6529538397677,38257.91018711381,111061.58930350494,107677.07657381408,85895.25966863915,25238.50380657239,210362.53206594408,79866.90883869777,22308.466264875096,139262.20152336944
8.58036894145998,68.19099291438886,176.45008365192558,14764.939613914354,42546.24702824845,41213.81624161646,33086.20988886619,9531.172382917977,79866.90883869777,31134.632020771536,8565.310191021454,52946.00702047486
5.866670193871999,15.208719965942292,50.29827185630254,4268.322915005385,11977.032860191754,12177.499502931407,9494.712754403788,2703.8747003283934,22308.466264875096,8565.310191021454,2529.9161517305165,15509.177760744955
5.333711467351353,70.88549095826018,311.5736341903807,26647.749769446422,75185.7954666317,75355.42580098356,59439.14204370683,16975.549339429304,139262.20152336944,52946.00702047486,15509.177760744959,97078.12952260114
