v,mu,sd,comat,,,,,,,,
6.254618118724701,36.824486006815896,131.84203060668972,17382.321034495308,12070.863224633826,7764.07959326331,15477.607533024311,38729.39818508298,19771.074441458913,9365.776390838026,22306.495841838863,5604.502702443687
5.230479103363058,38.52288596442561,94.24861868167186,12070.863224633824,8882.802123403186,5480.340285486493,11162.00314248427,27505.82887296835,13966.240083868297,6730.0672934193335,16133.916697979028,3976.463812297371
8.384081205552793,35.63348380053209,59.879815710392506,7764.079593263311,5480.340285486492,3585.592329510569,7151.417979101024,17333.651389347124,8834.254813671161,4308.14167455765,10307.555233048486,2573.2303968612114
5.217347428223761,37.26019436778081,121.17225794357208,15477.607533024307,11162.003142484267,7151.417979101024,14682.716095143564,35473.96163205028,17746.58222215122,8693.240913559112,21199.177480572755,5201.437304492866
5.582118515832656,71.60643660615536,303.28736246809086,38729.39818508297,27505.828872968348,17333.651389347127,35473.96163205028,91983.22423285113,45008.90649211581,21571.436354047975,51503.87794937018,12832.41490269374
8.019328444744065,37.592240959768034,151.90342441609496,19771.07444145891,13966.240083868297,8834.254813671161,17746.58222215122,45008.90649211581,23074.650349336276,10774.60436746629,25837.883719546822,6437.665187845754
5.954653313898696,36.449069768003106,72.81794971065989,9365.776390838026,6730.0672934193335,4308.14167455765,8693.240913559113,21571.436354047975,10774.60436746629,5302.453800064191,12526.415236536866,3151.34852074695
8.342578586301729,66.65399411510953,176.0644004543344,22306.495841838863,16133.916697979028,10307.555233048488,21199.177480572755,51503.87794937019,25837.883719546822,12526.415236536866,30998.673107344235,7477.700453452453
9.587239244354484,13.077522309040221,43.750760897463735,5604.502702443687,3976.46381229737,2573.230396861212,5201.437304492866,12832.41490269374,6437.665187845754,3151.34852074695,7477.700453452454,1914.1290791070417
