v,mu,sd,comat,,,,,,,,
5.240906137501188,78.64732091742196,170.1026379787506,28934.907447329893,53809.86823140031,37292.90803898857,6375.107667155035,30529.174103851114,7181.6164637813135,28487.372274145204,4127.949137457296,46503.30993435678
8.40481506933859,96.16358232364585,339.1605822984728,53809.8682314003,115029.90058503913,72979.17216136107,12252.29584477869,60533.92945817771,14062.589722701097,54897.50045682084,8258.457516696075,90537.73795736767
8.993480339519008,76.25177739871934,229.22900740979202,37292.90803898858,72979.17216136107,52545.9378380785,8244.404830310737,40768.828390968185,9387.73423136264,36860.79364879676,5629.5952854615125,61300.67858858658
9.000542958289412,12.74994689596392,37.97022771004882,6375.1076671550345,12252.295844778688,8244.404830310737,1441.7381923529588,6948.726477972767,1610.8889260787735,6428.703409392434,922.291114433507,10396.643610237985
9.826486250781302,66.77542940772233,185.83725348538016,30529.174103851114,60533.92945817771,40768.82839096818,6948.726477972766,34535.484782989435,7716.19652480535,31029.650648774255,4574.423035226161,49931.29606448509
7.220099121096446,10.879192057193215,42.90612371021012,7181.616463781313,14062.589722701096,9387.73423136264,1610.8889260787735,7716.19652480535,1840.935451835854,7155.821037850217,1032.4210119786267,11854.335620508964
9.156174382804242,73.22872477333723,170.11392863063776,28487.3722741452,54897.500456820824,36860.79364879676,6428.703409392435,31029.650648774255,7155.821037850218,28938.748714149722,4179.992454774937,46146.8073372996
6.232838174386064,11.118815300453871,25.46290219240798,4127.949137457295,8258.457516696075,5629.595285461513,922.2911144335071,4574.423035226161,1032.4210119786267,4179.992454774937,648.359388060135,6794.1759997426425
5.25138939054962,95.53048554185251,277.8066108828822,46503.30993435678,90537.73795736767,61300.67858858659,10396.643610237987,49931.29606448509,11854.335620508964,46146.807337299615,6794.1759997426425,77176.51305023313
