v,mu,sd,comat,,,,,,,,
6.539674763124854,84.21640981836185,271.35608072914033,73634.1225486797,3589.5458264237827,42929.371458148125,11472.333704198865,12031.06122875047,33306.07444344925,53936.862859361696,97782.52660857567,105762.01162153816
7.596957396526504,5.479208991275731,13.471889275865333,3589.5458264237827,181.49180066117535,2181.123441251823,569.7566140261622,603.9476330269455,1681.8823086966838,2653.863800483412,4865.760876275472,5306.714352079478
8.841488307689866,78.09908098916081,164.20407147134193,42929.37145814812,2181.123441251823,26962.977087765565,6873.16532929215,7259.623811539764,20385.64504761856,32064.438217982926,58567.611164709946,62990.855322410745
8.946103680854298,32.78543315108351,43.96896513735216,11472.333704198865,569.7566140261621,6873.16532929215,1933.2698952496892,2011.1263439032539,5383.819963659322,8353.611426026455,15850.533944770841,16144.40000158779
9.352810312379116,22.82768297096683,46.80047306015589,12031.06122875047,603.9476330269455,7259.623811539765,2011.1263439032543,2190.284278654377,5765.235677563573,9105.667996768505,17203.147923951703,17626.808836776952
5.939606958110344,66.27941755441873,126.49195359766907,33306.07444344926,1681.882308696684,20385.645047618564,5383.819963659323,5765.235677563573,16000.214324954866,24723.023700638932,45535.38596315316,49362.523795053756
6.347526228084591,53.82546666307662,203.4823951491605,53936.8628593617,2653.863800483412,32064.438217982923,8353.611426026457,9105.667996768503,24723.023700638925,41405.08513563909,73849.01876539098,79296.04638963703
7.4809607049393065,88.37986185590206,373.67682495968813,97782.52660857569,4865.760876275472,58567.61116470994,15850.533944770841,17203.147923951707,45535.38596315315,73849.01876539097,139634.36951195344,142956.5332874313
8.695608735568554,90.55239725088657,401.0897477172614,105762.01162153817,5306.714352079478,62990.855322410745,16144.400001587792,17626.808836776952,49362.52379505376,79296.04638963703,142956.5332874313,160872.98572389636
