v,mu,sd,comat,,,,,,,,
8.8885120528691,56.94383830774275,215.64058572121013,46500.86221018658,42178.10783846759,25034.687397595757,20625.32116424677,7520.784593418086,9315.778058437327,6648.69399693818,11485.968712411797,3337.953476538482
6.1877061001745615,96.49431738177822,203.68851511640486,42178.1078384676,41489.01119032589,23474.871910222697,19579.669590892652,7137.327678078907,8885.139704784995,6653.5531470794685,11015.710824787822,3172.749680560698
9.121392663306843,27.194513875556854,119.18507555437195,25034.687397595757,23474.8719102227,14205.082234901352,11582.030007259806,4176.065110854644,5319.321467185004,3757.075168904581,6428.539215079151,1832.690138796269
9.828745990214998,26.300184709354205,98.77363641267911,20625.321164246765,19579.66959089265,11582.030007259806,9756.231250184128,3446.138817655251,4396.943572066431,3145.821409757165,5322.976721391225,1518.2268616975227
9.863005569524468,19.58199051294541,35.52941759555317,7520.784593418087,7137.3276780789065,4176.065110854644,3446.1388176552514,1262.3395146792031,1550.732662716121,1138.3617599267245,1901.0835450635172,550.181575517006
7.267246237086561,11.421894892339811,45.66408223862176,9315.778058437325,8885.139704784993,5319.321467185004,4396.9435720664305,1550.732662716121,2085.208406695611,1436.3068230970189,2455.6894296825913,713.7387171813045
8.04521231380639,22.107542564711466,33.09593832859733,6648.69399693818,6653.553147079467,3757.0751689045806,3145.8214097571645,1138.3617599267245,1436.3068230970189,1095.3411338503174,1766.9884038686635,525.0298072050108
8.877632573024233,26.356691021335656,55.81920745524431,11485.968712411795,11015.710824787822,6428.53921507915,5322.976721391224,1901.083545063517,2455.6894296825913,1766.988403868664,3115.783920931601,867.0508164225737
8.208066723795346,8.21306444915997,16.570652059394344,3337.9534765384815,3172.749680560698,1832.690138796269,1518.2268616975227,550.1815755170059,713.7387171813044,525.0298072050109,867.0508164225738,274.58650967351
