v,mu,sd,comat,,,,,,,,
7.038435140401431,32.5121658353733,124.94669248438908,15611.67596278849,11824.027028727609,8996.681780028726,30127.772812274456,50388.52404095736,23700.768281607583,13561.011512782734,48216.85548487042,33636.448262272395
5.2768302005593,96.7504251965561,98.38526304466745,11824.027028727607,9679.659984368409,6943.628012488395,23125.004432299862,40596.082875981345,18337.850819495212,10786.276365513166,37928.02207606974,26717.70875441054
8.942674387433764,25.690530004074645,73.09106179747475,8996.681780028724,6943.628012488395,5342.303314682274,17292.611933291024,29509.33941063108,13889.31165499462,7924.333831794701,28603.950398387235,19618.975882509585
6.436525923946729,92.98006306205151,243.28525604416035,30127.772812274456,23125.004432299862,17292.611933291024,59187.715808472654,100134.34323922651,46084.3878632672,26518.09649431503,93731.13553959495,66344.57085160805
7.251752934836356,90.92500033079101,422.070714202457,50388.52404095736,40596.08287598134,29509.33941063108,100134.34323922651,178143.68778737212,78342.62872497345,46791.435010494984,163999.82139278064,116941.98907099986
6.519561526703828,48.36744370621057,193.0554308704097,23700.76828160758,18337.850819495212,13889.31165499462,46084.3878632672,78342.62872497346,37270.39938855955,20747.5802708493,74471.46359274698,51465.0611116984
7.631997621485727,28.497627366417305,115.38974561237616,13561.011512782734,10786.276365513168,7924.333831794699,26518.09649431503,46791.43501049499,20747.580270849296,13314.793392488886,43067.15705484459,31030.535000112544
8.119061064423434,81.72143213682621,398.92396499635544,48216.85548487042,37928.02207606974,28603.95039838723,93731.13553959495,163999.82139278064,74471.46359274698,43067.15705484459,159140.32984841344,107975.60235660695
8.883877288624786,80.02468937578021,278.7359420585681,33636.44826227239,26717.708754410538,19618.975882509585,66344.57085160805,116941.98907099986,51465.0611116984,31030.535000112537,107975.60235660693,77693.72539527743
