v,mu,sd,comat,,,,,,,,
6.24255063718865,85.81379594452405,219.23497049618584,48063.97228846347,39818.27891689661,55136.7008821521,50822.15387396061,62357.03220862827,63093.11544834799,14722.452585413215,18239.393501293343,78700.28574668223
7.249877105253978,68.30873177959921,189.50494918166896,39818.278916896605,35912.12576434692,47760.63416477211,43538.754908746494,53716.89198259853,54630.25491421518,12604.983448084036,15912.413111251391,68487.72510587698
7.054704014982704,62.84931771750071,260.0506977280746,55136.7008821521,47760.634164772106,67626.36538885842,60143.306692150254,73671.23316882577,76080.15086353256,17552.927509600966,21650.6794539661,96841.83940047257
6.301498454434499,96.95771977318307,241.72258948971609,50822.15387396062,43538.7549087465,60143.30669215027,58429.8102696138,67633.39796490007,70600.74457449788,16579.548734494198,20239.91964470109,88218.22191507084
9.351978441734747,68.90880840554784,291.53388104336005,62357.03220862826,53716.891982598536,73671.23316882577,67633.39796490007,84992.003796204,83784.25121895869,19449.49524991278,24774.108328916085,105956.01073239183
5.925199635809525,71.2587139033121,301.03388522024517,63093.115448347984,54630.25491421518,76080.15086353257,70600.74457449788,83784.2512189587,90621.40005079574,20238.534485897195,25423.310561057333,110009.30026349438
5.09830712715022,30.36723362496549,69.05523653239922,14722.452585413215,12604.983448084036,17552.927509600962,16579.548734494194,19449.49524991278,20238.534485897195,4768.625692545603,5774.869471199565,25471.327981724
9.76626015751856,20.19664149109159,86.12449909132582,18239.393501293343,15912.413111251395,21650.6794539661,20239.91964470109,24774.108328916085,25423.310561057337,5774.869471199564,7417.429343731783,31076.624539928205
8.402254023655196,87.9135532145103,378.3530005614847,78700.28574668222,68487.72510587696,96841.8394004726,88218.22191507084,105956.01073239182,110009.30026349438,25471.327981723993,31076.624539928205,143150.99303387883
