v,mu,sd,comat,,,,,,,,
9.429402497188129,71.89003341531225,323.34262315366556,104550.4519478934,14087.060984708865,12949.610643501484,75199.27704623301,19224.284549850036,55144.544162079335,30126.276940527525,46183.30620447136,58013.65341694493
8.942907834018623,15.01056147898376,46.20329225948139,14087.060984708865,2134.744215615053,1820.7864566116589,10565.977640438017,2736.82587915607,7787.1145785282115,4119.681913085866,6440.846710160692,8622.5231657578
7.123640657375538,31.496425851984863,40.873424056316665,12949.610643501484,1820.786456611659,1670.6367940874864,9404.13909383259,2485.0885406345506,7043.252907413656,3787.997263669347,5862.3812500041895,7430.812885132933
7.394348234235947,51.06553589188618,239.21155160136576,75199.277046233,10565.977640438017,9404.13909383259,57222.16641953287,14119.72728674085,40842.42627434412,22198.199128104814,33607.45568137385,43643.25684006064
5.001770298657749,59.55321338126741,61.58285660913605,19224.284549850036,2736.82587915607,2485.08854063455,14119.727286740852,3792.4482281414116,10602.981370897576,5744.845123721675,8721.439170728503,11222.291426032374
9.281835230369264,90.88843088587718,176.90651833829483,55144.54416207931,7787.114578528211,7043.252907413655,40842.42627434412,10602.981370897578,31295.91623057745,16539.26679587613,25062.08151348572,33083.82129253401
6.7666084666832385,20.857742203266355,95.27998761370526,30126.27694052752,4119.681913085866,3787.9972636693456,22198.199128104814,5744.845123721676,16539.266795876134,9078.27603966783,13325.747110434699,17274.795262348893
7.433745228528791,37.562989329403756,146.1928025839096,46183.30620447136,6440.846710160692,5862.3812500041895,33607.45568137385,8721.439170728505,25062.081513485722,13325.747110434699,21372.335527337964,27075.40131977712
7.206365531410016,39.88830547439562,191.98158897290443,58013.65341694493,8622.523165757802,7430.812885132933,43643.25684006064,11222.291426032376,33083.82129253401,17274.795262348896,27075.40131977712,36856.93050456123
