v,mu,sd,comat,,,,,,,,
6.777095589026183,47.9610226801272,225.3571244477167,50785.83353934369,35495.98964804647,52998.396565043804,35121.758712848234,47378.94886974298,28194.22391238243,8734.683499344323,71268.86277386705,42697.8970571826
6.704244383446508,55.96309227418495,162.54624400658963,35495.98964804647,26421.28144064977,37262.60128878077,24519.23755679332,33063.026105262485,19935.206292209718,6238.282324915564,52588.19067320631,29494.083456943812
9.66553221140785,71.54892862686879,238.8501971554945,52998.396565043804,37262.60128878077,57049.4166812186,37333.91439831736,49772.69290277461,29959.817569255374,9161.553559723028,74606.81959526589,45421.55646208497
9.569095928225131,56.738319510917606,159.0268062292264,35121.75871284823,24519.23755679332,37333.91439831737,25289.52509946792,32585.47511080629,19566.333313391904,5960.353850477019,49701.349113533535,30374.006964317006
9.18732364188197,44.06784628562671,213.91532105615482,47378.94886974298,33063.02610526249,49772.6929027746,32585.475110806296,45759.7645825578,26464.874090568017,8103.192058381883,65952.31854802289,38950.20262747902
5.29744032862453,83.51431341767696,127.3383290243747,28194.22391238243,19935.206292209718,29959.81756925537,19566.3333133919,26464.874090568013,16215.050038719912,4885.128639973872,39893.97874931746,23920.840530504574
6.241051125605026,31.923341911629148,39.69778135650815,8734.683499344323,6238.2823249155645,9161.553559723026,5960.353850477018,8103.192058381881,4885.128639973872,1575.9138446291263,12781.627137204889,7375.484177021495
7.5455972220480305,88.15231788921024,329.64670119124065,71268.86277386705,52588.19067320631,74606.81959526589,49701.349113533535,65952.31854802289,39893.97874931746,12781.627137204889,108666.94760626712,60698.170541740365
5.447721105234987,49.101351682633116,194.68475528451447,42697.8970571826,29494.083456943816,45421.55646208497,30374.006964317,38950.20262747902,23920.840530504574,7375.484177021495,60698.17054174036,37902.15394019128
