v,mu,sd,comat,,,,,,,,
7.503340631701906,63.669344555439906,266.6128105101308,71082.39072811091,33297.610346933914,36316.53048566807,56655.32869920472,57969.49561410908,87714.56449025603,23941.16275008127,45360.63287305997,30753.52407726154
7.3403371297405755,27.75077198144281,132.80346548101517,33297.610346933914,17636.760443767183,18611.747041507137,29167.91051047133,28994.580802684613,45361.68914717626,11865.882302801156,22547.313666297738,15503.128935553641
7.503912628211162,56.09488360853489,142.62869107505807,36316.530485668074,18611.747041507137,20342.94351778435,31764.87702957983,31640.74541012573,48814.40461147103,12924.121465124814,24270.91826595497,16966.476318075394
5.745890827260541,63.983810448392596,225.13258383768996,56655.32869920473,29167.91051047133,31764.877029579835,50684.680305434515,49612.485935963174,76340.35677282116,20005.326559361383,38105.79663860285,26499.625437021816
9.101389679097075,66.67732597156986,226.80309687719694,57969.49561410907,28994.580802684617,31640.74541012573,49612.485935963174,51439.64475308719,76561.15175631264,20013.951783808352,38826.4571380989,26544.639072819464
6.60682015804819,70.80476210166256,347.49262665579494,87714.56449025603,45361.689147176265,48814.40461147103,76340.35677282118,76561.15175631264,120751.12558014366,30669.021454947622,58569.63660216447,40586.69064219235
8.895869985537066,32.31366231499029,92.33352573357016,23941.16275008127,11865.882302801154,12924.12146512481,20005.32655936138,20013.95178380835,30669.02145494762,8525.479974391861,15804.515475854654,10910.8143916553
9.075401539396115,84.8782952513033,174.26200298884334,45360.63287305997,22547.31366629774,24270.918265954966,38105.79663860284,38826.4571380989,58569.636602164464,15804.515475854658,30367.245685683643,20629.84467136473
5.0740113864068705,38.7766443164902,120.15439667233892,30753.52407726154,15503.128935553643,16966.476318075398,26499.62543702182,26544.639072819467,40586.69064219234,10910.814391655302,20629.84467136473,14437.079039693772
