v,mu,sd,comat,,,,,,,,
6.872700594236813,15.249685564363922,17.16682636143074,294.69992732351335,2461.0915543646215,4191.190040480523,1281.4750165153446,2425.8650037837183,449.4519961919016,1565.3321352049843,4890.773066950405,6219.87919694546
9.75357153204958,65.45898907005915,147.76868798759108,2461.0915543646215,21835.58514957404,34794.68141647863,10935.824296877281,21175.484165011163,3801.576761490022,13446.263583303962,41867.93765539056,51727.47775448247
8.659969709057025,53.31421566064677,246.85899452972066,4191.190040480523,34794.681416478634,60939.363180224645,18367.28296325684,34234.794195466995,6277.575740916395,22293.731230754176,69522.89295515063,88285.90212455016
7.993292420985183,28.68276176914312,75.76642423136538,1281.4750165153446,10935.82429687728,18367.28296325684,5740.55104080723,10817.420984804177,1936.2208003714766,6854.018461320069,21740.465536122927,26828.673676548497
5.780093202212183,76.77735816158962,147.04343295624943,2425.865003783718,21175.484165011156,34234.794195466995,10817.420984804176,21621.77117555902,3677.3632786180738,13537.983817226213,41254.24439790725,51544.870316964705
5.779972601681013,12.313091433735334,26.58403596487487,449.4519961919016,3801.576761490021,6277.575740916395,1936.2208003714761,3677.3632786180738,706.7109681817607,2422.258477739461,7454.337893556868,9592.295507697228
5.290418060840997,20.31602228913042,95.86705519770616,1565.3321352049845,13446.26358330396,22293.731230754176,6854.018461320069,13537.983817226213,2422.258477739461,9190.492272280038,25927.70946648771,34572.53392048941
9.330880728874675,81.77143605861961,288.94877515774584,4890.773066950406,41867.93765539057,69522.89295515063,21740.465536122927,41254.24439790724,7454.337893556869,25927.70946648771,83491.39466516156,102660.4401566026
8.005575058716044,87.78875606783318,370.00224373753406,6219.8791969454605,51727.47775448247,88285.90212455016,26828.673676548497,51544.870316964705,9592.295507697228,34572.533920489404,102660.44015660259,136901.66037080955
