v,mu,sd,comat,,,,,,
6.554148998781777,9.327712832917374,29.20463575983712,852.9107498647568,5546.63236292373,6531.62653168813,2653.614338588435,1343.1445820264546,2214.49399725301,1603.6164132953697
9.09493610359425,70.95701286504577,191.16067076610665,5546.632362923731,36542.402047747826,42755.23438288863,17730.992791678924,8957.982858580785,14611.060186923909,10570.620490701216
6.6737631228576255,98.5022135075249,229.40205319104888,6531.62653168813,42755.23438288863,52625.302008268816,21048.58827687295,10456.828262288454,17111.94985598091,12391.872249114396
5.968567593367713,80.98938096209655,95.11118277274099,2653.614338588435,17730.99279167892,21048.58827687295,9046.137088429743,4492.002436436041,7259.168320746842,5229.318251520471
5.551566625263002,45.98901870676368,47.62930430832134,1343.1445820264548,8957.982858580783,10456.828262288454,4492.0024364360415,2268.5506288946767,3632.506920331857,2592.2678346952544
9.811550437231105,40.33495037091884,77.7867595388721,2214.49399725301,14611.06018692391,17111.94985598091,7259.168320746842,3632.506920331858,6050.779959558313,4368.364205543825
9.325236258690676,39.00940946826812,56.63305892711254,1603.6164132953697,10570.620490701216,12391.872249114394,5229.318251520471,2592.2678346952544,4368.364205543825,3207.3033634418016
