v,mu,sd,comat,,,,,,
7.4984716023441695,86.70680849792488,285.40353355448707,81455.17696538725,62180.1447180724,48220.06748571382,29667.333272667445,53295.3466049127,43002.830735109164,13258.489436760367
6.279685671558351,92.63632643674022,224.81254976318377,62180.1447180724,50540.68253102397,37889.01198001584,22577.712120083954,41720.20091324158,33265.502231886574,10217.368162966348
6.290503154942872,98.8759721233643,178.2774879923246,48220.06748571383,37889.01198001584,31782.862724853447,17451.311102315787,33826.79197135137,26943.325102762406,7811.029015052251
5.484608547195821,26.89145987526884,104.47272449085843,29667.333272667453,22577.712120083957,17451.31110231579,10914.55016254281,19427.846992332976,15763.35478899043,4806.730031943995
7.820925572809623,72.12266548829044,193.7697819789941,53295.3466049127,41720.20091324158,33826.79197135137,19427.846992332976,37546.72840818691,29818.89783099504,8690.555425207498
5.0799503673027715,74.25052723812789,155.4492230773065,43002.830735109164,33265.502231886574,26943.325102762406,15763.354788990428,29818.89783099504,24164.4609553382,6919.234023341603
5.762976144419594,45.04843287157022,46.701510905581195,13258.489436760365,10217.368162966346,7811.02901505225,4806.730031943993,8690.555425207496,6919.234023341603,2181.0311208641187
