v,mu,sd,comat,,,,,,
8.220717680341675,48.9409949092882,209.40631185850316,43851.003446180686,33053.321955900596,41409.81175763636,19568.998187512156,37456.84802219323,4058.545674700002,38740.40704149688
6.903742448175583,70.0266473844694,160.79065666559114,33053.3219559006,25853.635270952014,32333.78835323118,14912.918559229096,29349.405488739158,3240.2175940214356,30195.062177688025
8.315239526678344,59.79713991921085,211.1197783218483,41409.81175763635,32333.788353231183,44571.56079866635,19678.710204853316,39139.16737851859,4338.288368583974,38457.62397935001
5.818253630513767,61.66385841882139,95.65960714236789,19568.99818751216,14912.918559229096,19678.71020485332,9150.760438632164,17342.73367357165,1915.580817459793,17865.285058964484
9.813039068371594,63.710097263697854,189.46457677745516,37456.84802219323,29349.405488739154,39139.16737851859,17342.733673571653,35896.82585346019,3908.156241280243,35195.84212818664
6.7333092018988285,18.64315185396842,20.94162065084164,4058.5456747000026,3240.2175940214356,4338.288368583974,1915.5808174597928,3908.156241280243,438.551475483757,3868.368997968534
9.958754961468038,94.21979413937449,191.01658077032198,38740.40704149688,30195.062177688025,38457.62397935002,17865.285058964484,35195.84212818664,3868.3689979685337,36487.33412918494
