v,mu,sd,comat,,,,,,
6.24255063718865,42.704049889511026,45.67147333563968,2085.8834766480463,9949.388888174068,4009.4950708296387,5650.756778517576,16825.182782813106,11791.198355364977,7108.652445290937
7.249877105253978,49.49467467595146,226.3392496869161,9949.388888174068,51229.45594883615,19274.180845330236,27592.184943340573,81962.24163218796,56584.64071681557,34954.931717569314
7.054704014982704,20.348619131654672,89.08295506637792,4009.495070829638,19274.180845330236,7935.772883358308,10970.910696684003,33870.91041093555,23119.281811191086,14041.062409899943
6.301498454434499,31.131488202347278,126.85863905781781,5650.756778517575,27592.184943340577,10970.910696684005,16093.114303601695,47659.14701693922,32956.5747710761,20114.30238520961
9.351978441734747,84.23024905074446,387.8959022838476,16825.182782813106,81962.24163218797,33870.910410935554,47659.14701693922,150463.23100860027,99704.71846687852,61826.924248843396
5.925199635809525,97.32336738641365,264.3443449111716,11791.198355364975,56584.64071681556,23119.28181119109,32956.5747710761,99704.7184668785,69877.93268651646,40998.06200675381
5.09830712715022,70.17800908774747,161.76802441700664,7108.652445290937,34954.93171756931,14041.062409899945,20114.302385209612,61826.924248843396,40998.062006753826,26168.89372378126
