v,mu,sd,comat,,,,,,
9.318799927850414,50.20752628213788,151.262561573244,22880.362533699434,30571.476337361324,2172.545145947066,18093.474800407712,24636.708142430947,11425.441097304669,25660.45700411379
6.424529826138134,42.19790716720568,206.93203267799345,30571.47633736132,42820.86614824615,2943.131423708829,25606.97722787362,33084.79350802534,15642.145120710278,35929.941871499206
5.366281940418681,8.526110178061302,14.47462887883116,2172.545145947066,2943.131423708828,209.51488117989297,1750.8812904021383,2355.897541183977,1103.764694124092,2483.2026385621048
8.816186021651426,41.49005579586611,125.25023371948234,18093.474800407712,25606.97722787362,1750.8812904021381,15687.621046784952,19662.2301655898,9222.27117007039,21866.078691751514
7.263595287997057,40.21096798713746,165.93873346538993,24636.708142430944,33084.79350802534,2355.8975411839765,19662.2301655898,27535.66326409772,12477.74468401682,28345.475441958322
7.711484370043872,75.47724927068221,76.93840979607542,11425.44109730467,15642.145120710278,1103.7646941240919,9222.27117007039,12477.74468401682,5919.518901948834,12958.34878181803
8.633178914137536,65.804366827663,177.53664545567918,25660.45700411379,35929.941871499206,2483.2026385621048,21866.078691751514,28345.475441958322,12958.34878181803,31519.26047965553
