v,mu,sd,comat,,,,,,
9.23331203605067,17.308524208299975,42.278915028150365,1787.5066559575591,1341.4888335602407,11543.526754500088,16161.886077589987,13247.98499956138,8336.468453137923,16599.0203350157
7.805827701325171,9.06024363866895,32.02172171590357,1341.4888335602411,1025.3906616507704,8797.001086854334,12359.321995325796,10129.772396173083,6288.051548446723,12512.665952899153
7.274377012028764,74.12077633358624,279.07209558422323,11543.526754500086,8797.001086854332,77881.23453376984,109022.99251037669,86594.34065056058,55098.94131544632,106911.06384324854
6.760874568459808,84.36623246880178,401.8467386614724,16161.886077589987,12359.321995325792,109022.99251037672,161480.8013728617,122553.58179703416,77449.84080756632,156669.6074849769
7.929256920674186,83.61135179188884,320.3876296557741,13247.984999561384,10129.772396173083,86594.34065056061,122553.58179703417,102648.23323644548,62326.85861769614,123243.14160825693
7.678748721365379,56.93265249109231,201.35726263921435,8336.468453137923,6288.051548446724,55098.94131544632,77449.84080756633,62326.85861769615,40544.747217557546,76385.20019752314
9.137281383896731,90.09249577153366,404.3365893397966,16599.0203350157,12512.665952899153,106911.06384324854,156669.6074849769,123243.14160825692,76385.20019752313,163488.07747893932
