v,mu,sd,comat,,,,,,
9.36714701395908,49.734795256165704,51.499840484292534,2652.233569907576,1519.4776724666779,3899.1079018308624,9506.274207015967,8234.43416283348,9300.343383214307,11589.76997666514
9.84270331410466,11.450158338710073,31.365016991641326,1519.477672466678,983.7642908859493,2407.502011083836,5613.993718411773,4832.090061580692,5644.033518195658,7038.2663728460975
9.345972701069599,45.99189493363427,80.18846667084236,3899.107901830862,2407.5020110838354,6430.190187020794,14535.431637698599,12092.498998385492,14218.037756646607,18078.985591684126
7.654278457777995,55.32200508668093,187.892616016741,9506.274207015967,5613.9937184117725,14535.4316376986,35303.63515361448,29717.246273145047,33553.36616694026,42345.043819542065
6.163641639886453,73.48782433532043,163.5532838944165,8234.434162833479,4832.090061580691,12092.498998385494,29717.24627314504,26749.6766726476,29587.84862594628,36481.55717876344
5.056994021387149,43.41756915360271,186.31041971488264,9300.343383214307,5644.033518195657,14218.037756646609,33553.36616694026,29587.848625946284,34711.57249433573,42942.79896037042
7.152344091462453,60.77738336735324,232.5380475135425,11589.76997666514,7038.2663728460975,18078.985591684122,42345.04381954206,36481.55717876344,42942.79896037041,54073.94354141054
