v,mu,sd,comat,,,,,,
9.184720621322619,9.770236909122904,23.67850886838337,560.6717822301099,748.5339259296027,6115.76436072568,2623.7296416683093,2780.6783925166465,2841.7755696662307,854.5563972824542
9.851179259701649,23.550690671084965,31.914282430454133,748.5339259296027,1018.5214230507936,8209.944680944463,3497.419080714456,3685.8769942299677,3769.1460547990882,1163.7285091547822
7.235768926307557,90.93261789359764,269.06845180568996,6115.7643607256805,8209.944680944463,72397.83175711094,30366.2749959147,30777.25994049625,31396.881140693746,9268.290487821752
6.422905045143158,81.97989029417764,115.05114074978977,2623.7296416683093,3497.419080714456,30366.274995914693,13236.764987827935,13179.012190720347,13273.037498979913,3968.372872980222
8.85608294004877,47.232743379597025,118.92120366311823,2780.6783925166465,3685.876994229968,30777.259940496246,13179.012190720348,14142.252680684844,14086.377869534748,4177.520810537739
6.494718161178888,64.46804508476833,123.11195777929089,2841.7755696662307,3769.1460547990882,31396.881140693746,13273.037498979915,14086.377869534746,15156.554148249905,4412.268490243599
9.881675374476423,15.668297150909996,36.84016220187652,854.5563972824542,1163.7285091547822,9268.29048782175,3968.372872980222,4177.520810537739,4412.268490243599,1357.1975510605712
