v,mu,sd,comat,,,,,,
9.637402693094794,87.26440137171494,289.89081343415614,84036.68371351673,117665.1766221073,24369.67400216967,32745.21756628365,96594.75043178276,92063.38176499758,56207.067276234964
9.362131472046078,96.79764212259023,430.6410842929738,117665.17662210733,185451.74348102816,35061.99971744066,48335.497539826676,140325.43138853647,135911.73818657987,81829.26637245518
7.923156362977766,40.193074493132876,86.21098475666524,24369.67400216968,35061.99971744067,7432.3338927139675,10108.9116570075,28690.6291946449,27517.677317289872,16915.83068344039
9.525850868618985,77.259434886998,118.47871009534202,32745.217566283653,48335.497539826676,10108.9116570075,14037.204745856103,38073.18798645456,37347.90005946949,22961.378937257257
6.584162855953697,95.57718392718233,344.9606068509021,96594.75043178277,140325.43138853647,28690.629194644895,38073.18798645456,118997.82027894261,111152.08832387213,66914.2778098922
5.740040504648919,89.54530204561851,329.6046200192362,92063.3817649976,135911.73818657987,27517.67731728987,37347.90005946949,111152.08832387211,108639.2055380251,63837.48795791849
9.297670511216035,79.26526829511687,200.7741683729585,56207.067276234964,81829.2663724552,16915.830683440392,22961.378937257257,66914.27780989221,63837.48795791849,40310.26668585309
