v,mu,sd,comat,,,,,,
9.620175577872127,46.554095832709635,219.74766081064948,48289.034431752254,54359.11983482789,30394.092617690432,31994.193996352446,30730.301948978104,42239.02971646467,18139.127763564156
5.78935290267396,56.46843828018192,260.3830071209787,54359.11983482789,67799.31039736363,36575.418273725474,36487.124707386785,35968.96725167886,51221.72173753386,20828.50381444071
9.334575384078986,42.20831136732957,142.4695386562168,30394.092617690432,36575.41827372548,20297.569444915247,20480.58190391417,19905.17416841389,27945.589895903817,11640.376551017518
5.420784704307291,90.1217017101015,148.3965505679431,31994.193996352442,36487.12470738678,20480.581903914168,22021.53622046409,21004.53791195464,28190.918868264933,12181.929865431102
7.867868419688138,81.9136631142535,142.95391873517275,30730.301948978104,35968.967251678856,19905.174168413894,21004.537911954645,20435.822881742373,27978.549202279144,11925.628474860034
6.409698834314564,65.20568635167263,199.28982539357645,42239.02971646467,51221.72173753386,27945.589895903817,28190.918868264944,27978.54920227914,39716.43450540218,16493.503730882636
6.281402789050027,74.18372950835581,85.48152825385935,18139.127763564156,20828.50381444071,11640.376551017518,12181.929865431102,11925.628474860032,16493.503730882636,7307.091672615355
