v,mu,sd,comat,,,,,,
5.575272831948895,32.58161388822188,118.07092421295378,13940.743144501077,6026.740319676214,11215.551611776951,10899.693380970073,12747.827609739552,32190.207910464505,8122.280359189175
8.045332696397407,33.463593701667364,52.80265671853651,6026.740319676214,2788.120556535609,4907.059769199981,4738.989487418909,5884.612087462295,14222.917976138713,3672.372315269085
5.666954820929941,43.3758833631446,97.20874259334056,11215.551611776953,4907.059769199981,9449.539636578345,8708.256722812252,10458.637384097688,26091.085049476518,6644.586199042133
6.2029480998267434,28.122811546691413,94.27936819280693,10899.693380970073,4738.989487418909,8708.256722812253,8888.599266834855,10303.116423504585,25915.746083335765,6455.3799901588645
6.635695279055699,28.30760903151918,112.97800152708828,12747.82760973955,5884.612087462295,10458.637384097687,10303.116423504584,12764.02882905476,30810.64585752967,7792.909441089265
9.295687454742989,73.41393154615118,277.5812663195868,32190.2079104645,14222.917976138711,26091.08504947651,25915.746083335765,30810.64585752967,77051.35941158536,19244.83256499086
8.330451065490129,14.760563964455109,70.47534164760697,8122.280359189173,3672.3723152690845,6644.586199042132,6455.379990158864,7792.909441089264,19244.83256499086,4966.7737803469245
