v,mu,sd,comat,,,,,,
7.940654005386371,63.94090702061591,262.87603978782647,69103.81229453093,31939.58908918093,27175.67957761414,11720.517420522836,111756.41015807424,52910.80618114532,57438.96068251184
9.48856863954709,48.643899236548535,122.54479176627383,31939.589089180925,15017.225989039414,12677.909906790961,5535.920131511304,52463.32267459613,25178.62528677788,26997.287108740038
9.45765364737354,32.72975933760351,105.68162559826676,27175.679577614133,12677.909906790961,11168.605989092233,4754.646611125689,44962.56694268831,21610.53822864388,23440.16139787488
9.07918738653842,12.995542161265657,45.81093234924808,11720.517420522838,5535.920131511303,4754.646611125689,2098.6415227073835,19618.288767649476,9467.968911666805,10033.71987308125
5.179447928084267,94.73419635243496,432.4568828790002,111756.41015807423,52463.32267459614,44962.56694268831,19618.28876764948,187018.95554942128,89578.57595289873,94541.87467095224
8.45878790879442,88.46534507752219,210.45963167436648,52910.806181145315,25178.625286777875,21610.53822864388,9467.968911666805,89578.57595289873,44293.256564510004,45730.20806157996
6.89340471002704,71.79455054398713,223.23441581152233,57438.96068251184,26997.28710874003,23440.16139787488,10033.71987308125,94541.87467095224,45730.208061579964,49833.60440271166
