v,mu,sd,comat,,,,,,
9.174210743328247,58.96716042751845,81.44182412575061,6632.770716929695,13212.476543896686,32630.06982982598,2217.7867397275963,6334.745537844182,8687.480702250654,17615.598636408387
5.5239805218493485,80.80786106086289,167.64604769564738,13212.47654389669,28105.19730797128,67246.00202048167,4587.286532479655,13081.486433113852,18526.7543045648,36453.97110029918
8.72320240839759,91.58441672762439,421.9272023890019,32630.069829825985,67246.00202048167,178022.5641158097,11620.284749851136,33248.772793762015,45513.27300273753,95123.35911176875
6.802504181281428,6.506491033370064,28.724394548693223,2217.786739727597,4587.286532479656,11620.284749851136,825.0908421889969,2236.2396720023203,3098.2657520759317,6446.212554492467
6.79655418904036,69.18258649865523,79.60986683204011,6334.745537844183,13081.486433113849,33248.772793762015,2236.2396720023194,6337.730897015159,8745.018436261133,17993.246851579854
8.046191903090758,34.35004411814921,111.8780238951948,8687.480702250656,18526.754304564798,45513.27300273752,3098.2657520759317,8745.018436261134,12516.69223069378,24417.906242899735
6.968897755441256,61.43737479801528,228.74692880658765,17615.598636408387,36453.971100299175,95123.35911176875,6446.212554492466,17993.246851579854,24417.906242899735,52325.15743844607
