v,mu,sd,comat,,,,,,
5.230204968157428,84.07453697299736,202.15195534826694,40865.41305112771,4838.228915372924,81905.03057027239,20009.448470125706,11879.909338316962,2509.8358302659567,15803.238264186284
6.851211580577996,23.00854509882643,24.599311620724237,4838.228915372923,605.1261322134985,9848.70203972744,2364.209628654204,1407.480373378997,304.9320286399216,1882.8376146141431
6.2115913374570235,98.16887095204544,416.638089596733,81905.03057027239,9848.70203972744,173587.29770281533,41600.76872764974,25165.78188796507,5137.49915503278,32806.71207591114
8.142400025222924,96.27555042821625,101.17830579301211,20009.448470125706,2364.2096286542037,41600.76872764973,10237.049563144268,6122.433318724454,1256.9156595487698,7946.995006980711
9.950550300134584,31.895925646463283,60.89821719815882,11879.909338316962,1407.4803733789975,25165.78188796507,6122.433318724454,3708.5928579141264,745.5945295410532,4721.504580506746
5.652940246291533,5.259559318452137,12.601087701759624,2509.8358302659562,304.9320286399216,5137.4991550327795,1256.9156595487698,745.5945295410532,158.78741126743762,991.921189789482
5.867945816733246,46.782413807531114,80.75213239825726,15803.238264186284,1882.8376146141431,32806.712075911135,7946.995006980712,4721.504580506747,991.9211897894821,6520.9068868656705
