v,mu,sd,comat,,,,,,
7.100914835703869,21.07617437664856,21.8576725808069,477.75785064975764,6914.3849801542265,257.5089078867966,7102.804068852231,4049.2038458278394,3605.78811805746,1602.4517991505104
6.8161974848254285,76.25213264198256,323.72212875792104,6914.384980154228,104796.01664755998,3892.159630242583,105576.33067430019,61603.76250746236,53770.14989838274,23777.222152558286
5.924383438807259,9.476660190574682,12.283863431754362,257.5089078867966,3892.1596302425824,150.89330080999204,3919.1845493091487,2270.5633417821527,2009.0947764792318,864.3932150431287
7.591413640837381,81.84802515181734,331.10700046937956,7102.804068852233,105576.33067430019,3919.184549309149,109631.84575982971,62578.55588769483,53697.57775217733,24228.64872607518
5.043027260043846,78.53213259806468,193.78578390458992,4049.203845827839,61603.76250746236,2270.5633417821523,62578.55588769482,37552.930043516426,31445.23749458544,14154.389653114178
9.844681033597432,45.65025232788316,168.27145131527666,3605.78811805746,53770.14989838274,2009.0947764792318,53697.57775217733,31445.237494585443,28315.28132774952,12293.49201931309
9.006906280082305,21.815436032585378,74.61241707273629,1602.4517991505104,23777.22215255829,864.3932150431289,24228.64872607518,14154.389653114178,12293.492019313091,5567.012781435951
