v,mu,sd,comat,,,,,,
9.2944463364652,6.424997854303626,8.90324562727755,79.26778269963684,1861.9339870162407,710.256798999066,1192.6290066234592,439.87956953104487,951.5106741969887,761.6020667637853
6.863555774876399,79.50230473263187,215.29320934679663,1861.9339870162405,46351.16599084359,17357.748639658825,28803.565953370256,10425.439245574618,22683.605411799963,17956.871535445207
7.775643889992984,23.805423163321056,83.23342692058745,710.2567989990658,17357.748639658825,6927.803356944772,11192.99941731466,3989.160147073165,8826.437742487822,7041.124878279894
9.778282744958839,65.82744922811355,137.10613480850688,1192.6290066234592,28803.565953370267,11192.99941731466,18798.092202128464,6819.194125274037,15055.002843986165,11975.47601674433
8.683347990056118,17.332689429475693,50.1069413081918,439.8795695310448,10425.439245574617,3989.1601470731657,6819.194125274036,2510.7055672625775,5497.8524818503065,4372.87335650063
9.081025695562404,42.10951528715479,110.34042460974288,951.5106741969887,22683.605411799967,8826.437742487822,15055.002843986162,5497.852481850307,12175.00930305835,9673.345802491584
5.505432801543123,40.734158869888475,88.34012925242439,761.6020667637852,17956.87153544521,7041.124878279894,11975.47601674433,4372.87335650063,9673.345802491582,7803.978436335047
