v,mu,sd,comat,,,,,,
7.717024708954828,18.547029872396934,87.82695978152351,7713.574864465349,27531.177404161175,8428.708163036104,4311.906064663734,4036.250273454803,40539.89632756796,20345.145570260873
6.391846925468981,94.90608867686463,323.5525687104035,27531.177404161186,104686.26471910035,31845.18893324171,16219.386626282747,14968.468170601167,149978.8636206054,74110.54252144563
7.122587953745665,41.83779663102992,102.61774005005645,8428.708163036104,31845.1889332417,10530.400572980963,5066.957600284296,4811.551054489186,46533.21360389789,23771.98237433045
9.22388066159952,24.412801302521203,51.439243107916454,4311.906064663733,16219.386626282745,5066.957600284296,2645.99573151533,2410.116607396002,23329.706687326514,12277.318595525334
5.023594280954863,28.420908714337216,48.15729739248468,4036.250273454803,14968.468170601165,4811.551054489186,2410.1166073960026,2319.1252921482114,21742.6720272033,11413.37853102721
5.607845603915571,96.82792097629574,467.4900827374159,40539.89632756796,149978.8636206054,46533.21360389789,23329.706687326514,21742.6720272033,218546.97745783595,108303.24753213348
8.353745423633892,61.80750001124747,242.60698522315326,20345.145570260873,74110.54252144563,23771.98237433045,12277.318595525336,11413.37853102721,108303.24753213348,58858.14927906731
