v,mu,sd,comat,,,,,,
9.59554515899591,29.4756565853748,130.57077877318216,17048.72826943528,43623.41279543936,12952.880728945996,39225.33922316287,14786.839110830368,8434.480170495302,9978.861153852511
8.210977999619278,69.97750644385968,349.50478425245717,43623.412795439355,122153.59421535661,32998.25743021647,105239.16315329257,38560.524303865146,22600.98494213898,27087.004835948854
8.768561148645883,35.3482882327813,99.45710696009549,12952.880728945996,32998.25743021647,9891.716124871875,29600.67834361753,11262.854932940201,6431.250444795776,7653.6630156134415
5.696572840513675,87.42410688861503,310.71303244187874,39225.33922316286,105239.16315329255,29600.678343617532,96542.58852922799,33685.03332576003,20106.06779896269,23518.857521358022
5.4365977399480006,36.529768688380024,115.72303892261115,14786.83911083037,38560.52430386514,11262.854932940203,33685.033325760036,13391.821737484177,7371.884916775754,8984.9681900725
8.940010290182459,15.67076183986489,66.85293952675629,8434.4801704953,22600.98494213898,6431.250444795775,20106.067798962686,7371.8849167757535,4469.315523368134,5156.064541978798
6.630754685172445,25.988506403042365,79.52215465965872,9978.861153852511,27087.00483594885,7653.663015613443,23518.85752135802,8984.968190072499,5156.064541978797,6323.773081714682
