v,mu,sd,comat,,,,,,
9.350620683136059,14.304029453942961,62.48882673138851,3904.8534662654943,7010.703785231606,18080.39873337398,1945.3702863393273,5055.9415974135145,5404.506545413065,8133.535345169744
7.911384643362799,46.87800333051191,117.00547948397968,7010.703785231606,13690.282229275992,33199.05650442648,3731.5200933710253,9420.864042469557,10196.428144841131,15086.78244833143
6.394194703505345,91.79920287290187,292.94154403204453,18080.39873337398,33199.05650442648,85814.74821987827,9282.697594503501,23744.717343601584,25108.31124335335,37712.643162824825
5.929556160450896,28.934039971757446,32.113768443389596,1945.3702863393273,3731.5200933710257,9282.697594503501,1031.2941236356453,2593.403606319321,2762.787887028117,4125.6226897474735
7.055500639625566,24.59444346330533,82.72442992792101,5055.941597413514,9420.864042469555,23744.71734360158,2593.403606319321,6843.331306899513,7127.486146884336,10640.874180961495
5.5868777356735775,20.546895161134472,89.33199612707412,5404.506545413065,10196.428144841131,25108.311243353346,2762.787887028117,7127.486146884336,7980.205532047586,11692.365881177064
8.424843721870676,78.64430125749588,131.82089014533136,8133.535345169745,15086.78244833143,37712.64316282483,4125.622689747474,10640.874180961495,11692.365881177066,17376.747078707518
