v,mu,sd,comat,,,,,,
9.722483014286535,86.99082789595442,203.91732772113866,41582.27654493027,37095.452856589305,5546.135719301618,57012.80568138978,83157.53639562413,60863.79384045117,42740.791453678576
7.320490871522038,70.62145740545827,188.87166433699818,37095.4528565893,35672.50558942772,5039.060848245402,53199.10272367534,78684.82595925097,57708.16818319082,38672.70017233219
5.963975144785788,24.44294208386129,28.31806482616096,5546.135719301618,5039.060848245402,801.9127954986548,7796.076673143322,11609.499805255751,8489.467059055876,5824.990686100163
7.90947438439996,61.76446498771904,293.9940841948213,57012.80568138977,53199.10272367534,7796.076673143321,86432.52154155167,119563.57353508097,86507.79410135334,61526.588227685534
8.100421050868135,96.72257983215569,421.8220084978996,83157.53639562412,78684.82595925097,11609.499805255751,119563.57353508097,177933.8068532021,128482.48902434422,87527.81798688667
8.42112008731587,92.92665705409057,310.0600821627323,60863.793840451166,57708.16818319082,8489.467059055876,86507.79410135336,128482.48902434422,96137.25455076029,63864.30764723893
5.51718777509999,43.783229057295635,213.6445033097606,42740.791453678576,38672.70017233219,5824.990686100163,61526.588227685534,87527.81798688667,63864.30764723892,45643.97379447432
