v,mu,sd,comat,,,,,,
8.645068711445596,31.15410247140785,123.69876736232351,15301.38504695823,14948.814449457166,27078.032879403498,11734.10501384317,4408.87516418863,9415.474867804105,6561.753462009032
7.806198011638205,32.04953549065306,125.1532656538786,14948.814449457164,15663.339903830316,27262.928580285516,12032.290825227517,4402.329960954236,9540.731151285292,6521.425118163211
5.624835460046205,51.65168275220156,230.98965006763106,27078.032879403494,27262.928580285516,53356.21843836665,22363.901505251157,7942.707931155224,17740.33928489385,12418.071885338133
6.987961843500585,20.414861817726294,99.7327325732508,11734.10501384317,12032.29082522752,22363.901505251157,9946.617946527562,3534.337263334308,7650.217635196062,5168.061692452387
8.90654103136738,9.644140894239001,36.66879473290531,4408.875164188629,4402.329960954236,7942.707931155223,3534.337263334307,1344.6005071639445,2810.17867264997,1937.2382705800694
7.554964908265566,66.93476641591229,79.37367980325277,9415.474867804107,9540.731151285292,17740.339284893853,7650.217635196062,2810.178672649971,6300.181045509296,4255.715940005579
5.9134667920791255,23.743583252521503,55.14276312252554,6561.753462009031,6521.42511816321,12418.071885338133,5168.0616924523865,1937.2382705800696,4255.715940005579,3040.7243247869615
