v,mu,sd,comat,,,,,,
7.729257149674893,83.08029865156415,295.0838833303365,87074.49820131167,89494.65627493238,9146.112674776972,43894.409012621894,39460.303558975356,14811.617906497244,9560.677762039677
9.294283052956795,99.73070917490493,309.9104195419805,89494.65627493238,96044.46814068635,9641.278124464607,46916.12208983775,41370.060306941974,15879.37450465215,10207.926242659643
8.429462932832896,28.269876586413552,31.486271002274417,9146.112674776972,9641.278124464607,991.3852616286667,4656.04752776496,4143.171141444991,1595.97166412623,1031.0835857457478
6.657959105067171,70.61291302495975,154.33656440637606,43894.4090126219,46916.12208983774,4656.04752776496,23819.775112763455,20873.149057108254,7755.105927309168,5029.278483058118
5.2999896478030895,78.14906839450752,136.8161216269838,39460.30355897536,41370.060306941974,4143.17114144499,20873.149057108258,18718.651137049623,6761.100664359201,4374.82351932751
6.931388905213545,49.08055402792409,51.51760864484106,14811.617906497246,15879.374504652153,1595.97166412623,7755.105927309167,6761.100664359202,2654.064000483002,1707.5104165460236
6.065749293421778,19.8716769444437,33.265075375776895,9560.677762039677,10207.926242659645,1031.083585745748,5029.278483058118,4374.823519327511,1707.5104165460236,1106.5652397561184
