v,mu,sd,comat,,,,,,
8.031771688882376,25.21249876044342,75.34496794922232,5676.864195269338,8661.870486432457,10377.889084298393,9376.374577071145,23696.60761918222,7296.787824791661,8006.077859260345
8.287557843089079,64.18157153481516,120.2833052292201,8661.870486432457,14468.073516865727,16446.56137124961,15139.178168166565,36871.01631780819,12243.169948334567,12641.645904932817
6.53620504671785,83.60968895284822,141.4544906385443,10377.88908429839,16446.56137124961,20009.372921810016,17521.068941011414,44114.68049693988,13772.072915720599,15199.487018288644
9.81001742575421,78.34960844181452,127.43143198436002,9376.374577071145,15139.178168166567,17521.068941011417,16238.76985758457,39501.52320623751,12933.245621054039,13491.901748893375
7.679594536656468,76.436192546099,317.2842002057987,23696.607619182218,36871.0163178082,44114.68049693988,39501.523206237514,100669.26370023335,30760.405162936295,33377.74381535961
8.298173454433183,46.76828129124585,102.56636804612734,7296.787824791661,12243.169948334566,13772.0729157206,12933.245621054039,30760.405162936288,10519.85985417365,10758.697837815358
9.996882644116358,33.97564450564177,111.0696064283987,8006.0778592603465,12641.645904932819,15199.487018288648,13491.901748893377,33377.74381535961,10758.69783781536,12336.457472159387
