v,mu,sd,comat,,,,,,
6.005017980589869,69.04379670396351,93.04472953497009,8657.321694235738,34893.85430400399,14208.124071874545,10956.745742483205,5742.149092062034,19456.702083653934,19950.946435543097
6.64510233246091,84.83117214135369,394.32392717074265,34893.85430400398,155491.35953935716,61523.60303403629,49169.659456957335,24492.960225836552,84789.06274127781,87382.57717953977
6.48249844350536,51.65263001101938,163.35967056661846,14208.124071874545,61523.60303403628,26686.38196763411,19420.48898268579,10234.75726614217,34297.33488757637,36127.72814125164
5.466668342403839,64.84533578472826,124.85220846709194,10956.745742483205,49169.659456957335,19420.48898268579,15588.073959110186,7746.728407763429,26814.801915582673,27682.47371623112
6.665394062488417,22.355582669274966,64.33561520814277,5742.1490920620345,24492.960225836552,10234.757266142171,7746.728407763428,4139.071384210212,13563.672495535135,14422.009873170979
8.626113703059772,83.91468391673881,216.30868650330046,19456.702083653934,84789.0627412778,34297.33488757637,26814.801915582673,13563.672495535131,46789.447856783125,47828.63132105463
8.261813719600934,82.11391362967842,227.69399757034927,19950.946435543097,87382.57717953977,36127.72814125164,27682.473716231125,14422.009873170977,47828.631321054636,51844.55652956622
