v,mu,sd,comat,,,,,,
9.945057567378,66.70116528112513,259.87104054100064,67532.9577118624,21851.52676851698,13200.63182213762,10558.522411939413,112675.48991258435,11356.792295073039,74916.58045418629
7.747723634223627,49.49158724692826,86.65892358700748,21851.526768516975,7509.7690372587995,4303.988000825118,3572.0605687542056,36362.854241157875,3764.0144368477763,24525.529221443438
6.407236509775315,33.156806864746486,51.75005865736789,13200.63182213762,4303.988000825118,2678.068571041016,2083.2227644306868,22435.409084094295,2195.1047348275315,15120.126335350556
5.386447830395864,14.003117524688216,41.54798665361268,10558.522411939412,3572.060568754205,2083.2227644306868,1726.2351949687775,17591.156314930176,1788.3746023586398,11930.065235189519
7.222347479859016,99.12397680672166,447.96643918697424,112675.48991258434,36362.854241157875,22435.4090840943,17591.156314930176,200673.9306378571,19730.696860479886,128717.79401914674
7.364039848777427,20.32148796853591,45.10665545057306,11356.792295073039,3764.014436847777,2195.1047348275315,1788.3746023586398,19730.696860479886,2034.6103659367122,12529.197656933628
5.24261000453223,62.45554564220777,297.3645014454307,74916.58045418629,24525.529221443438,15120.126335350556,11930.06523518952,128717.79401914675,12529.197656933628,88425.64671988953
