v,mu,sd,comat,,,,,,
5.436748214510875,51.99297023657245,186.49856328395356,34781.71410697883,83808.62494342671,42610.04949121435,49636.2161976883,24660.906461282462,17012.74583477683,39633.173573931075
6.15238549775864,94.11428485718685,469.6407173948486,83808.62494342671,220562.40343514807,104127.19639270545,120179.9045113834,61786.96337941436,41931.044666023976,101590.24570583637
7.055305353194564,81.8364512535589,230.9364145798562,42610.04949121434,104127.19639270545,53331.62757899922,60947.53695188327,30937.184569590827,20995.0403969261,49634.906202159495
6.553913492800435,70.64531094756795,270.58790124970756,49636.21619768831,120179.90451138339,60947.53695188327,73217.81230272148,35919.90013194394,25046.2127843153,59058.45004035593
7.829779453807528,40.92273761140712,136.1017643182101,24660.906461282462,61786.96337941435,30937.184569590827,35919.900131943934,18523.69025052961,12526.56372581835,29437.184411793703
7.725318518919252,64.67011036459627,93.26878136194009,17012.745834776833,41931.04466602397,20995.0403969261,25046.2127843153,12526.56372581835,8699.065576741383,20484.062875457268
9.035497214151883,67.88992581740737,225.03921722948436,39633.17357393107,101590.24570583635,49634.90620215949,59058.45004035593,29437.184411793696,20484.062875457268,50642.64929125905
