v,mu,sd,comat,,,,,,
8.251871208697958,98.83969297917177,295.0346608944216,87045.45112908636,53186.53126409631,40959.872417753024,73465.20868271045,10620.686874552785,36521.23666574379,12462.29288370074
7.527266868674214,68.79459833485306,187.19265610064764,53186.53126409632,35041.090498015335,26087.95577134521,47275.19122829691,6989.5203171715475,23685.57188837546,8087.644388784109
9.39300735460776,29.792885562435565,142.3142222028981,40959.87241775304,26087.955771345212,20253.33784121586,35315.987369252194,5182.80419098294,17802.841995507857,6152.747675224735
5.909201126857672,70.27747356488047,255.71313207311297,73465.20868271045,47275.19122829692,35315.9873692522,65389.20591464131,9398.650491043163,31337.744369604345,10867.260422744037
9.261165343372985,8.36004416432819,38.663490918577814,10620.686874552783,6989.5203171715475,5182.804190982939,9398.650491043163,1494.8655300109488,4790.436638612715,1648.8965350515853
8.750681430530054,44.78080554311091,130.03333798829604,36521.23666574378,23685.571888375456,17802.841995507853,31337.74436960434,4790.436638612714,16908.668988378435,5515.088979150822
8.330508337426613,17.88520323259467,43.80035200513343,12462.29288370074,8087.644388784109,6152.747675224736,10867.260422744037,1648.8965350515853,5515.0889791508225,1918.4708357735967
