v,mu,sd,comat,,,,,,
6.296857349742217,99.49567254697075,139.33238171629966,19413.51259473664,13909.862828168576,5704.198949551394,48260.31458847336,17352.29701541886,18469.445009140327,26472.921812674656
5.2168052558095015,80.68812731116662,104.8308083793326,13909.862828168578,10989.498385464349,4279.604892027288,35641.37811735758,13302.890593915465,13255.812535532663,19927.682857900127
7.910151710633022,31.80392727446355,42.70611040280889,5704.198949551395,4279.604892027288,1823.8118657369016,14946.119688837842,5408.751753574454,5624.163568792515,8291.663376491924
5.562560839055607,91.38273617522358,355.46513910160445,48260.314588473375,35641.37811735758,14946.119688837842,126355.46511652302,45608.9606435315,47957.48431195492,68471.29278212957
8.053883912485752,79.53809590526612,131.6290950146367,17352.29701541886,13302.890593915465,5408.751753574454,45608.9606435315,17326.218654372253,17080.576346629947,24488.891547381318
6.481939791478635,87.31351152614623,138.79203767566264,18469.44500914033,13255.812535532663,5624.163568792516,47957.484311954926,17080.576346629947,19263.229722162563,25899.386107478316
9.036260967055947,39.53989966118418,196.27937182629807,26472.921812674656,19927.682857900127,8291.663376491926,68471.29278212957,24488.891547381314,25899.386107478313,38525.59180452617
