v,mu,sd,comat,,,,,,
7.734445780726773,6.295501710484066,28.17537865442206,793.8519623200623,4497.585773645348,872.6696508619368,5183.564666835573,2406.953060566438,4902.315676609441,2743.913362004749
8.989495106413026,33.638285880934504,161.18779544585288,4497.585773645349,25981.505400694106,4971.56750076923,29597.148475199043,13933.615534221726,28081.997979501994,16015.983041824446
9.102009399491907,6.527304385885442,32.01754315151541,872.6696508619369,4971.56750076923,1025.1230694591513,5768.864044655937,2679.168578168891,5617.750656669763,3252.420135119692
5.610249334151006,82.36789209153754,187.19104648360874,5183.564666835573,29597.148475199043,5768.864044655937,35040.48788362857,15826.689656098622,33021.81140892724,18251.639457824505
8.01001003395719,33.35226795273515,88.22231999375622,2406.9530605664377,13933.615534221726,2679.1685781688902,15826.68965609862,7783.177745080718,14741.309425985859,8671.204353448744
7.627572916822919,37.29999154930056,179.11466986875547,4902.315676609441,28081.997979501994,5617.750656669764,33021.81140892724,14741.30942598586,32082.064962193264,17933.444483564926
7.319542029050342,46.64923113416958,104.07599776585766,2743.913362004749,16015.983041824444,3252.4201351196916,18251.639457824505,8671.204353448744,17933.444483564923,10831.813310958809
