v,mu,sd,comat,,,,,,
6.504366650233093,42.30453150878359,129.17512532993,16686.213004003133,30100.757876979354,16264.539136613539,17870.405356446696,24618.39359671765,10873.814105270072,22722.57037943821
5.93472908170939,92.48713638924369,235.4948868190871,30100.757876979354,55457.84171793465,30203.955581640606,32749.54483596358,44344.52741280059,19598.03272178565,41337.572400270095
6.615913384841097,47.45806428704314,132.46268115044262,16264.539136613537,30203.955581640606,17546.361897563824,17859.859862916677,25441.15777492718,10898.906267147257,22031.115874226896
8.328747851441545,30.011792392023924,141.51455729559112,17870.405356446692,32749.54483596359,17859.85986291668,20026.36992656714,26885.594013245587,11838.672017207378,25044.71120760371
7.834854004846067,54.02318017119368,197.53646599138122,24618.393596717648,44344.5274128006,25441.157774927182,26885.594013245583,39020.65539636411,16540.334540699776,33234.53098181399
6.991269794493824,84.06724844867033,85.2164828401811,10873.814105270068,19598.03272178565,10898.906267147258,11838.672017207376,16540.334540699772,7261.84894765088,14906.007681153862
6.897074577622983,60.391935926652096,178.31073000292648,22722.57037943821,41337.5724002701,22031.1158742269,25044.711207603712,33234.53098181398,14906.007681153864,31794.71643417654
