v,mu,sd,comat,,,,,,
5.927876374092697,19.007128668639787,53.17552382068735,2827.636333604488,24882.5697189632,2107.334842908937,3690.617739041956,14449.598079095533,6125.15620470857,8615.054304409221
6.93299651521035,97.30876058423891,472.7622867763347,24882.5697189632,223504.1797979894,18887.27194029401,32728.925729906157,128020.528915665,53582.80683542214,75296.83549151615
9.159480993185849,16.66030513956128,40.98203472621626,2107.334842908937,18887.27194029401,1679.5271703007957,2927.1050576592997,11126.498717400862,4727.523540589164,6355.4698287461015
5.993487245199411,15.929203972429871,72.77924810453977,3690.6177390419566,32728.92572990616,2927.1050576593,5296.818954662156,19982.302011628184,8651.713878488354,11428.667418985167
9.582789829497457,58.96881044824668,280.8228021977085,14449.598079095533,128020.52891566501,11126.498717400862,19982.302011628184,78861.4462341733,33775.041371269646,44757.37454948583
8.941553503192246,27.449281140407464,121.84161145287268,6125.156204708571,53582.80683542213,4727.523540589164,8651.713878488354,33775.041371269646,14845.378281432795,19167.91007141853
8.613021421899187,67.4603257188444,163.81735158681948,8615.054304409221,75296.83549151613,6355.469828746102,11428.667418985166,44757.37454948582,19167.91007141853,26836.124680919627
