v,mu,sd,comat,,,,,,
6.1099658554486975,91.6995425518594,394.2386055761889,155424.0781266578,13102.212878139837,10345.547499116065,37659.906900113536,21816.062841053685,45167.87064737545,53682.60546216979
9.353661530886882,13.949259556845654,34.094691963806845,13102.212878139835,1162.4480201068748,841.775974188712,3223.2619604334486,1864.2459143057902,3869.7475151992558,4590.5930243464545
6.0335957766971315,8.373358017231375,26.672774249373212,10345.547499116063,841.775974188712,711.4368861580265,2470.7576645942568,1454.5584587436335,2968.3387478055224,3536.473447035415
9.593054539689607,80.6335584813204,97.12886330040492,37659.906900113536,3223.261960433448,2470.757664594257,9434.016086028745,5305.981092578212,10772.688975535642,13003.382864757104
7.442055943974146,22.923434900345253,56.43545818137726,21816.06284105368,1864.24591430579,1454.5584587436335,5305.981092578212,3184.960940141981,6435.6760616703505,7528.919133743468
8.05871931451323,28.207632361001295,117.91777288497747,45167.87064737545,3869.7475151992558,2968.338747805523,10772.688975535644,6435.676061670351,13904.601162153125,15827.735131985946
8.829539282401578,38.44901889780501,136.7058991815044,53682.605462169784,4590.593024346456,3536.4734470354156,13003.382864757106,7528.919133743469,15827.735131985944,18688.502871023647
