v,mu,sd,comat,,,,,,
7.473008227690107,56.328141780690075,272.1935893402104,74089.3500779071,49829.62266005185,114251.46660744085,28667.66088461461,49370.620167536545,81042.71438490057,109468.27891115563
6.1404155222466805,60.46026958522894,187.82928129664145,49829.62266005185,35279.83891241286,78852.09731206148,19784.04555308504,33270.1311418014,55997.75966495697,76252.39698470892
6.277369618786057,92.6149554402422,433.1627459059953,114251.46660744087,78852.09731206148,187629.96444082184,46253.04138137282,78387.57036002967,128615.68988409045,178048.742395802
6.981649548613884,28.940842152028257,107.9646926902809,28667.660884614605,19784.04555308504,46253.04138137282,11656.374867706794,19464.436183647154,32507.548796833074,44344.24134121096
6.88657548845562,96.60623126716492,184.30986871216152,49370.62016753654,33270.1311418014,78387.57036002965,19464.43618364715,33970.12770469421,54369.929242521466,74848.07065309082
9.982871150773246,73.02163386085047,306.0366197730739,81042.71438490055,55997.75966495696,128615.68988409045,32507.548796833078,54369.929242521466,93658.412642129,122947.52506141744
7.040986001665985,93.99136396653253,414.9615312776655,109468.27891115565,76252.39698470892,178048.742395802,44344.24134121096,74848.07065309082,122947.52506141746,172193.07244030494
