v,mu,sd,comat,,,,,,
5.533691011276554,29.822471224940333,107.02732075885824,11454.847388819526,31338.972023168248,5410.357402863445,25619.214506441116,16569.475962009423,7761.959458215956,7996.980299134547
8.421713166393436,89.96905524959202,295.8251108335452,31338.97202316825,87512.49619967931,14697.424803086464,69662.0279541059,44956.40288103199,20713.80930492358,21588.758499410094
7.674813086955436,14.74352406632196,51.1824805673162,5410.357402863446,14697.424803086466,2619.6463170237007,12207.524585405188,7734.386175209031,3704.4586656307156,3785.309258851858
6.845935383749826,64.28850846704704,243.6182603204564,25619.21450644112,69662.0279541059,12207.524585405186,59349.85676156566,36516.9149103806,17708.15402754271,18180.98214816817
7.063073218632175,72.17320099747712,157.75261277563686,16569.475962009426,44956.40288103199,7734.386175209032,36516.9149103806,24885.886837540027,11485.058312972944,11724.55140504782
7.939237380125903,35.834748268311316,75.20694495101569,7761.959458215957,20713.80930492358,3704.458665630716,17708.15402754271,11485.058312972942,5656.084568865103,5744.171490560983
8.58036894145998,58.83929634642442,77.32478630948707,7996.980299134547,21588.75849941009,3785.309258851858,18180.98214816817,11724.551405047818,5744.171490560984,5979.12257780784
