v,mu,sd,comat,,,,,,
8.281320926164785,30.14910320224916,36.09084881953065,1302.5493685142173,4401.35374089576,7070.354278103511,3214.8404547441337,5488.842639542279,4071.6789960641704,3748.4902270826997
9.774506884566136,48.14282476357293,131.5065618246477,4401.353740895759,17293.975802939884,25858.77821143214,11142.996301472316,20212.09163472559,14102.129994413497,13186.076670030045
9.854380174969082,60.91654870080951,208.84900649501242,7070.354278103511,25858.778211432145,43617.90751395375,18171.36969717116,32008.127979321773,23536.089702331516,21446.132601894915
5.489160886576936,51.21201132280582,90.79874307780872,3214.8404547441332,11142.996301472318,18171.36969717116,8244.41174450992,14109.09731914754,10355.759871226877,9315.520599587548
6.203724578905905,65.33827080858796,157.71732475607152,5488.842639542278,20212.09163472559,32008.127979321773,14109.097319147542,24874.754528212132,17855.45504850139,16136.212218120336
9.343209934568952,57.102179376721196,115.48060425259615,4071.67899606417,14102.129994413497,23536.089702331516,10355.75987122688,17855.455048501386,13335.769958544726,11956.634146403074
7.737264672262567,62.473579167493654,106.79029627418919,3748.4902270827,13186.076670030046,21446.13260189492,9315.520599587548,16136.212218120336,11956.634146403072,11404.167378329106
