v,mu,sd,comat,,,,,,
6.042302686794213,25.818049377111905,101.89518972966012,10382.62969004343,32611.170093450753,9358.67882544506,1297.4726081786544,45060.79983314164,2646.7554549521165,6735.480846897099
7.40840530881683,83.71133466996929,333.02527443630305,32611.170093450753,110905.83341337496,30886.003079479695,4419.892571686582,147529.8007870802,8704.867181365014,21904.307133847553
7.1026901765718735,21.866018603924477,96.9498328084688,9358.67882544506,30886.00307947969,9399.270081590053,1258.0082672225276,41375.60738781633,2458.350795002692,6142.153837031836
9.29590999260672,5.523679130841111,13.42570358279282,1297.4726081786544,4419.892571686582,1258.0082672225276,180.249516693016,6012.713323871359,342.897676814017,876.0631898262335
5.855807768058367,95.54908364881118,455.4925664170207,45060.79983314164,147529.8007870802,41375.60738781633,6012.713323871359,207473.47806116403,11555.999132893401,30149.537311809097
6.694319803018502,7.189656204327266,26.544670758878667,2646.7554549521165,8704.867181365014,2458.350795002692,342.897676814017,11555.9991328934,704.6195456972682,1730.357991094137
6.352664166489156,20.590861676705124,67.38420188077866,6735.480846897099,21904.307133847557,6142.153837031835,876.0631898262334,30149.5373118091,1730.3579910941373,4540.630663109535
