v,mu,sd,comat,,,,,,
7.128607052594479,16.55750337329727,61.31715916268318,3759.794007781822,20770.835766955966,8167.058497001904,9093.940710843033,3304.3183222092225,16860.67438926757,3069.724783988502
9.072918702472762,76.70138352320537,356.0586739822877,20770.835766955966,126777.77931802506,47639.64525871435,53215.838325591685,18549.909293074077,97549.02918816489,18017.269707149855
8.676986450998399,27.960353344659215,137.07233661379868,8167.058497001904,47639.64525871436,18788.825464766538,20750.923358120097,7344.971829036054,38341.33217346648,6965.920582848866
9.340015999398679,33.854319616893974,155.8111611919078,9093.940710843033,53215.838325591685,20750.92335812009,24277.117951970675,8121.129686288903,43301.46103875143,8031.5987822512925
6.916903864363101,14.942706839420525,55.175636958187845,3304.3183222092225,18549.90929307408,7344.971829036055,8121.129686288903,3044.350913741744,15173.788418251475,2815.4712143131837
9.897283160722603,87.6065714322737,284.2053841218974,16860.674389267566,97549.02918816489,38341.33217346648,43301.461038751426,15173.788418251475,80772.70036387524,14657.81088780112
9.465971733575676,49.42375275092254,52.40655956162114,3069.724783988502,18017.26970714986,6965.920582848865,8031.5987822512925,2815.4712143131837,14657.81088780112,2746.447485085743
