v,mu,sd,comat,,,,,,
8.642535957978629,24.11925040803551,39.76009373396123,1580.865053733383,7398.317437869974,14513.331136377055,3258.1748024232443,1735.950268397081,5690.462496018129,7614.521451061968
8.008071061851066,94.97784196806191,190.20057418643498,7398.317437869973,36176.25842084956,69070.45524828376,15998.478618009663,8223.780184807922,27869.338221237143,37599.52071487577
9.760903337030069,90.77097765837253,370.73511551299896,14513.331136377052,69070.45524828376,137444.5258744367,30184.5704126446,16047.774569428384,52497.81455881457,71293.22660553014
5.715867238605153,18.96036908853053,86.0368677713094,3258.174802423245,15998.478618009663,30184.570412644607,7402.342615897779,3722.647002554348,12331.616223465484,16545.22732829218
9.036795649350823,12.130580091077665,44.33786615308192,1735.950268397081,8223.780184807922,16047.774569428386,3722.647002554347,1965.8463750086075,6368.330661398827,8411.684447711343
6.816072982605145,65.05610018672179,147.86382349259696,5690.462496018128,27869.33822123714,52497.81455881457,12331.616223465482,6368.330661398828,21863.71029784987,28902.050574929224
5.932784061446579,47.817946582520506,198.32586489811493,7614.521451061968,37599.52071487577,71293.22660553016,16545.22732829218,8411.684447711345,28902.050574929217,39333.148687585344
