v,mu,sd,comat,,,,,,
7.586489419232946,27.305767336573222,94.58573288408446,8946.46086521938,16906.072950666,21197.93821745495,4630.9071397306,28530.926360535123,6103.997662930545,7873.137843247598
9.734813019074071,95.4008372001201,192.7596123883751,16906.072950666003,37156.268168116614,43829.61170989989,8974.00507729029,57578.83791167713,12556.02293913754,15439.962409692067
8.827298796984534,47.77423909277408,233.6194269490512,21197.938217454946,43829.61170989988,54578.036648003064,10989.259027720052,69840.32022610448,15377.51962946109,18504.55199196879
6.411979219835564,27.74024482535567,49.78611674123408,4630.9071397306,8974.00507729029,10989.259027720052,2478.657420171788,15050.44652637087,3192.8003314033217,4183.309218397635
6.105226816308263,70.35490580749762,308.1570749971455,28530.926360535123,57578.837911677125,69840.3202261045,15050.446526370872,94960.78287079636,20417.630875724954,25992.286166775928
8.431110426187335,48.065037272596484,67.55445388014928,6103.997662930545,12556.022939137541,15377.51962946109,3192.8003314033226,20417.630875724954,4563.604239045216,5560.68932147058
5.8356960155002815,64.17055720250309,85.5973467276765,7873.137843247598,15439.962409692065,18504.55199196879,4183.309218397635,25992.28616677592,5560.68932147058,7326.90576681807
