v,mu,sd,comat,,,,,,
9.464300757180009,22.178339478164233,77.03961225164429,5935.101855883699,9728.580759361286,23936.616393459226,8190.0990466705525,6701.692979624286,8182.477607299247,5160.978669092138
6.659899026505887,50.2303429609677,131.43405245764177,9728.580759361286,17274.910145438127,41582.53877030875,14001.646259095014,11493.514683413528,14222.910170638665,8788.730811900263
9.106145615289158,75.47895031715586,324.8412611110996,23936.616393459226,41582.53877030875,105521.84492024955,34026.55088623398,27397.530652929378,34053.139281792755,22102.410477278285
5.208483128626249,69.90683389632595,108.85098186245412,8190.099046670553,14001.646259095014,34026.55088623398,11848.536252420316,9452.1060827892,11861.675299987128,7289.667763230599
5.538283399679839,71.76838045284906,88.6590085541072,6701.692979624286,11493.514683413527,27397.530652929378,9452.1060827892,7860.419797797254,9564.894855523427,5886.839587299838
7.975260321031201,23.303220101365508,109.50591071385118,8182.477607299248,14222.910170638665,34053.13928179275,11861.675299987128,9564.894855523427,11991.544481269946,7288.049260337564
7.649086810964108,43.4847334495792,69.27840452150559,5160.978669092138,8788.730811900263,22102.410477278285,7289.6677632306,5886.839587299837,7288.049260337564,4799.497333045368
