v,mu,sd,comat,,,,,,
6.895492627168851,54.194501986552595,155.06683817457872,24045.72430146099,35409.95085257215,16023.068554072534,30365.002260752986,14182.54351716873,13068.5074033012,4795.644772047351
7.83549083589807,85.20262972819673,235.12346436772435,35409.95085257215,55283.04349628054,24683.00289725845,45792.995872415384,21762.746191686638,20081.736368185684,7248.245880434381
7.97796256328561,85.15823158075219,107.25156087274667,16023.068554072534,24683.00289725845,11502.897309640486,20651.190817923492,10092.49489425495,9038.404960398726,3335.363286763986
7.2492944942772635,85.1783025057756,197.19016079333483,30365.00226075299,45792.99587241539,20651.190817923496,38883.95951370125,18216.83756817505,16769.0094478565,6181.189651868449
7.285099126973593,46.04156345970591,94.43022876906788,14182.543517168733,21762.746191686638,10092.49489425495,18216.83756817505,8917.068105378494,7911.584161039814,2898.042499814733
6.5582549893769775,66.81559620138876,87.73265675763352,13068.5074033012,20081.736368185684,9038.404960398726,16769.009447856497,7911.584161039813,7697.019061752739,2802.994641167715
6.566686805987851,15.216373168647639,32.59735433296878,4795.644772047351,7248.245880434381,3335.3632867639863,6181.189651868448,2898.042499814733,2802.9946411677156,1062.587509509118
