v,mu,sd,comat,,,,,,
9.11555170354896,93.30115117480055,425.8928803718627,181384.74555144177,54663.33959963448,8097.380204369198,123741.54080262968,65547.82851929282,5409.017331584107,27657.063963056535
5.130589907849337,35.43165458811066,133.22675554645105,54663.33959963448,17749.36839343382,2445.223625623766,37725.51351226771,20806.28464876611,1697.7847034899664,8498.224424083166
6.053853199656469,10.592467443983644,19.142023460543488,8097.380204369199,2445.223625623766,366.41706216399734,5608.606132673556,2942.4819536321925,243.30242814043774,1234.1151526910535
8.09210884674805,73.69086783217594,295.355923407868,123741.54080262968,37725.51351226772,5608.606132673556,87235.12149211435,46189.862765549646,3710.0886621832196,18878.602382725847
5.4914223266844955,33.06120710691495,159.81085566289144,65547.82851929282,20806.28464876611,2942.4819536321925,46189.86276554965,25539.50958770552,2018.1264876562507,10140.183061179177
8.100656549384293,5.4145109850618836,12.989241626006827,5409.017331584107,1697.784703489966,243.30242814043774,3710.0886621832187,2018.126487656251,168.72039801878844,834.1538867199654
5.269451097992219,23.760825148604155,65.35068155729263,27657.063963056535,8498.224424083164,1234.1151526910533,18878.602382725847,10140.18306117918,834.1538867199656,4270.711580002667
