v,mu,sd,comat,,,,,,
6.82552791511347,58.80133497173299,270.9087948441667,73391.5751239188,67351.04225933793,60446.30180616887,22075.906600244263,19432.712936303742,70271.69683505697,14073.88001501688
7.25602957946669,60.2475496137943,251.8501991446847,67351.04225933792,63428.52280921735,56296.52867802531,20874.087310095158,18051.57483376664,65281.08983284828,13139.969580813684
7.480301743838948,61.37560156027189,229.2322443038375,60446.30180616887,56296.52867802531,52547.42182857423,19211.87148002449,16692.281005179422,58518.90210574511,11680.881855739113
5.378110332975685,44.65014413222621,85.23966942016278,22075.90660024427,20874.087310095158,19211.87148002449,7265.801242858634,6061.3194073827,22201.721390737315,4314.230852662421
7.858807911638604,32.01086917992032,73.00257922088804,19432.712936303746,18051.574833766645,16692.281005179426,6061.319407382702,5329.376572902034,18577.787792619176,3748.7442877996373
6.448170028869793,87.87194965710408,267.0831921591101,70271.69683505697,65281.08983284829,58518.90210574512,22201.721390737323,18577.787792619176,71333.43153390016,13851.750373442961
6.544022293942124,14.780387227574531,53.567944846956635,14073.880015016879,13139.969580813684,11680.881855739111,4314.230852662422,3748.744287799637,13851.750373442961,2869.5247151265885
