v,mu,sd,comat,,,,,,
5.192808404407049,32.69454613555538,94.9050944310207,9006.976948960957,9499.078923767118,3551.897944173462,37880.37150167378,6167.495197903648,1718.0163651791045,31779.087860299616
8.900502302623375,21.532315247070084,103.61075904474625,9499.078923767118,10735.189389828465,3894.337036553551,41499.50291016648,6515.061322445421,1881.4573760666215,34337.60250154817
5.463518776670667,8.904115385451425,39.228094607796855,3551.897944173462,3894.3370365535507,1538.8434065582608,15169.774239977067,2532.629561531366,701.1939199742501,12781.167939222492
8.164463432422387,84.74320580909725,410.57747034522083,37880.37150167378,41499.502910166484,15169.774239977067,168573.8591550807,25908.824219644554,7376.817472138254,133669.97834505013
5.069454241601093,13.64721643810688,66.23321319835583,6167.495197903648,6515.06132244542,2532.629561531366,25908.824219644546,4386.838530578856,1202.2165534908704,21682.049720295825
9.680792680424616,15.65111994637761,18.43430710135165,1718.0163651791045,1881.4573760666215,701.1939199742501,7376.817472138252,1202.2165534908704,339.82367830694386,6096.299133787143
7.132871908677667,75.75429445901605,337.9804173660365,31779.087860299613,34337.602501548165,12781.16793922249,133669.9783450501,21682.049720295825,6096.299133787142,114230.76252292022
