v,mu,sd,comat,,,,,,
5.46554143335929,24.302269504318584,42.57034947178432,1812.2346541498473,1925.0751236025633,4548.450600799786,3008.144983562319,4985.252542553682,10186.447421073983,12923.32053101272
9.858279599948936,35.75201882449609,46.09570321986669,1925.0751236025637,2124.813855334029,4853.04061460042,3215.838968112997,5376.438504854601,10834.521148611377,13848.465262500817
7.4192999023182304,23.355954350332777,109.192011807423,4548.450600799786,4853.04061460042,11922.895442552406,7517.682128041627,12705.396147651636,26298.35854511748,33213.291169490636
6.212613507490321,63.291779029527284,72.72706137591118,3008.144983562319,3215.838968112997,7517.682128041625,5289.225456375552,8662.409074600882,17176.28872074263,22362.076777614628
7.655619149036266,31.044105794054584,120.86096984578366,4985.252542553682,5376.438504854601,12705.396147651634,8662.409074600882,14607.374032063428,29016.98516295637,37283.79722427771
6.427721177323994,93.73598311010635,243.04731191900805,10186.447421073985,10834.521148611379,26298.358545117484,17176.288720742632,29016.985162956375,59071.99583105559,74985.36456515516
9.313151885258197,73.11903124898143,311.6231051382022,12923.320531012721,13848.465262500817,33213.291169490636,22362.07677761463,37283.79722427771,74985.36456515515,97108.95965597505
