v,mu,sd,comat,,,,,,
6.481245808362168,94.84484600720292,467.62772111572895,218675.68555588994,63280.09540923998,77409.52091377946,54541.799339637786,55910.23211203293,90299.55860283111,12951.9076669215
9.045338578366634,33.63738232258889,137.19014045309342,63280.09540923998,18821.1346375395,23149.0630184314,15676.608139716112,16276.73792203234,27104.015171078772,3755.2487853010443
6.751262626117057,34.63525196705342,170.1526721637426,77409.52091377946,23149.0630184314,28951.931844462062,19141.59092055348,20070.52568038855,33812.725751445236,4686.36372615513
8.947046282154464,31.721424704958235,117.21832046590751,54541.79933963779,15676.60813971611,19141.59092055348,13740.13465284819,14021.733076996048,22511.429863308036,3235.113062659968
7.806744878852863,46.142008905168495,120.83270878265265,55910.232112032936,16276.737922032338,20070.52568038855,14021.733076996048,14600.54351175334,23858.762996204165,3381.91136164153
6.267944771100666,60.19675664300089,202.64181852556442,90299.55860283111,27104.015171078772,33812.725751445236,22511.429863308036,23858.762996204165,41063.70661534779,5548.135865286126
5.524885418425545,10.527404830161647,28.24880655851563,12951.9076669215,3755.248785301045,4686.36372615513,3235.113062659969,3381.91136164153,5548.135865286127,797.9950719804353
