v,mu,sd,comat,,,,,,
8.919161754028753,45.35602434174756,48.7973452485778,2381.180903308898,11635.594609855278,4665.758906635299,15045.722136851831,4639.296751289556,10674.892204802218,7564.484280628473
8.17416853026365,51.96096298398219,248.71096826125313,11635.594609855278,61857.14573345006,23629.52372339028,78148.64251760233,23369.82575021246,54606.816555759455,37210.19622590397
6.245215457578745,37.85132562941316,99.52307989038525,4665.7589066353,23629.52372339028,9904.843430868006,29991.356221926828,9570.794105461113,21634.08806859287,15248.372592923923
8.790379323249088,83.74801092646153,322.9374878937826,15045.72213685183,78148.6425176023,29991.356221926828,104288.621087147,29794.158205050207,69117.36713326303,48462.26839342296
6.565384678158399,51.22431827370712,98.91301141211514,4639.296751289556,23369.825750212458,9570.794105461113,29794.158205050207,9783.78382661322,21290.061187332944,14635.498345399797
9.686186787441986,68.83966645548892,228.1772477872454,10674.892204802218,54606.81655575946,21634.08806859287,69117.36713326303,21290.061187332947,52064.85640776198,34708.65650963812
5.214327241761319,47.59664089769202,157.3569611870683,7564.484280628472,37210.196225903965,15248.37259292392,48462.26839342297,14635.4983453998,34708.656509638124,24761.213234028513
