v,mu,sd,comat,,,,,,
8.596928931219793,65.01800631839224,252.83146041518677,63923.747375676154,43757.68527313713,17358.227144460936,44100.69327617885,24578.070927586774,8932.791318124493,20099.58164965149
8.036105878109947,60.1701328463025,177.12021322527775,43757.685273137125,31371.56993296785,12440.868699398136,31085.225624169267,17305.133920735218,6199.528664468545,14064.928692509216
8.449308072893817,24.68458991568561,71.56707573056798,17358.227144460936,12440.868699398136,5121.846328624852,12323.523776187076,6972.1858954712925,2536.9948125517085,5713.9691073699805
7.117164894502675,65.78426903349839,184.2328751110369,44100.693276178856,31085.225624169267,12323.523776187076,33941.75227167891,17783.286891578613,6213.8801037282055,14353.445161364778
7.253830552951318,45.18157069374124,100.13315193170587,24578.070927586774,17305.133920735218,6972.185895471293,17783.286891578613,10026.64811577809,3520.834014568151,7975.410964179068
6.962359849948458,7.8279469723152335,35.90352415205739,8932.791318124493,6199.528664468545,2536.9948125517085,6213.880103728204,3520.83401456815,1289.0630465373686,2866.033204659371
7.559535740656448,20.01316302556974,81.81018871270729,20099.581649651493,14064.92869250922,5713.9691073699805,14353.44516136478,7975.410964179069,2866.0332046593717,6692.906977208778
