v,mu,sd,comat,,,,,,
8.361392793153959,72.00239412845143,255.35508031055411,65206.217040409545,13483.189873581921,11033.40345730517,84608.38507492172,3690.616315498868,10464.985419479757,75210.09042467465
7.440391996202918,24.51173753233128,53.245878044805465,13483.189873581921,2835.123528762297,2313.5615044733004,17847.184903358604,773.6880723200901,2189.914282443336,15542.582959033394
9.127475870179481,20.200957032992797,44.759923395123494,11033.40345730517,2313.5615044733004,2003.4507423373227,15230.871939176717,635.7610964516268,1898.1606901924956,13262.503047022608
5.157231938131491,73.25810607889352,353.9773076138449,84608.38507492171,17847.184903358604,15230.871939176715,125299.93430554654,4957.220650862559,14946.070183685171,103701.7713146421
9.04024981682424,6.49931093355095,14.625905241628466,3690.616315498868,773.6880723200901,635.7610964516268,4957.220650862559,213.917104137095,614.1080469147877,4350.555969953389
7.828087098052653,9.646705262723696,43.40133315035192,10464.985419479759,2189.914282443336,1898.1606901924956,14946.070183685173,614.1080469147878,1883.6757192278362,13011.538153853677
6.48811249351972,70.90700045086602,305.3421429784237,75210.09042467464,15542.582959033396,13262.50304702261,103701.77131464212,4350.55596995339,13011.538153853679,93233.82427865615
