v,mu,sd,comat,,,,,,
6.923865597583719,92.38479290625786,306.4627148731083,93919.3956073961,73999.93788783383,51943.9489069954,79338.47306181912,16060.776430977401,46933.045529204144,63814.079027591615
9.298539232953095,68.6644630001044,245.5438173415938,73999.93788783383,60291.76623468198,42165.921708533264,62472.32331331619,12656.866000788768,37734.567307422156,50226.88292773039
9.7209981790371,67.93833369309073,174.26144897309194,51943.948906995414,42165.92170853326,30367.05259820153,43252.59157494278,8938.90262254809,26690.211669338354,35753.50237069717
8.514124468053648,74.23567756659142,263.0967747790405,79338.47306181912,62472.323313316185,43252.59157494278,69219.91289913317,13736.894556439058,40123.91544098546,53894.13919670125
8.168170485857035,48.5165362444795,53.785916505678514,16060.776430977403,12656.86600078877,8938.90262254809,13736.894556439058,2892.9248143558198,8090.8334824900285,10836.1390865617
8.02980640995299,54.997048941035395,155.23941079615025,46933.04552920415,37734.567307422156,26690.211669338354,40123.91544098547,8090.8334824900285,24099.274664335895,32183.327884677106
6.000634214299522,65.96868644900584,209.50877193236764,63814.07902759162,50226.88292773039,35753.50237069718,53894.139196701246,10836.139086561698,32183.327884677103,43893.925516608826
