v,mu,sd,comat,,,,,,
5.087451354655763,91.1669399560883,113.32948956007831,12843.573203947899,4304.840071378926,2141.0480739547925,17399.109196047044,32876.73659982457,4794.643987394494,16581.33731381707
9.457866335901292,13.706079696570521,39.296481073784655,4304.840071378927,1544.2134247823158,727.5211900536773,6073.799665545712,10948.949555231258,1645.1312610093637,5632.725622607856
6.424305837369592,5.075743885408162,19.072774231777316,2141.048073954792,727.5211900536771,363.7707168963488,2884.624429043887,5429.093848278486,801.6334552631596,2744.933680238017
6.49488188729479,41.172777529920985,158.52096490226734,17399.10919604704,6073.79966554571,2884.6244290438876,25128.896313545865,44397.76354709473,6674.572277788309,23335.07362923345
8.960171303277146,62.64242546920976,294.77699373231223,32876.736599824566,10948.949555231255,5429.093848278485,44397.76354709473,86893.47603385962,12634.379054658326,41959.517604767694
6.622352987391144,12.590765005547206,43.63988035053064,4794.643987394492,1645.1312610093635,801.6334552631595,6674.572277788309,12634.379054658326,1904.4391570086298,6267.4488225336
9.323551933451292,61.93921742607174,149.38235708531946,16581.337313817065,5632.725622607855,2744.933680238017,23335.07362923346,41959.5176047677,6267.4488225336,22315.08860836589
