v,mu,sd,comat,,,,,,
6.0110114671512065,10.461366274548457,36.8048089793487,1354.5939640063468,795.4538730851257,2401.7012470127092,3339.842128532781,3196.925109470162,3435.6176187769374,4367.788173051368
8.922738020552805,13.252905260073183,21.97537628980347,795.4538730851256,482.9171630784565,1437.5705657907274,1982.9656154444588,1882.6681235333426,2029.5108536950584,2625.827890741131
9.302686196185157,24.03414897710917,66.75243976800928,2401.7012470127092,1437.5705657907276,4455.888214981707,6096.539056162707,5763.394993395956,6284.768173445434,7940.631852933783
6.635426005407173,93.68835368321983,94.68900232254167,3339.8421285327804,1982.9656154444588,6096.539056162707,8966.007160838302,8346.716229979593,8969.106333939922,11275.994941707384
6.244302380424167,26.539525790380864,88.9643037649947,3196.925109470162,1882.6681235333429,5763.394993395956,8346.716229979595,7914.6473443902505,8386.799790366063,10714.781771604488
9.051818581232387,65.2351748264322,95.7889820500051,3435.617618776937,2029.5108536950584,6284.768173445432,8969.10633393992,8386.799790366063,9175.5290821762,11491.881308722624
8.567173946286314,33.133055531902436,122.88999145961859,4367.788173051368,2625.8278907411304,7940.631852933784,11275.994941707384,10714.781771604485,11491.881308722623,15101.950000945131
