v,mu,sd,comat,,,,,,
7.08511002351287,44.34703060505575,53.20818089589784,2831.110514250588,10139.967217790394,13338.923798965738,14362.281806854282,1443.3905297409808,10762.212231658057,5073.159544229333
8.60162246721079,55.9101585619736,204.3616140292832,10139.967217790392,41763.66928865372,49426.79910800573,53148.409606295885,5532.659544773182,41581.99834140258,19152.67986809958
5.000571874086725,53.914465645539316,257.62375172883253,13338.923798965738,49426.79910800574,66369.99745483913,70243.50097725342,7204.4030970130625,51718.91599793419,23803.022200823645
6.511662863159199,60.722728847689325,280.15084701772673,14362.28180685428,53148.409606295885,70243.50097725342,78484.49708474972,7593.837922327866,58160.907412725166,26181.321747095644
5.733779454085565,18.060096893892563,28.12147419939707,1443.3905297409808,5532.659544773182,7204.4030970130625,7593.837922327866,790.8173111473553,5666.88886810236,2596.1155836630637
5.461692973843989,81.70217242740476,211.66641845051277,10762.212231658057,41581.99834140258,51718.91599793419,58160.90741272516,5666.88886810236,44802.672699667564,20148.861313328696
5.931301056888355,20.708648726108613,97.53844625360117,5073.159544229333,19152.67986809958,23803.022200823645,26181.32174709564,2596.115583663064,20148.8613133287,9513.748497566647
