v,mu,sd,comat,,,,,,
9.12234737956641,16.732345342975112,61.378802120640955,3767.3573497648,13610.54645327526,7870.123101336574,2542.135915537402,17856.79001235008,9567.937076948725,13832.02964103891
5.906748662485999,59.415877783392666,232.56542564523255,13610.546453275258,54086.67720554819,31158.35799697373,9737.893896205484,68807.41612776223,35899.02815426855,52170.038187424005
9.386633841035263,47.2295237976323,137.58206061530308,7870.123101336575,31158.357996973733,18928.823403152932,5615.730881850384,40722.2301052957,21639.28145889092,29549.862266411215
7.4977565367331955,28.309374974282747,42.585324574886016,2542.1359155374016,9737.893896205484,5615.730881850385,1813.5098691483909,12529.538617694621,6650.039602087046,9778.555186157342
9.824632166113393,83.91882875670655,305.19975518732406,17856.790012350077,68807.41612776223,40722.23010529569,12529.538617694621,93146.89056640255,48010.711792598224,68098.32933439326
5.017727734048655,37.560459110351,161.05479979886428,9567.937076948723,35899.02815426855,21639.281458890913,6650.039602087044,48010.71179259822,25938.648538252248,36099.179645690834
9.618221733191927,80.41545218291421,233.17584175610912,13832.029641038907,52170.038187424005,29549.86226641121,9778.55518615734,68098.32933439326,36099.179645690834,54370.973178670036
