v,mu,sd,comat,,,,,,
6.073434445084134,28.205459689836875,50.009385056422545,2500.938593721538,11624.96619108842,2135.176297380436,10958.678539311983,5764.325436564041,16014.046448988032,2002.6171191059766
9.547511856708319,99.06697182636627,244.92260078685388,11624.966191088422,59987.08037619659,10669.495876560499,55935.841923365035,27809.820818203152,77238.42880188201,9691.654251414851
9.086176865817285,22.19945232940867,44.56631318913719,2135.1762973804366,10669.495876560499,1986.1562712722634,10185.939605127034,5097.329784681427,14383.627729068929,1768.2453128973677
9.519402373675536,85.15414390920435,231.51561414130717,10958.678539311983,55935.84192336503,10185.939605127034,53599.47959122662,26318.16219612648,73701.01223827792,9080.093126885426
8.53439634987214,75.21251171587744,118.17454146544299,5764.325436564041,27809.820818203152,5097.329784681427,26318.162196126483,13965.222250567704,37874.70882959135,4679.176867998081
5.590381006704423,77.00671630443158,327.86795259454465,16014.046448988036,77238.42880188201,14383.627729068929,73701.01223827792,37874.70882959135,107497.3943385386,13155.783148629827
5.462004075378271,34.39443231333155,40.49531686352735,2002.6171191059768,9691.654251414853,1768.2453128973677,9080.093126885424,4679.1768679980805,13155.783148629824,1639.8706878774826
