v,mu,sd,comat,,,,,,
7.038435140401431,48.407352613153414,57.817930688533515,3342.9131091040654,7681.702291630625,2572.8438317603714,12328.524948982593,9365.929860185935,24095.062044387938,1156.3390110475118
5.2768302005593,29.376990113652457,137.61282544354836,7681.702291630626,18937.28972655651,6285.834843499579,29883.796162165276,23914.334210913883,58080.36516479008,2846.6089994871068
8.942674387433764,13.393601759255127,46.23561772989951,2572.843831760371,6285.834843499578,2137.7323468653976,9929.942630182877,7991.401773310283,19623.338616030138,967.1493926239665
6.436525923946729,76.37625708595769,219.42670120674433,12328.524948982591,29883.796162165272,9929.942630182879,48148.077202473854,37491.450227058944,92266.08903424033,4500.006840670955
7.251752934836356,65.17706311670555,176.94447801195736,9365.929860185934,23914.334210913883,7991.401773310284,37491.450227058944,31309.34829892407,73871.06712256996,3710.0180664092736
6.519561526703828,96.02353706788543,433.97140697873533,24095.062044387938,58080.36516479008,19623.338616030138,92266.08903424033,73871.06712256996,188331.1820751031,8938.84966502998
7.631997621485727,16.229117828521918,21.256860139868596,1156.3390110475118,2846.6089994871068,967.1493926239665,4500.006840670955,3710.018066409274,8938.849665029982,451.85410300593435
