v,mu,sd,comat,,,,,,
7.753989512872877,59.41541763754313,136.84729110044532,18727.18108153002,7977.6774672608135,18228.783502986735,13516.090531568509,34801.418185253024,23034.50672125707,1986.9035863353072
8.540739113090524,47.288779680035546,58.927291895896126,7977.6774672608135,3472.4257301841444,7894.775728450577,5773.0087809818315,15111.371922656559,9810.545947533745,849.1091605405823
6.454523694564722,28.054165107512123,137.0841648374415,18228.783502986735,7894.775728450578,18792.06824917884,13769.01204578616,35125.26341917793,22700.231577544426,1988.8918572168532
7.5541380259883155,26.905499413732027,101.32369047534112,13516.090531568507,5773.0087809818315,13769.01204578616,10266.490251542733,25819.045414748613,16885.584182941533,1469.9649290664754
9.464734771738273,66.79530153030527,260.2182339635706,34801.41818525304,15111.371922656559,35125.263419177936,25819.04541474862,67713.52928711956,43462.64866613604,3756.926698582638
9.48146544466719,50.13341801027097,169.78459570507613,23034.50672125707,9810.545947533745,22700.231577544426,16885.58418294153,43462.64866613604,28826.808938736154,2470.178399854007
5.627926552319181,11.362095273618504,14.659926966393115,1986.903586335307,849.1091605405823,1988.8918572168532,1469.9649290664754,3756.9266985826384,2470.178399854007,214.91345865998005
