v,mu,sd,comat,,,,,,
5.487668008747258,96.89998647295579,445.08712096723,198102.54525089767,122716.11096632245,28933.475244090907,82021.663538495,31313.589259356715,48348.19141916504,58395.10764240621
8.80624858337428,84.26529276513732,283.30254471133526,122716.11096632243,80260.33183991813,18103.950057236114,52042.77777842174,19424.601466369957,30775.801706030798,38581.64533371533
6.234689865831635,39.33862861638671,65.27548287470651,28933.475244090907,18103.950057236114,4260.888664526103,12194.065738901572,4549.410180393814,7057.157864756808,8608.870920763995
5.690658437381598,46.82011724192982,189.18820544805806,82021.66353849499,52042.777778421725,12194.06573890157,35792.17708065662,12749.306956648063,20211.522676584293,24662.02216767767
6.657232816354657,47.016014122903606,71.56277267129161,31313.589259356715,19424.601466369957,4549.410180393814,12749.306956648063,5121.23043240296,7505.285077932891,9293.431661442046
5.414997825034464,22.294022805361024,111.24158535156398,48348.19141916504,30775.801706030798,7057.157864756808,20211.522676584293,7505.285077932892,12374.690311529297,14818.802147209615
8.359885406402334,30.540930633446862,137.7109151910007,58395.1076424062,38581.645333715314,8608.870920763995,24662.022167677667,9293.431661442044,14818.802147209613,18964.29616274299
