v,mu,sd,comat,,,,,,
9.429402497188129,83.47295653906971,281.5647834451919,79278.72727653779,60210.435592614995,38303.88558486176,6489.93863759313,125141.40332355771,12718.024531810921,27357.960144787157
8.942907834018623,78.4497964354785,218.36787586259314,60210.435592614995,47684.529208740896,29309.91536890623,4976.777746226823,95909.89685966911,9775.95832652674,21056.84143011877
7.123640657375538,47.85487858171117,137.69400522723205,38303.88558486175,29309.915368906226,18959.639075517003,3123.0114918133604,59087.42620160835,6170.681061867136,13398.232496446777
7.394348234235947,22.537731621600436,23.590892862650993,6489.93863759313,4976.777746226823,3123.0114918133604,556.5302260570776,10516.811590146792,1036.8079039424779,2236.8225227852495
5.001770298657749,95.90980705024893,457.65203111482333,125141.40332355772,95909.89685966913,59087.42620160835,10516.81159014679,209445.38158352327,19860.840103259885,42983.18221100593
9.281835230369264,9.53563343062141,45.51734527421242,12718.024531810921,9775.95832652674,6170.681061867136,1036.807903942478,19860.840103259885,2071.8287208118677,4385.739486125976
6.7666084666832385,55.953412059277426,97.92331177403048,27357.960144787157,21056.841430118766,13398.232496446777,2236.822522785249,42983.18221100592,4385.739486125977,9588.974988793976
