v,mu,sd,comat,,,,,,
6.4302691083025785,76.21435725942472,197.37562034796252,38957.13550774304,27461.438142694697,42703.30551194133,20373.53526446813,17373.033127491326,46578.22438060012,25359.550858044524
9.790527832595,44.90758689297295,144.3466019904158,27461.438142694697,20835.941506179508,30660.000503529016,15277.1108284394,13121.94086114406,33332.05354951388,18641.370155737357
8.85156466109439,49.22088284500482,218.84965698415925,42703.30551194134,30660.000503529016,47895.17236208417,22302.337596042307,19937.448650758026,51382.059978682955,27992.56682628056
9.934350015462314,83.2546970403663,107.91290287738124,20373.535264468133,15277.1108284394,22302.337596042307,11645.194607423116,9674.70971750795,25038.214412384306,13701.592339039129
6.040827309523606,35.462603444882255,95.0945338952983,17373.033127491326,13121.940861144061,19937.448650758026,9674.70971750795,9042.970376764037,21561.71106286835,11596.1747869849
5.684585244219141,67.82750052931189,239.16335473489428,46578.22438060011,33332.05354951388,51382.05997868295,25038.214412384306,21561.711062868355,57199.11024804887,30502.512371905905
9.541869011449501,53.94106432878278,130.22388767968565,25359.55085804452,18641.370155737357,27992.566826280563,13701.592339039127,11596.1747869849,30502.51237190591,16958.260922411388
