v,mu,sd,comat,,,,,,
7.7697051125029315,83.2556810951739,266.9296402390671,71251.4328381578,93763.16705405306,36605.52265451439,44419.994654357746,54742.01324872982,79629.00599498687,39131.55352191448
6.981239468526834,75.00823918361706,355.9261637492475,93763.16705405305,126683.43404125614,49183.28972605031,58785.85084994901,72872.69474107925,107007.3292567937,52831.47658178324
5.240633862900383,28.752502393737043,141.61822640878032,36605.52265451439,49183.28972605031,20055.722051168563,23579.463452915264,28294.96659055524,42998.76289931253,20525.552645570493
7.628362805464263,58.004499516128504,171.0450140936391,44419.99465435776,58785.85084994902,23579.46345291527,29256.396846293203,35363.677117402985,51559.8870979951,25225.789758750947
5.765192909059452,62.04831782400718,211.62845292653017,54742.01324872981,72872.69474107926,28294.96659055524,35363.677117402985,44786.602088076594,62658.45965721476,31086.432556579388
7.50005080497077,62.65121913549878,305.5614005148706,79629.00599498687,107007.3292567937,42998.762899312525,51559.887097995095,62658.45965721476,93367.76948460919,45436.60340588798
6.280433898580737,63.8914540882874,151.59676965118675,39131.55352191448,52831.47658178324,20525.552645570497,25225.789758750943,31086.432556579384,45436.60340588798,22981.580568674974
