v,mu,sd,comat,,,,,,
5.7714378906563795,82.35934057574616,95.33103095134817,9088.005462246903,12904.527998201867,14563.996727074571,15106.488053158775,11902.321424981597,18890.627765566114,17829.024139073972
5.66849780350033,61.16990355323476,139.80695393588263,12904.527998201867,19545.984368830017,20684.08062699218,21391.17072852711,17698.366323707152,28350.65922538191,26026.83605450616
6.813427330884438,53.58454657260086,161.48364148997732,14563.996727074573,20684.08062699218,26076.966468863524,25240.27409546182,19990.456878711408,31785.97557961957,29041.86780765948
8.395544377228157,34.551075783393074,160.03793297394387,15106.488053158773,21391.170728527104,25240.274095461817,25612.13999057255,20228.847925152608,32063.12064648692,29936.229753603755
5.972250286669338,31.044499405309722,132.70606817417018,11902.321424981596,17698.366323707152,19990.456878711408,20228.84792515261,17610.900530247505,26441.687376765465,24575.31535852335
6.256051917434968,57.514343684450395,206.3821301462246,18890.627765566118,28350.65922538191,31785.975579619568,32063.120646486925,26441.687376765472,42593.583643693186,38675.40303191069
8.792081957678032,71.77306625794184,189.99932889962196,17829.024139073976,26026.83605450616,29041.867807659477,29936.229753603755,24575.31535852335,38675.4030319107,36099.74498230672
