v,mu,sd,comat,,,,,,
8.237755246765117,20.766534279371733,23.841019182486193,568.3941956596747,8448.355483722446,1403.5761005569457,1486.130011132477,10910.77858477155,4767.551788203543,3614.5535959347344
7.535748441065401,71.58107729941587,356.94610384194783,8448.355483722446,127410.52104794662,20728.504849489527,21880.515833673526,162937.0897546005,71474.28567799825,54014.31953976867
7.641706900761197,15.547582935474011,60.60802880842175,1403.576100556946,20728.504849489527,3673.3331560424804,3787.4031854726395,27010.435406833007,11838.221494006486,9379.824288329124
9.48142602004944,37.054272297647785,63.263151978345356,1486.1300111324767,21880.515833673526,3787.4031854726386,4002.226398235222,28207.964130809654,12485.454068980627,9828.73669746181
8.49995595333744,94.47744835222056,463.29264972677066,10910.77858477155,162937.0897546005,27010.435406833007,28207.964130809654,214640.07929085218,92758.10208130447,69637.29152381053
8.571485509355675,77.65275651597733,202.6876770786369,4767.551788203542,71474.28567799825,11838.221494006486,12485.454068980627,92758.10208130446,41082.29443953379,30991.44851750055
8.586691910457004,44.711118153960605,160.06177458962867,3614.5535959347353,54014.31953976868,9379.824288329124,9828.73669746181,69637.29152381052,30991.44851750055,25619.7716847811
