v,mu,sd,comat,,,,,,
6.504822279279573,99.0149176446941,206.4814371827337,42634.583901047205,37803.78035756685,51048.71249347038,61221.73492469663,45008.34044806392,19437.380260602695,65632.8726267671
6.235309159809072,61.45897644822408,189.97140661665497,37803.78035756685,36089.13533191046,46927.31847727517,57020.7214444188,42583.60401413208,18033.179021528053,63157.250518627574
9.631675675295877,74.76050596881927,262.4763014163616,51048.712493470375,46927.31847727517,68893.8088052127,75202.46303895442,59797.708750987666,23958.02897106647,85251.35316161095
9.45801719138882,62.06550737209424,302.85481263566373,61221.73492469664,57020.7214444188,75202.4630389544,91721.03753658295,67769.15688266132,29080.145976973337,99670.18237061161
8.416383799874936,62.93135017407921,230.50713508390265,45008.34044806392,42583.60401413208,59797.70875098768,67769.15688266132,53133.53932458854,21362.360367986363,77050.30293282286
7.834423297498361,77.33839025204084,97.68895299620227,19437.380260602695,18033.17902152805,23958.028971066473,29080.145976973337,21362.36036798636,9543.131537494217,31395.182852826794
7.734829401215158,88.16446159931894,339.0158220817409,65632.8726267671,63157.25051862757,85251.35316161095,99670.18237061164,77050.30293282286,31395.18285282679,114931.7276217586
