v,mu,sd,comat,,,,,,
7.609578582501274,59.6531990809613,278.2148322399114,77403.49287828205,25332.446551245266,17442.105523098246,25738.998843214722,18669.870290884777,36785.546328821314,68883.7999578093
8.49703183507332,91.99847994049054,93.97958964948779,25332.446551245263,8832.163270686115,5902.882072338692,8940.8473363888,6477.969983517077,12814.98329631476,23258.378876939954
6.349344855364752,61.1912464763314,65.03186400002176,17442.105523098242,5902.882072338692,4229.143335317325,5968.923727524792,4448.535536033023,8960.07642300667,16036.833893037561
8.372409373444961,25.002594484876347,97.43834183448735,25738.998843214722,8940.8473363888,5968.923727524792,9494.230459454408,6467.867551503913,13321.839387186148,24179.374427641287
9.540360416566575,18.651577606216627,70.6799162834708,18669.870290884777,6477.969983517076,4448.535536033023,6467.867551503914,4995.650565838441,9800.697874833853,16960.46791834068
8.425751020797037,42.23477187436666,141.90596854649027,36785.5463288213,12814.98329631476,8960.076423006669,13321.83938718615,9800.697874833853,20137.303909117487,34344.66294095646
6.0582667199653875,90.77389582121675,253.14045840209457,68883.7999578093,23258.378876939954,16036.833893037561,24179.374427641287,16960.467918340677,34344.662940956456,64080.09168002257
