v,mu,sd,comat,,,,,,
8.378657077517762,12.050145759519692,24.26033806281672,588.5640029221539,314.520403521995,4906.381537838686,7427.859715833861,4891.793512013431,1198.0546067026983,4859.991491459052
5.22356091101473,7.716462065309126,13.102165349845297,314.520403521995,171.66673685468675,2686.032830069697,3960.683310626938,2642.9955310750306,645.7527456356653,2660.4102378755097
6.716518362712962,49.04975294262225,206.81001843826567,4906.381537838686,2686.032830069697,42770.383726435786,62189.466932620206,41424.40966075414,10221.431259726894,41759.22218437274
8.220098635099156,66.9445703127921,309.01494559133096,7427.859715833862,3960.6833106269382,62189.466932620206,95490.23659881324,62021.54622452018,15010.742029412999,61490.16467931417
6.421064993701448,65.52172848125312,205.78777862824907,4891.793512013431,2642.995531075031,41424.40966075414,62021.546224520185,42348.609832749244,10288.762707298341,42425.28985733958
9.746689033250025,34.971132464057234,50.63196476268434,1198.0546067026983,645.7527456356653,10221.431259726896,15010.742029412997,10288.762707298341,2563.5958557297095,10273.657525861145
5.78835084386882,69.03976583688647,207.22957591340094,4859.991491459052,2660.4102378755097,41759.22218437274,61490.16467931417,42425.28985733959,10273.657525861145,42944.097133248004
