v,mu,sd,comat,,,,,,
9.244088486342893,48.64722040689299,149.93004733121418,22479.01909274013,26694.551860763368,38264.644465375626,31147.566694312343,5311.241803537331,4149.5657003579145,18274.145622264612
5.894479624604992,70.03405907583385,189.17328173536714,26694.55186076337,35786.53052252859,50228.15717966395,40661.74603158175,6838.061564448266,5364.428993907672,22630.09453655358
5.271816071532157,62.32994044456922,267.73180390616733,38264.64446537562,50228.15717966394,71680.31882285043,56964.908656043444,9775.760319831725,7594.027880394752,31974.122530813464
6.8076922304411145,47.92777002706343,218.15670359409893,31147.566694312343,40661.74603158176,56964.908656043444,47592.347323043534,7769.913191826001,6096.480510307284,26238.168203901485
6.37700464303206,25.937955983995693,37.0210009376783,5311.241803537329,6838.061564448265,9775.760319831725,7769.913191826,1370.5545104275775,1045.391668330769,4403.567257404115
7.650001124477127,6.140961934793829,28.689134684759242,4149.5657003579145,5364.428993907672,7594.027880394751,6096.480510307283,1045.391668330769,823.066448960256,3477.3796638185727
6.52959457867958,65.473790351648,123.02840459109841,18274.145622264616,22630.09453655358,31974.122530813464,26238.16820390149,4403.567257404115,3477.3796638185727,15135.988336231007
