v,mu,sd,comat,,,,,,
6.116455395767694,74.6142710847104,276.27170952281324,76326.05748265769,48552.29421488605,73446.0594705983,31627.51375407011,24711.08431710268,26828.8105443776,7549.4582154304235
7.615816707003381,55.06549094044482,179.9512605181426,48552.29421488606,32382.45616206843,48910.77043725456,20827.333622959963,16192.499897761765,17537.421082335048,4785.674411200985
7.753507282905906,73.67979867847839,274.8561083482042,73446.05947059828,48910.77043725457,75545.88029631978,31369.2134696364,24623.446683594957,27049.61340763313,7284.350573214821
5.2280097506640315,80.5547046094325,116.91565543928313,31627.513754070107,20827.333622959963,31369.213469636394,13669.270486797175,10715.802947497283,11418.37073442336,3110.017959482971
6.803644176738864,23.92045005628023,92.93757242138949,24711.08431710268,16192.499897761765,24623.44668359496,10715.802947497283,8637.392367581015,9064.661234576473,2408.5569777396754
6.115404708456444,42.417395635869035,99.96684138771019,26828.810544377604,17537.421082335048,27049.61340763313,11418.370734423363,9064.661234576475,9993.36937703561,2652.181634494889
8.443630809106782,19.577340176804007,27.453226964766735,7549.4582154304235,4785.674411200986,7284.350573214821,3110.017959482971,2408.5569777396754,2652.181634494889,753.6796707789954
