v,mu,sd,comat,,,,,,
6.777095589026183,46.333051109007776,48.665843741234326,2368.3643470462366,3833.4139930929127,1718.9735690111152,4533.7702531813775,17151.302685658953,5774.397577541296,10249.652563426036
6.704244383446508,29.13081318762007,80.43238208544955,3833.4139930929127,6469.368087939746,2858.8221138616173,7634.401015228216,28765.077531938852,9605.176139287732,16532.895198582588
9.66553221140785,17.976146734893938,37.24543612310481,1718.973569011115,2858.8221138616177,1387.2225120002806,3439.705922209337,12771.41202193708,4593.265155894415,7941.990277885899
9.569095928225131,32.86648509981886,95.41040584588107,4533.7702531813775,7634.401015228216,3439.7059222093376,9103.145543675737,34138.57069716783,11600.520295909195,19886.176414789457
9.18732364188197,74.85708115952723,360.02456954151336,17151.302685658953,28765.077531938852,12771.41202193708,34138.57069716784,129617.69067355203,43590.02704607721,74156.1925922441
5.29744032862453,25.08602979888985,125.05885105416333,5774.397577541296,9605.17613928773,4593.265155894416,11600.520295909195,43590.02704607721,15639.716226987406,26595.06369737067
6.241051125605026,67.8428638542039,217.33305668805926,10249.652563426036,16532.895198582588,7941.9902778859,19886.176414789457,74156.1925922441,26595.063697370668,47233.65752937519
