v,mu,sd,comat,,,,,,
5.901348444383846,39.05160319307484,165.0425082651593,27239.029534455185,44738.71743778277,46945.51877355846,35905.94306000388,57954.5243505728,20108.865112304666,18069.08691255158
5.097376207438123,77.6266541717248,280.26784906291346,44738.71743778277,78550.06721835205,78103.34171029401,60196.41754019957,97047.45821364796,34837.57495277721,30156.229893008065
7.316092632491723,82.0418245257314,292.7957395203355,46945.51877355847,78103.34171029403,85729.34508126014,62223.7997211042,103653.9635987577,35904.19247955681,32882.88427819324
8.62466964596074,95.95718501846574,224.10778354692843,35905.94306000389,60196.41754019956,62223.799721104195,50224.29864631693,75552.98046422222,27646.92858978357,23974.09595138686
7.1010180229386375,75.13399917062394,360.5930983925774,57954.52435057279,97047.45821364793,103653.96359875769,75552.98046422222,130027.38260835902,44041.141019087874,40119.29382721359
7.4271354908389124,36.7645946453178,126.71020437356496,20108.865112304666,34837.57495277722,35904.192479556805,27646.928589783573,44041.14101908788,16055.475892390601,14013.238739282275
5.063904072953044,39.73866591982954,113.1026477117524,18069.08691255158,30156.229893008058,32882.88427819324,23974.09595138686,40119.29382721359,14013.238739282273,12792.208919408768
