v,mu,sd,comat,,,,,,
6.539674763124854,65.10889643119414,313.0222969322323,97982.95837673057,38860.29636840157,81386.03391875574,48697.93259885863,124858.1622251082,12762.542085411484,24795.872941510897
7.596957396526504,55.004184134930966,129.1096137717651,38860.29636840158,16669.29236829436,33806.396095743185,20105.061324446073,49051.8372706809,5305.583284956546,10441.93471783388
8.841488307689866,53.28925425938145,264.41486917320975,81386.03391875573,33806.396095743185,69915.22303988563,41232.405120468444,103361.01372823544,10925.142324926333,21302.97039770779
8.946103680854298,65.16005618938112,160.22066710255748,48697.932598858635,20105.061324446073,41232.40512046845,25670.662166788545,61641.957522040095,6793.121585794722,12704.673982311091
9.352810312379116,97.69388401061197,403.4566604350809,124858.1622251082,49051.8372706809,103361.01372823546,61641.957522040095,162777.27684942816,16087.628850852441,31375.742812910776
5.939606958110344,8.685502929346628,42.92048217384729,12762.542085411485,5305.583284956546,10925.142324926333,6793.121585794723,16087.628850852443,1842.1677900355432,3327.362356408024
6.347526228084591,38.44686922668893,81.17706922294889,24795.872941510897,10441.934717833878,21302.97039770779,12704.673982311091,31375.742812910776,3327.3623564080235,6589.716567627436
