v,mu,sd,comat,,,,,,
5.243624404045637,28.19068718866348,120.5835496692418,14540.392450834503,23289.99081359244,25714.40379686818,14317.609943937483,11475.607048791262,11857.50853075901,3722.533841401116
6.445548298949085,49.42211309257099,195.53537346342634,23289.99081359244,38234.08227548161,41265.386093168214,22891.518966916126,18630.729652088907,19082.523138397955,5997.368728470106
8.60483173415615,48.76141449064095,217.29758805217685,25714.40379686818,41265.38609316821,47218.24177329354,25564.692853519922,20803.859408877765,21277.802236142437,6731.5224452818675
5.108081249579749,71.70560774039076,119.88462664337854,14317.609943937483,22891.51896691613,25564.692853519922,14372.32370542227,11429.623705851958,11915.598080397129,3673.455022368635
6.0296138263371954,22.02841494689102,96.91665748429365,11475.60704879126,18630.72965208891,20803.859408877765,11429.623705851958,9392.838497927893,9552.849779109476,3035.299156781782
5.253866283476884,39.68566344998861,100.17219267110679,11857.508530759009,19082.52313839796,21277.802236142437,11915.598080397127,9552.849779109476,10034.46818453734,3061.295056047817
6.511359469823084,8.914711575283375,31.52823526484009,3722.5338414011167,5997.368728470107,6731.5224452818675,3673.4550223686356,3035.2991567817826,3061.295056047817,994.0296189151063
