v,mu,sd,comat,,,,,,
9.920959252712883,55.85096563500534,270.80412318057506,73334.87313160008,94188.70741601416,41806.60824251383,37605.55292539827,4774.8375919154005,26292.707499941906,4201.53832082192
6.667061330073267,75.09043682950575,356.4000337050968,94188.70741601416,127020.98402499413,54625.59385054453,48567.62944855492,6179.687468821021,33858.92628202521,5473.8271354738945
8.368508123345688,36.102386849094515,158.66364697039887,41806.60824251383,54625.59385054454,25174.152869947364,21476.60730938942,2777.91040931767,15694.66818760197,2359.8205987065016
5.9819520860726225,87.9607818113527,140.99563088043627,37605.55292539827,48567.62944855492,21476.607309389416,19879.767927372228,2506.7244175376786,13819.244966420125,2219.393321037948
6.7722323232051185,6.654294546991906,18.22777626638462,4774.8375919154005,6179.687468821023,2777.9104093176707,2506.7244175376786,332.2518276173744,1732.6496662841769,280.08475696181773
9.066829765910303,43.30567542423125,101.12849700949516,26292.707499941906,33858.926282025204,15694.66818760197,13819.244966420125,1732.649666284177,10226.97290739947,1510.7400388141905
6.239247767556305,8.387974223234071,15.83770880210998,4201.538320821919,5473.827135473895,2359.8205987065016,2219.393321037948,280.0847569618178,1510.7400388141907,250.83302010043195
