v,mu,sd,comat,,,,,,
5.770814211898362,31.32613537039364,111.73131442780732,12483.886623765544,17269.657423446915,24245.050585821155,23228.21457535531,15153.918523375052,17715.975445046028,13214.374154906947
8.700248482577024,51.81004401646825,156.7888143251619,17269.657423446915,24582.73229749009,34031.57769720487,32280.436504680656,20904.170541771542,24456.739975182863,18562.091255802232
6.316575075925673,48.836824706265745,223.62246734051286,24245.05058582115,34031.57769720487,50007.00789945874,46669.54416004008,30346.29417255682,35681.23999717872,27119.199556479398
7.668696966901489,62.54888084788057,213.50575177359428,23228.21457535531,32280.436504680652,46669.54416004008,45584.70604040766,28782.11630061383,33757.69522547366,25045.57597415682
5.072874812427099,47.16782633817054,137.7388795788111,15153.91852337505,20904.170541771546,30346.29417255682,28782.11630061383,18971.998947626224,21766.810104054202,16530.619459873404
9.593735040499425,89.40251508682083,163.96438734750387,17715.975445046028,24456.739975182863,35681.23999717872,33757.69522547366,21766.810104054202,26884.32031824229,19184.545347914776
9.503574270585062,94.73523890485086,122.57604756573252,13214.374154906947,18562.09125580224,27119.199556479405,25045.57597415683,16530.619459873407,19184.54534791478,15024.887436836723
