v,mu,sd,comat,,,,,,
6.376128349006688,74.09940880307168,80.46574436707178,6474.7360165469445,5607.533280180348,20072.146201440268,16168.013407590159,5891.13491322229,13979.325645378969,4592.985452783401
8.196153804626348,34.11829671120363,72.80785594739157,5607.533280180347,5300.9838876561225,19016.82049227374,14794.044429931533,5637.542240306968,12685.702251168366,4245.42095934196
8.119496061676898,83.02621004364234,268.23804344319393,20072.146201440264,19016.82049227374,71951.6479502328,53931.05150973791,21032.314108156505,47692.307571535785,15361.211374340017
8.89021153657708,95.48276555850708,209.49871525330425,16168.013407590159,14794.044429931531,53931.0515097379,43889.711692785044,15270.608454042862,35881.19559652816,11990.31859627837
7.3905676475025,37.04674717428188,80.17245171271344,5891.1349132222895,5637.542240306968,21032.314108156505,15270.608454042862,6427.622013627368,14276.899327449397,4498.587738185791
9.795669427444036,37.900135173345994,184.0215758005577,13979.325645378969,12685.702251168368,47692.307571535785,35881.19559652817,14276.899327449395,33863.94036012041,10377.919549102042
9.987171033547423,48.035660568439916,59.12858914059504,4592.985452783402,4245.42095934196,15361.211374340019,11990.318596278372,4498.587738185792,10377.919549102042,3496.1900537572938
