v,mu,sd,comat,,,,,,
5.168773552116042,22.83621659176739,92.27564587913889,8514.794822412243,23002.939292864314,3982.319382579531,14295.962998708961,3040.960557260736,12904.068999187859,18708.928203743122
7.4455375398279235,56.492794000842316,252.595678225484,23002.939292864317,63804.57665819227,10905.40826041488,39745.2720981796,8321.288875888235,35002.40245112429,51714.62875821319
9.230425486404414,21.061657831327445,44.59273702383557,3982.319382579531,10905.408260414883,1988.5121952769555,6918.487753640907,1462.0657878370948,6238.196404641568,8976.895205972824
7.057009999048872,53.79020949579434,165.53150335798324,14295.962998708961,39745.272098179594,6918.487753640908,27400.678603954013,5570.554849077102,22483.524103618416,34558.22972538565
8.157076868653824,8.725083222499972,34.28124247057025,3040.9605572607356,8321.288875888236,1462.0657878370953,5570.5548490771025,1175.2035853260295,4757.176872441584,7071.423956096932
6.45471618633067,30.564271774249537,141.6098983981891,12904.068999187859,35002.40245112429,6238.196404641568,22483.52410361842,4757.176872441583,20053.363324345446,29223.22105284636
7.714001444651046,88.53164978872584,211.35846720163215,18708.928203743122,51714.62875821319,8976.895205972825,34558.22972538566,7071.423956096932,29223.221052846355,44672.401657823415
