v,mu,sd,comat,,,,,,
6.254618118724701,83.82604709570424,92.9118014325358,8632.602845438962,5285.883879304351,10633.549672022042,8847.571446290807,13508.933861921865,13776.97802082705,5475.155089007142
5.230479103363058,27.890036180224378,57.60149364193916,5285.883879304351,3317.932069782357,6710.621801759678,5491.281242094539,8391.090770133407,8467.605729790343,3361.2403238375755
8.384081205552793,41.120083926192486,119.94756382673262,10633.54967202204,6710.621801759678,14387.418067968094,11263.932289637478,17195.94056556173,17060.037225415683,6984.601230887817
5.217347428223761,35.534814099123054,97.65767215065375,8847.571446290807,5491.28124209454,11263.932289637478,9537.020929884577,13868.596099517981,14505.319082502121,5754.8750009911455
5.582118515832656,58.03557151969075,149.41849638133186,13508.933861921865,8391.090770133409,17195.940565561734,13868.596099517983,22325.887060858087,21848.949141308167,8761.575601084995
8.019328444744065,59.934972752114945,150.58528754922608,13776.978020827051,8467.605729790343,17060.037225415683,14505.319082502123,21848.949141308163,22675.928826283103,8901.692859593924
5.954653313898696,24.35118607780089,59.82805590700121,5475.155089007142,3361.2403238375755,6984.601230887816,5754.8750009911455,8761.575601084995,8901.692859593924,3579.3962736112617
