v,mu,sd,comat,,,,,,
9.800086516679592,7.986686517145323,38.42586756747234,1476.5472983129225,3410.313998099711,3819.677941431512,5308.916507542807,14906.563573943571,4258.497222577647,15272.226142402611
8.497560249747881,32.43063006420682,89.76139033682745,3410.3139980997107,8057.107195200299,8908.559102092539,12466.45301001558,34952.43709037778,10131.355377668619,35911.02291249613
9.999336463119395,29.607045564836007,100.2958142515931,3819.677941431511,8908.55910209254,10059.250356390066,13860.070758056163,39261.89472304617,11310.408228934328,39544.50902226377
6.100336498914259,67.25217436784442,141.41665113493292,5308.916507542805,12466.453010015583,13860.070758056163,19998.669218219326,53664.75319154807,15910.651508962605,56253.42985700838
6.80528176982029,86.50738350421635,394.0321857469559,14906.563573943571,34952.43709037779,39261.89472304617,53664.75319154807,155261.36340452358,43515.13177947638,153460.27194520118
8.699204951047186,32.08075615120519,116.71754404090854,4258.497222577646,10131.355377668619,11310.408228934326,15910.651508962606,43515.131779476375,13622.985086941424,46411.676653162096
9.982278625445485,97.35142463984826,407.6587451037492,15272.22614240261,35911.02291249613,39544.50902226377,56253.42985700838,153460.27194520118,46411.676653162096,166185.65245956354
