v,mu,sd,comat,,,,,,
7.179974510710019,21.076417425496903,45.779937222275535,2095.802652075489,5996.052680035562,2076.176867259122,6291.270156338612,3197.3462240569934,7877.493742273303,8396.363001586094
5.129631159139457,54.7863531535346,132.93892838840208,5996.052680035563,17672.75868105669,6074.342835779963,18610.148588908683,9422.788081950814,23535.92530664118,24171.865816966558
7.748312389393545,9.339501698313004,46.06815478877688,2076.1768672591224,6074.342835779963,2122.2748856427065,6472.543680847615,3307.9469525082163,8049.206473088047,8532.956649219768
7.176611963091384,46.92871733871044,141.53709397155092,6291.270156338613,18610.14858890869,6472.543680847615,20032.748969911634,10129.951440871562,24700.798031330334,25604.73587767199
7.101839010437445,35.73642516579639,72.86582084082178,3197.346224056994,9422.788081950815,3307.9469525082163,10129.951440871562,5309.427846806737,12847.631185375432,13333.291999674226
6.651674105019371,41.75453910547243,180.71646779428323,7877.493742273304,23535.925306641177,8049.206473088045,24700.798031330327,12847.631185375434,32658.441732042214,31860.29347546381
6.023243170189213,74.99097034727572,188.74044387085152,8396.363001586094,24171.865816966554,8532.956649219766,25604.73587767199,13333.291999674228,31860.293475463815,35622.95515256606
