v,mu,sd,comat,,,,,,
7.290274741120452,95.35510154044485,147.58710588141295,21781.953822451393,19146.49749134475,38418.65562206812,9843.582201953071,14230.108101231403,10082.93372034643,2356.8373045055037
6.5417480348245585,95.17263741148223,139.13598798775374,19146.497491344755,19358.82315332835,35580.189594144744,9186.377903866969,13491.715429509612,9399.099462099468,2259.1746678467825
6.157435225177812,99.07607049879304,273.502209421175,38418.65562206812,35580.189594144744,74803.45855826428,17864.610193520944,26073.49683937762,18706.265228304845,4412.014209591797
6.387122758780629,18.50433187235886,68.30249855237986,9843.58220195307,9186.377903866969,17864.610193520937,4665.231308497854,6606.562620548933,4645.234404653947,1092.5503589893963
9.08617405951335,30.20950413307847,99.50756561145498,14230.1081012314,13491.715429509612,26073.49683937762,6606.562620548935,9901.75561391802,6910.5262483123,1615.306083206032
5.556733180462491,15.793139454785148,70.096958782756,10082.933720346426,9399.099462099466,18706.265228304845,4645.234404653947,6910.526248312298,4913.5836305913945,1138.7711121690338
8.132186144771262,5.292932375930711,16.609384340063087,2356.8373045055037,2259.1746678467825,4412.014209591797,1092.5503589893965,1615.3060832060319,1138.771112169034,275.87164815593303
