v,mu,sd,comat,,,,,,
5.0518707694285,30.343565821834424,140.7305706979151,19805.093528960882,2493.3357018305696,7842.60028985663,19721.77673632495,11406.58771360209,6823.2473134948,27115.198205729797
7.509372960743693,7.172360247119302,17.93442260517636,2493.335701830569,321.64351418106077,1000.5874815457685,2481.3744345595906,1419.5578447806513,855.6143627843848,3431.843034015709
7.47886646567073,23.965166221581345,56.826703415503275,7842.60028985663,1000.5874815457684,3229.274221073571,7834.996564390671,4486.14620918954,2752.2130805901193,10637.118020650423
5.669147644796383,47.190668029184415,141.22083196826694,19721.77673632495,2481.3744345595915,7834.996564390673,19943.323381809485,11431.211772562685,6825.110063241428,27202.62951372125
5.710555427272693,44.36290085596406,82.38296501301843,11406.58771360209,1419.557844780651,4486.14620918954,11431.211772562683,6786.9529243362185,3917.0129923582554,15967.159976484923
6.092793378130391,25.5807727090519,49.35115599219381,6823.247313494801,855.6143627843845,2752.2130805901193,6825.110063241427,3917.0129923582554,2435.5365977658466,9126.171963342404
7.092540902552262,74.26313395950919,197.81282869862923,27115.198205729794,3431.843034015708,10637.118020650423,27202.629513721247,15967.159976484923,9126.171963342404,39129.91519775323
