v,mu,sd,comat,,,,,,
5.567442359468248,10.607323345618514,47.953851968999004,2299.5719186646697,7498.398261432204,11994.450668586893,8631.602090252121,14287.160237191534,12086.171393034765,4421.733219194133
9.872415472182283,79.45702527136845,159.70144254659374,7498.398261432203,25504.550751462975,39273.091920748026,28581.36954210713,48583.44293431619,40204.13516596311,14529.920863858571
8.643673167505531,93.07359964125511,258.6517567918972,11994.450668586893,39273.091920748026,66900.73129153473,46660.214338080244,79055.98835130809,64359.42362432444,23344.409211652972
6.757339029463507,40.82937670722048,186.8063989150942,8631.602090252121,28581.36954210713,46660.21433808025,34896.63067562531,57072.98064141667,47658.54627043665,16666.753719162167
8.538025691295406,76.63511761895087,314.03784228049767,14287.160237191532,48583.44293431619,79055.9883513081,57072.98064141666,98619.76638419073,77907.87964684678,27863.698625555626
8.998023008300269,88.50960855006609,258.9728542621524,12086.171393034765,40204.13516596312,64359.423624324445,47658.546270436644,77907.87964684678,67066.93924468603,23771.2883327501
8.227809272541462,33.77556888276403,93.61613245372506,4421.733219194133,14529.920863858573,23344.409211652972,16666.753719162167,27863.698625555626,23771.288332750097,8763.980255593393
