v,mu,sd,comat,,,,,,
7.569716718863451,56.13608186857632,83.15937272629762,6915.4812722312945,4466.8056092030665,14730.764931455824,2080.608465976177,5073.449046806025,17185.424336190983,5455.718405794694
8.865825260396484,19.53742459203265,54.71874301884908,4466.8056092030665,2994.140837562846,9468.465322760301,1353.9090950462796,3399.623867836507,11158.817026640316,3647.7195154161163
9.352138428624063,45.76187298463734,180.0568768124934,14730.764931455824,9468.4653227603,32420.47888746944,4454.815424025808,10698.23127928856,35271.20867006277,11651.305182358059
5.04023474264909,11.989297255843171,25.35908199082236,2080.608465976177,1353.9090950462794,4454.815424025808,643.083039417251,1543.1719439596584,5183.13897717115,1647.3679967350743
6.54867962752602,20.702908585195644,62.7785177202828,5073.449046806025,3399.6238678365075,10698.23127928856,1543.1719439596584,3941.142287155862,12669.8443790597,4131.627198256868
9.788018696829454,60.02885949524386,213.36848187971236,17185.424336190983,11158.817026640316,35271.20867006277,5183.13897717115,12669.8443790597,45526.109059653136,13694.180887201774
7.5655835613394355,25.332441912254573,67.64548800237355,5455.718405794693,3647.7195154161163,11651.305182358057,1647.3679967350743,4131.627198256867,13694.180887201774,4575.912047079264
