v,mu,sd,comat,,,,,,
6.473325013435549,12.915913059888481,58.57956663184382,3431.56562677463,1556.4960961029653,19921.31248711789,11036.033622242256,3530.1044672775606,5504.768780500029,17536.085089105512
7.652933778026471,6.491138330339652,27.148397973737733,1556.4960961029653,737.035512540447,9202.570833703168,4945.494139864202,1639.4931994732733,2538.369554105609,7834.398799863184
5.957603934737474,77.97809174568967,349.97933313494923,19921.312487117895,9202.570833703168,122485.53362158377,64298.80014511831,21388.720482845,33220.2119412288,101421.58704911199
5.339501790956457,92.03045820700775,192.82707263639776,11036.033622242256,4945.494139864202,64298.80014511831,37182.279941522625,11316.745658709548,18174.806677314842,58715.99095100796
8.934927299999567,27.456207006346947,61.558995433171944,3530.10446727756,1639.4931994732735,21388.720482845,11316.745658709548,3789.5099187412848,5844.660860072263,17790.314021114198
8.281667608879278,72.98610959725504,97.14027554218069,5504.768780500029,2538.369554105609,33220.21194122881,18174.806677314842,5844.660860072264,9436.233132410789,29018.87177570998
8.18760448021818,69.17121208542052,306.71197989139193,17536.085089105512,7834.398799863184,101421.587049112,58715.99095100796,17790.314021114194,29018.87177570998,94072.2386088976
