v,mu,sd,comat,,,,,,
8.661336240344259,38.82840808549978,114.74485013671202,13166.380632896502,16304.634997557427,14812.222361104848,8601.54601270809,11286.694562132234,4081.765149789112,13636.298183081548
7.835945077254424,40.27573930622695,147.0334735109526,16304.634997557425,21618.842332695996,18516.78435993439,10615.34939321352,13933.912869810674,5188.038473159465,16884.857560153578
6.506119450249965,47.90757638762519,131.36418559441037,14812.222361104847,18516.784359934394,17256.54925688269,9878.35318989461,12836.277277519177,4729.57593153486,15475.900152712926
8.902914627388359,33.27308172169559,76.91458238081216,8601.54601270809,10615.34939321352,9878.35318989461,5915.852982814741,7581.888212325871,2683.243543092986,9017.837263895699
7.489371389373092,40.150955347970594,99.29272509191097,11286.694562132236,13933.912869810674,12836.277277519177,7581.888212325872,9859.045256177806,3483.0887280321463,11737.043462941489
5.594550933046336,35.37364189519286,36.821629639242126,4081.765149789112,5188.038473159465,4729.575931534859,2683.243543092986,3483.088728032146,1355.8324092895139,4250.594494861777
6.942797613914351,70.60422228546926,119.39972663749978,13636.298183081548,16884.857560153578,15475.900152712924,9017.837263895699,11737.043462941489,4250.594494861777,14256.294721109676
