v,mu,sd,comat,,,,,,
6.2852121355257,58.39384721306431,262.2369438213929,68768.21470478438,4454.397055024835,5186.6648142667555,8790.360174582549,34075.144090903814,99788.9910710613,58382.967574497474
8.418937915355363,7.440870660859446,17.40744787582051,4454.397055024834,303.0192415494079,347.18605899530496,584.430726776764,2268.089384715082,6641.70510874783,3923.6390454763305
8.318208787845577,6.372656861953857,20.718931459841706,5186.664814266756,347.1860589953049,429.27412083761834,714.3203512150374,2656.8022748493063,7806.022278493548,4704.722751159785
8.885652172332,23.850539258053246,35.28801329670176,8790.360174582547,584.4307267767641,714.3203512150374,1245.2438824282008,4554.199896929148,13558.084565848863,8038.665738831294
9.136833141677291,83.92579576808183,132.70796258110533,34075.14409090382,2268.0893847150824,2656.8022748493067,4554.199896929149,17611.403332428054,52394.42983294435,29986.45146348561
6.783420718674227,86.88948699049443,396.8758617316651,99788.9910710613,6641.705108747829,7806.022278493549,13558.084565848867,52394.42983294434,157510.44962525173,88603.27208813684
6.933680333740088,54.4383463155649,231.8838715420366,58382.96757449747,3923.6390454763305,4704.722751159785,8038.665738831295,29986.451463485613,88603.27208813684,53770.129881323715
