v,mu,sd,comat,,,,,,
6.013034768144452,11.376731039127487,39.34579449768175,1548.0915446538038,3671.979611570283,13422.498935157755,9799.270950766098,4525.634242378528,1620.4080894568517,4785.397507452173
6.035465520304866,37.03360794845217,97.8134637439758,3671.979611570283,9567.47368959407,33693.171721379265,25198.47223179789,11269.578474916485,4145.255146084317,12350.47731247438
5.763188716501229,83.26057805194509,352.15941703875126,13422.498935157755,33693.171721379265,124016.25500907315,90041.49199621768,40760.50214951858,14970.165863779714,45302.024039626114
8.772964057627615,52.9316649946001,263.7338309817824,9799.270950766098,25198.47223179789,90041.49199621766,69555.53360432734,30323.73432591751,11104.591553185159,33812.19127203249
6.137133828680611,25.67321799642249,117.76395397952699,4525.634242378528,11269.578474916485,40760.50214951858,30323.734325917507,13868.34885689215,4961.331870060714,14862.258130391327
8.320409820172141,23.549060910571054,42.95978930481439,1620.4080894568513,4145.255146084316,14970.165863779714,11104.59155318516,4961.331870060714,1845.5434971140448,5500.688475088626
7.946089124002047,32.02419987563084,130.6610434654356,4785.397507452173,12350.47731247438,45302.02403962612,33812.19127203249,14862.258130391327,5500.688475088626,17072.30827947645
