v,mu,sd,comat,,,,,,
8.213449578930394,20.3699067691184,41.123359268644975,1691.1306775380485,9825.500316865928,3637.9453583366635,6288.02245193044,12291.93503772017,3191.526032644009,8275.006521452842
7.693104654844735,52.585091739546755,247.757893609593,9825.500316865926,61383.973845862405,22528.566151736344,37841.071427498486,75632.52941912298,19292.443217828957,50672.3655917923
7.5594899122931505,52.77408928842905,94.06018597209227,3637.9453583366635,22528.566151736344,8847.318585104584,14299.408208504457,29267.821400514935,7069.40693331337,18920.73221144586
8.051286135564983,68.9886756810881,156.61466610980722,6288.022451930441,37841.07142749849,14299.408208504457,24528.153640686403,47947.3833626715,12065.339983025558,32491.77497832798
7.464944918055958,80.04819070694671,318.2504614979316,12291.93503772017,75632.52941912299,29267.82140051494,47947.3833626715,101283.35624364646,23619.15426635683,63490.62565394559
6.072309988957176,18.86836912021139,78.5547409229276,3191.5260326440084,19292.443217828957,7069.40693331337,12065.339983025558,23619.15426635683,6170.847321468277,16015.23261824868
6.219900096437906,46.1891244344254,208.99420326051646,8275.006521452842,50672.36559179231,18920.732211445862,32491.77497832798,63490.62565394559,16015.23261824868,43678.57699649806
