v,mu,sd,comat,,,,,,
6.872700594236813,38.89156603589098,82.59549817696067,6822.016319100313,7262.57560977218,8435.084646215659,32774.00900972089,1977.3201326439346,25861.51463367623,24904.188349232885
9.75357153204958,56.5561279000336,88.43664186757674,7262.57560977218,7821.039624814029,8833.410631031746,34846.8440487009,2104.6151266913903,27707.459602406336,26468.64420886142
8.659969709057025,81.20871317163378,105.4253605290385,8435.084646215657,8833.410631031746,11114.506642677748,40325.58174988447,2425.362268549977,31496.118464833704,30951.00724595104
7.993292420985183,98.75425897704915,403.8040987402238,32774.00900972088,34846.84404870089,40325.58174988447,163057.75015940444,9476.253124117458,123176.55175923763,119271.14307092245
5.780093202212183,23.87798974574638,24.405417969955135,1977.3201326439346,2104.6151266913903,2425.362268549977,9476.253124117458,595.6244262882091,7644.810979257261,7231.5001472992435
5.779972601681013,82.46883570320925,315.64364432471336,25861.51463367623,27707.459602406336,31496.118464833708,123176.55175923764,7644.81097925726,99630.91020258614,94300.60596691682
5.290418060840997,74.2556809638938,303.3405001655872,24904.188349232885,26468.644208861417,30951.00724595104,119271.14307092247,7231.500147299242,94300.60596691682,92015.4590407086
