v,mu,sd,comat,,,,,,
5.765270993830734,13.35691032867651,57.123264168089975,3263.067309217393,3477.203533936981,7983.622050536105,8681.94369829624,2630.515627936669,11243.474423520734,2535.925415396744
5.788428305047036,17.08006619040127,62.43540993352756,3477.2035339369804,3898.180413567632,8629.351384571555,9299.068045141228,2822.7905626062898,12180.244382067145,2740.335829297642
9.927455570915763,89.88815090234161,142.04412568987183,7983.622050536104,8629.351384571553,20176.533643000108,21437.974994950197,6560.570131803573,27977.459493795086,6447.39163499258
9.522488654026468,52.47516318860546,152.75232083598777,8681.94369829624,9299.068045141226,21437.9749949502,23333.271520780545,7045.036006396355,29804.365139189485,6816.068191898273
5.930391313335205,36.94722464658609,46.5698631638797,2630.5156279366684,2822.7905626062898,6560.5701318035735,7045.036006396356,2168.7521551024797,9188.662124333518,2051.963410130667
6.338547572065808,55.991920887390314,199.2720871703375,11243.474423520734,12180.244382067143,27977.45949379509,29804.365139189482,9188.662124333516,39709.36472522258,8835.750762491958
6.670255787441896,32.423390809062305,46.3312954005562,2535.925415396744,2740.335829297642,6447.39163499258,6816.068191898271,2051.9634101306665,8835.750762491956,2146.5889334935996
