v,mu,sd,comat,,,,,,
8.10186907276628,13.519977106193476,62.83667779290887,3948.4480760498463,18451.86965899265,2786.366170935608,6612.27925521105,8310.900264945101,2395.78118416337,3307.031762051652
7.544765343227035,86.81060474057752,298.4323901937406,18451.86965899265,89061.89151674906,13073.390786384107,30906.001193213466,38271.17093084438,11407.423628253315,15559.487884872538
6.491224208793644,18.064488668362955,45.130196899893946,2786.366170935608,13073.390786384105,2036.7346722231969,4755.623484648221,6011.266852089244,1735.0474266580202,2311.1734316962265
8.26899356196298,26.057854007800096,107.64322156749907,6612.27925521105,30906.001193213466,4755.623484648221,11587.063149429698,14569.1714700587,4147.793565118318,5561.354589368201
6.367532671761333,55.638533041162745,137.64952867803476,8310.900264945101,38271.170930844375,6011.266852089246,14569.171470058704,18947.392745285117,5167.811065268234,7051.726546285765
7.615630391750171,12.384754523261094,39.03603277414505,2395.78118416337,11407.423628253315,1735.0474266580202,4147.793565118319,5167.811065268234,1523.8118547441263,2002.4948583018813
6.866248710496384,15.685408397065302,53.07360669614115,3307.031762051652,15559.487884872537,2311.173431696227,5561.354589368201,7051.726546285765,2002.4948583018813,2816.8077277366783
