v,mu,sd,comat,,,,,,
9.835149195068382,59.35318317591112,260.0722702542856,67637.58575521818,72678.72305199526,10768.036912298654,27869.89606313999,67776.29063464109,19936.13478077475,20825.13383051029
7.736161245878612,86.79635961654184,293.61059972999715,72678.72305199529,86207.18427380861,12458.982503538451,31789.16133496232,77422.81633065335,22650.020592436587,24431.740561365958
9.863421799824422,13.042853046938975,44.20309540337019,10768.036912298656,12458.982503538447,1953.9136432394473,4820.711637300755,11986.988089493607,3404.220288385635,3712.300374613384
8.574079968371823,28.3181023153947,111.30072724642892,27869.896063139997,31789.161334962315,4820.711637300755,12387.851885583965,30397.714037340076,8561.230121618284,9426.886207429601
8.488644122986354,89.99187277009018,275.2793688535264,67776.29063464109,77422.81633065334,11986.988089493605,30397.714037340076,75778.73091639586,20940.903310600497,23307.221289594876
6.080447477901882,62.33853348421961,78.56346148810184,19936.134780774755,22650.02059243659,3404.220288385635,8561.230121618286,20940.903310600497,6172.217480992462,6512.0171812421395
9.881372273881208,56.307099316066605,85.40363154988479,20825.133830510298,24431.740561365954,3712.300374613385,9426.886207429601,23307.22128959488,6512.0171812421395,7293.78028190848
