v,mu,sd,comat,,,,,,
6.144017437784505,48.61685471182298,91.06519843920285,8292.87036677139,26879.417795520167,6299.356107477474,17898.851452586223,27642.044445909098,1347.5477701523305,16454.76177155662
5.953440093120915,92.55311236690184,299.24692494604636,26879.417795520167,89548.72208966472,20401.836989189083,58002.67601995892,90395.71877470404,4398.553810248346,55079.05566948384
9.431798354911994,36.882170249125224,70.25119126285958,6299.356107477473,20401.836989189083,4935.229873850879,13681.68719735219,21582.970559341655,1038.8914892484822,12666.683119722973
8.594629477947032,55.76365393236183,201.90101053699775,17898.851452586223,58002.676019958926,13681.687197352188,40764.01805586087,61690.555497236885,2995.986962006212,37361.95340158778
7.664916917170711,80.72981760592846,312.77434869205047,27642.0444459091,90395.71877470403,21582.97055934166,61690.5554972369,97827.7931997364,4675.362095904015,58351.99390511377
9.347310500020573,8.962230944286713,15.2153173399542,1347.5477701523305,4398.553810248346,1038.8914892484822,2995.9869620062123,4675.3620959040145,231.50588175551096,2699.6036898184807
8.621188381996738,97.61898073397461,194.23476331146975,16454.761771556623,55079.055669483845,12666.683119722973,37361.95340158778,58351.99390511376,2699.6036898184807,37727.143278662676
