v,mu,sd,comat,,,,,,
8.8885120528691,43.50535180632248,68.71600518628354,4721.889368761346,4589.517870133241,23713.216884289173,17484.77826766895,4731.187646935594,5056.645336215408,9148.664970657444
6.1877061001745615,23.137405573326397,68.54596494064272,4589.517870133241,4698.54930964382,23997.215578755375,17049.411885638045,4702.209404680086,5039.064080509309,8779.464553290214
9.121392663306843,72.64231555372656,358.83515653499614,23713.21688428917,23997.21557875538,128762.6695654952,87491.37095901332,24188.72376637643,26853.400055842412,46231.84801082688
9.828745990214998,88.10471766482922,263.9764243171061,17484.778267668946,17049.411885638045,87491.37095901332,69683.55259524484,18358.391233006325,18663.71720627189,35259.64085354791
9.863005569524468,15.144099429402342,70.4632416264214,4731.187646935595,4702.209404680084,24188.72376637643,18358.391233006325,4965.068420503443,5113.3945949374,9388.726237388755
7.267246237086561,39.667016284197075,75.61927629528215,5056.645336215408,5039.064080509309,26853.40005584241,18663.71720627189,5113.394594937399,5718.274947422221,9852.704528136801
8.04521231380639,87.8810269228157,135.81427485123317,9148.664970657446,8779.464553290216,46231.848010826885,35259.64085354791,9388.726237388757,9852.704528136803,18445.51725336631
