v,mu,sd,comat,,,,,,
5.240906137501188,62.05199885005243,84.52797898922245,7144.97923200243,17963.96061866622,13497.499262569343,6261.234491430719,35422.621939787816,6030.113289236468,23131.661770156505
8.40481506933859,50.637190478929845,218.73957917285992,17963.96061866622,47847.00349671985,33519.777546907884,15588.051359796442,88482.20465461098,15212.74132006794,58286.77448297336
8.993480339519008,42.045109328341056,161.10937848320285,13497.499262569345,33519.77754690789,25956.23183524391,11972.365243953323,67212.80234452174,11497.700786995607,44345.90861171052
9.000542958289412,33.70900883978278,77.99918134021273,6261.234491430718,15588.051359796444,11972.365243953322,6083.87228974339,33768.70581302772,5469.425877823414,21375.94781727803
9.826486250781302,91.69489714604353,436.46690348489824,35422.621939787816,88482.20465461098,67212.80234452176,33768.70581302773,190503.3578376955,31028.93205242677,119824.29750256323
7.220099121096446,51.50213870984611,72.51276054237316,6030.113289236468,15212.74132006794,11497.700786995607,5469.425877823414,31028.932052426768,5258.10044147555,20038.09645277954
9.156174382804242,89.84230201347505,280.7546125258101,23131.661770156505,58286.77448297334,44345.90861171052,21375.94781727803,119824.29750256326,20038.09645277954,78823.15245451777
