v,mu,sd,comat,,,,,,
7.503340631701906,79.60760264591615,384.17161363920246,147587.82872614864,72844.25910430853,97227.81033196424,13018.701834219166,64521.085026504916,10431.336652477732,30515.245649871482
7.3403371297405755,50.02649552544234,195.43654823625326,72844.25910430851,38195.444386501345,48734.22826074872,6579.723075759203,33178.416169408505,5151.947690933048,15024.044118592174
7.503912628211162,69.59844425905564,255.67173032161836,97227.81033196424,48734.22826074872,65368.03368565033,8550.096069462463,42310.78420803345,6933.057742577917,20134.88803163246
5.745890827260541,10.035425544519773,34.47182520732302,13018.701834219168,6579.723075759203,8550.096069462463,1188.306733124231,5799.492608836463,912.7584854160705,2685.0592815496248
9.101389679097075,36.70485083545334,174.24885174606248,64521.085026504916,33178.41616940851,42310.78420803345,5799.492608836464,30362.66233482126,4471.7978746660865,13443.479910839049
6.60682015804819,5.840505228926088,27.513315706972058,10431.336652477734,5151.947690933048,6933.057742577917,912.7584854160704,4471.797874666086,756.9825411915155,2185.72256228106
8.895869985537066,25.44702734247131,80.44691228561943,30515.245649871482,15024.044118592172,20134.88803163246,2685.0592815496248,13443.479910839049,2185.72256228106,6471.705696290147
