v,mu,sd,comat,,,,,,
5.381541446869786,34.34100506206073,115.74219369054971,13396.255400300728,14441.03798255084,46836.48629631118,24409.56970750802,4271.862098800376,21646.687714584215,8898.833385100037
8.899593961200573,27.336438689459108,132.85192095316071,14441.03798255084,17649.632900944867,54555.65952495182,28411.655264233363,5082.088593836456,25220.116178007207,9861.403528053748
7.192046157204468,94.77958126031541,416.423902167031,46836.48629631118,54555.659524951814,173408.86629601696,90376.30158567849,16104.959164755384,80295.94769735911,32008.872238300126
8.617325889154706,49.870779647398216,217.73117895585622,24409.569707508024,28411.65526423336,90376.30158567849,47406.866289507096,8369.334478701072,41896.7807608352,16608.27905001947
9.889947559983014,17.455511023051823,39.0119260556497,4271.862098800376,5082.088593836455,16104.959164755384,8369.334478701072,1521.9303745714803,7519.364595458804,3015.3250918436966
7.692479352052168,48.98465744466962,194.34118145173642,21646.68771458421,25220.116178007207,80295.9476973591,41896.78076083521,7519.364595458803,37768.494808056734,15040.760111014883
7.505602318299689,51.15339672734518,79.16011035672612,8898.833385100037,9861.403528053748,32008.872238300126,16608.27905001947,3015.3250918436966,15040.76011101488,6266.3230716890575
