v,mu,sd,comat,,,,,,
6.09322525073603,38.64941682973406,82.77479079214952,6851.665990684121,11620.359044498218,12379.477916552265,1745.649530908052,8878.596496509312,3809.1423867393205,6446.670664373161
5.157013597512902,31.47038126286728,144.10141896689098,11620.35904449822,20765.218948271453,21893.17506668685,3016.345015597109,15580.775566872775,6730.271777698862,10888.9052180493
6.435626386698517,68.98390669665899,156.70227573145547,12379.477916552265,21893.17506668685,24555.60321941709,3207.8139634730337,16744.77691262666,7358.226136720933,11882.852437048856
5.863223277776032,18.603108783882366,21.735109899530123,1745.6495309080522,3016.345015597109,3207.8139634730346,472.4150023446524,2350.2466347523628,1033.5609134693368,1702.4513523574922
6.516881904392052,69.19166463101165,113.75235984925315,8878.596496509312,15580.77556687277,16744.77691262666,2350.2466347523628,12939.59937127398,5503.868612204443,9099.359168142952
5.814751112535442,14.085110959184172,49.339185476113386,3809.1423867393214,6730.271777698862,7358.226136720933,1033.5609134693368,5503.868612204443,2434.3552234463186,3912.081653004173
8.496568766138832,17.10624391105191,81.427947958492,6446.670664373161,10888.9052180493,11882.852437048858,1702.4513523574922,9099.359168142952,3912.081653004173,6630.510708730882
