v,mu,sd,comat,,,,,,,,
9.11555170354896,95.70793872171518,394.3229499739248,155490.58887613838,85781.63105987922,33288.738485712485,14176.18669790061,14132.883692427384,40796.11942855165,31557.894789625592,109206.76372739514,78255.70790096094
5.130589907849337,85.60699028134265,222.36097404931047,85781.63105987923,49444.402780158125,18418.90582679675,8189.326399066862,7887.289694352632,22802.08353745702,18008.964382817085,62559.67237039434,45264.37193450857
6.053853199656469,80.70776640813716,86.41242182059301,33288.73848571249,18418.905826796752,7467.106644900102,3096.7565200974177,3109.24809460352,8761.900001418026,6921.386767806812,23489.12426736442,17222.550771530634
8.09210884674805,20.907156736073183,37.68076203999121,14176.186697900614,8189.326399066861,3096.7565200974173,1419.8398279144424,1341.3004061785791,3816.022809302864,3108.0527032300715,10486.897040791466,7639.227240327181
5.4914223266844955,27.87205567774779,36.46445132461392,14132.883692427386,7887.289694352631,3109.2480946035193,1341.3004061785794,1329.6562104051377,3717.78226847705,2969.306691450325,10181.738964936822,7442.632865712628
8.100656549384293,74.52424152311801,105.27471386591635,40796.119428551654,22802.08353745702,8761.900001418026,3816.0228093028645,3717.7822684770504,11082.765379550561,8395.271967660672,28999.596019265748,20741.86339845391
5.269451097992219,44.39329401472435,83.66991647127082,31557.894789625596,18008.964382817085,6921.386767806811,3108.052703230072,2969.3066914503247,8395.27196766067,7000.654922309435,23274.132291531598,16600.825872604662
9.803270289021192,94.29262944273275,285.0882769583604,109206.76372739514,62559.67237039433,23489.12426736442,10486.897040791464,10181.73896493682,28999.596019265748,23274.132291531594,81275.3256590868,57816.5804281973
9.902146871075367,62.836522798840576,209.5294225239399,78255.70790096094,45264.37193450857,17222.55077153063,7639.227240327181,7442.632865712629,20741.863398453912,16600.82587260466,57816.580428197296,43902.57890321573
