v,mu,sd,comat,,,,,,,,
6.82552791511347,22.026240913405573,56.66243748485378,3210.6318217249636,2659.9608469846507,3124.49987446802,13295.531688171575,2216.737947594948,6176.683905471389,4088.5673507633282,14345.795254328603,14947.665688013794
7.25602957946669,11.644005483153094,47.90435708465562,2659.9608469846507,2294.8274276941947,2686.853708982062,11434.756877954156,1944.4810248338001,5256.42747533955,3460.1357712117237,12517.755483627803,13140.767271808623
7.480301743838948,31.332836733142926,57.22419149233809,3124.4998744680206,2686.853708982062,3274.60809195178,13333.900572080982,2330.939054053479,6243.997919859945,4155.235032076376,14784.668416323751,15781.700257388826
5.378110332975685,87.51827328659415,243.10573792125297,13295.531688171573,11434.756877954156,13333.90057208098,59100.39981023693,9844.697980889092,26640.273238362654,17445.15698807359,62385.52561914948,66580.18346214488
7.858807911638604,11.015133565347117,42.02494356274292,2216.737947594948,1944.4810248338,2330.939054053479,9844.697980889092,1766.0958814517278,4484.588578356952,2919.547636297767,10838.90807594278,11224.057614334206
6.448170028869793,73.10998404953963,111.38497242716498,6176.683905471388,5256.427475339549,6243.997919859945,26640.273238362646,4484.588578356952,12406.612082600303,7999.351856229439,28806.839701574416,30720.305999966477
6.544022293942124,17.0183541988675,74.36718932359275,4088.5673507633282,3460.1357712117233,4155.235032076377,17445.15698807359,2919.547636297767,7999.35185622944,5530.47884789109,18707.903632714304,20392.105597488895
6.8743808325261035,94.04467080518502,266.5185815065347,14345.795254328603,12517.755483627803,14784.668416323755,62385.525619149485,10838.908075942778,28806.83970157442,18707.903632714304,71032.15428825539,74460.97645842409
9.079283372155071,92.5678843963363,287.30480732657406,14947.665688013794,13140.767271808621,15781.700257388826,66580.18346214488,11224.057614334206,30720.305999966477,20392.105597488895,74460.97645842409,82544.05231295986
