v,mu,sd,comat,,,,,,,,
8.220717680341675,23.383688228297373,108.7230660570425,11820.705092844024,8351.944847291323,22556.21293506111,8832.96027749263,1976.9723139551375,6029.598103553299,9274.903841431078,33023.32974333097,15135.074390069949
6.903742448175583,34.51767936443139,78.09866628284256,8351.944847291321,6099.40167515881,16485.629547030563,6472.045067779335,1429.241521553127,4328.735653252994,6759.461385403833,23598.764071671823,11137.61782329956
8.315239526678344,81.66786061573994,215.59027282101982,22556.212935061114,16485.629547030567,46479.16573504177,18360.239631780794,3971.1353522867303,12165.30280162305,18152.90761110385,64839.44411599609,31157.05146807663
5.818253630513767,53.63461913170429,86.16000340262693,8832.960277492632,6472.045067779335,18360.2396317808,7423.546186340683,1588.8309915703671,4833.12139818614,7120.843747856504,25487.874729784067,12123.770973300656
9.813039068371594,17.763276065577973,18.861476479480704,1976.9723139551381,1429.2415215531275,3971.13535228673,1588.830991570367,355.7552949860038,1045.2153221920628,1576.6034397010546,5719.239874444473,2680.572392550845
6.7333092018988285,41.006257944624984,56.859194515600535,6029.5981035533,4328.735653252994,12165.30280162305,4833.12139818614,1045.2153221920628,3232.9680009628983,4763.870272517969,17207.289505573473,8013.735049036185
9.958754961468038,47.007726617793395,87.74806624716463,9274.903841431078,6759.461385403834,18152.90761110385,7120.843747856504,1576.6034397010544,4763.870272517969,7699.723130116794,26152.361444206465,12422.729786637143
6.175289478028228,83.55572417812296,310.75568111918426,33023.32974333098,23598.764071671827,64839.444115996084,25487.874729784067,5719.239874444473,17207.289505573473,26152.361444206465,96569.0933478481,43776.54182037574
7.9284713426082885,30.59583966235206,147.70603937851058,15135.07439006995,11137.61782329956,31157.05146807663,12123.770973300658,2680.572392550845,8013.735049036185,12422.729786637143,43776.54182037574,21817.074068886115
