v,mu,sd,comat,,,,,,,,
6.116455395767694,91.33859400106886,251.00131018350865,63001.65771383793,85632.49418096972,12531.179272620826,70687.55566111919,77133.27018540207,10634.143853533042,21173.538861343688,7508.526089230391,101405.51851480895
7.615816707003381,93.6597911418031,358.2364311012035,85632.4941809697,128333.34056812731,18150.00995286735,97483.45632717846,110439.55509917563,15254.187540578017,30730.731378947465,10718.58823809588,149634.64765083618
7.753507282905906,30.37797992057099,52.22174045100057,12531.179272620826,18150.00995286735,2727.1101757316687,14350.430595108335,16450.095127036122,2217.952222849447,4459.808645999635,1578.8980168143005,21083.65970251255
5.2280097506640315,67.27756871159052,288.4937002785557,70687.55566111919,97483.45632717844,14350.430595108332,83228.61510041311,90258.32750162554,12047.742984873856,24335.7174701354,8400.158182652927,116139.5637792833
6.803644176738864,91.25134237313496,319.80884298589217,77133.27018540207,110439.55509917563,16450.095127036122,90258.32750162552,102277.69605197503,13640.9105138341,27032.940136586345,9564.209314438698,129456.5047559954
6.115404708456444,20.463391067192262,43.517135837963394,10634.143853533042,15254.187540578017,2217.9522228494466,12047.742984873856,13640.9105138341,1893.7411115397574,3690.1601574529955,1330.4485514947671,17853.35382091916
8.443630809106782,60.87986193011885,88.09301638329251,21173.538861343688,30730.731378947465,4459.808645999635,24335.7174701354,27032.940136586345,3690.160157452995,7760.379535507042,2635.886682858401,36779.9689908631
5.818657125004496,30.604616833101513,30.84754416769961,7508.5260892303895,10718.588238095877,1578.8980168143,8400.158182652927,9564.2093144387,1330.4485514947671,2635.886682858401,951.5709811781782,12706.834141173034
5.351624334027502,90.17352053446533,425.7371291643374,101405.51851480895,149634.6476508362,21083.65970251255,116139.5637792833,129456.5047559954,17853.35382091916,36779.9689908631,12706.834141173034,181252.10314909165
