v,mu,sd,comat,,,,,,,,
8.251871208697958,23.190864878961342,84.2967139269258,7105.935978877968,13227.088409939188,15812.01873476179,21001.259512514218,13874.483014702902,10299.204449944185,20094.253882944176,11842.246433339722,1078.418923346703
7.527266868674214,55.96418369200907,162.5259160858459,13227.08840993919,26414.673399543422,31182.946106159005,40688.822334166936,27593.398954179658,20246.1131089943,38776.29363374367,23096.078813992557,2094.54259722278
9.39300735460776,66.5020976404575,196.3855410687421,15812.018734761792,31182.946106159,38567.280740862596,49383.480729518735,32422.78606977166,24544.143266914925,46113.70789984682,27939.210911903912,2478.837296991595
5.909201126857672,56.23778441317917,262.9932633934338,21001.259512514218,40688.82233416694,49383.480729518735,69165.45659032805,42076.87191434969,31352.096441191952,61152.26428515981,36570.65374344537,3414.6426058700017
9.261165343372985,48.27784795950844,171.24007304568937,13874.4830147029,27593.39895417965,32422.78606977166,42076.871914349686,29323.162616693025,21125.574162715908,41071.9562996213,24050.889151781088,2200.2931557607762
8.750681430530054,62.319168072592355,126.22205422162986,10299.204449944185,20246.113108994297,24544.143266914925,31352.096441191952,21125.57416271591,15932.006971928065,30125.95038687484,17950.611380211587,1611.2252262643517
8.330508337426613,77.12197307401273,244.04015649124926,20094.25388294418,38776.29363374367,46113.70789984682,61152.2642851598,41071.956299621306,30125.95038687484,59555.597980273444,34662.09654563235,3150.245060889936
9.939477241379812,32.68708498378395,146.05808561211367,11842.246433339724,23096.078813992557,27939.210911903916,36570.65374344537,24050.88915178109,17950.61138021159,34662.096545632354,21332.96437267553,1830.4063899197408
6.284842113019151,6.106667579696323,13.268264118788025,1078.4189233467027,2094.5425972227795,2478.837296991595,3414.6426058700017,2200.2931557607767,1611.2252262643515,3150.245060889936,1830.406389919741,176.04683272591774
