v,mu,sd,comat,,,,,,,,
8.645068711445596,97.98984569265289,247.6683638206948,61339.61843762005,43869.021696167125,3440.6235186625145,31971.909433828932,35888.32871817763,67244.71313630074,12808.489601740805,11168.11912414626,28622.231271261353
7.806198011638205,64.86421998419948,179.89489643540972,43869.021696167125,32362.173763506795,2433.216603441636,23176.83638539061,25126.728893368654,48629.18426279443,9083.222566583356,7857.801086330262,20800.13117209602
5.624835460046205,7.424611603533114,14.350742069529264,3440.623518662515,2433.216603441636,205.94379794615708,1848.0400582244026,2134.042020323176,3861.3484328764057,744.1454001391972,644.6744668157658,1677.1597363002888
6.987961843500585,79.02860326734962,132.7583271791787,31971.909433828932,23176.83638539061,1848.0400582244029,17624.77343541386,19090.698316426744,36380.74744870559,6754.555247272033,5959.913682894715,15374.779340270334
8.90654103136738,44.38425528509714,149.98328645336534,35888.328718177625,25126.728893368654,2134.042020323176,19090.698316426748,22494.986215352237,39581.48997312237,7732.896176116679,6833.718392617806,17327.84407139387
7.554964908265566,91.53265740052916,276.9381212167295,67244.71313630075,48629.18426279442,3861.3484328764052,36380.74744870559,39581.48997312236,76694.72298305195,14294.85070690675,12273.656286831912,32232.4041661151
5.9134667920791255,46.6701541405126,52.698472493028284,12808.489601740805,9083.222566583354,744.1454001391972,6754.555247272032,7732.896176116677,14294.85070690675,2777.1290030984587,2361.767988703535,6149.007453626223
9.267564376244264,26.698876014495934,46.093410816058835,11168.119124146262,7857.801086330261,644.6744668157658,5959.913682894715,6833.718392617806,12273.656286831914,2361.7679887035356,2124.6025206579693,5268.479753548383
9.776859463174047,28.042840740791643,118.84057894157608,28622.231271261353,20800.13117209602,1677.1597363002886,15374.779340270336,17327.844071393865,32232.4041661151,6149.007453626222,5268.479753548384,14123.083203168977
