v,mu,sd,comat,,,,,,,,
6.923865597583719,43.726969705084265,199.88768486296274,39955.086559875104,9736.808157108006,23238.14394694512,41066.42372207243,9232.973639657783,22576.43592755946,24635.79838905735,20847.00461109927,24784.48482350828
9.298539232953095,27.4471913864203,50.577296596693856,9736.808157108004,2558.06293102994,5879.032953166756,10284.654186220965,2300.0124804795146,5665.168339035815,6232.450110693197,5128.902730332401,6427.165278777187
9.7209981790371,38.83443207376099,119.70889511516678,23238.143946945118,5879.032953166757,14330.219569694,23674.31652300035,5415.768261792801,13392.360702171189,14674.845729805467,12498.051275771797,15151.888009304404
8.514124468053648,60.54746487868001,208.83089622627423,41066.423722072424,10284.654186220965,23674.316523000354,43610.34321866892,9620.91644614233,23368.854667705633,25695.41759676668,21345.3283656421,25646.583692318654
8.168170485857035,33.05619444642151,46.709922552598925,9232.97363965778,2300.0124804795146,5415.768261792801,9620.91644614233,2181.8168648697906,5279.517482810934,5802.055494823318,4903.37089309793,5878.665923513836
8.02980640995299,99.90226764725385,114.68016639603421,22576.43592755946,5665.168339035815,13392.360702171189,23368.854667705633,5279.517482810934,13151.540564622092,14071.078696338493,12161.611070025332,14627.605234396206
6.000634214299522,54.55063727661669,125.84199261854809,24635.798389057345,6232.450110693197,14674.845729805465,25695.417596766685,5802.055494823319,14071.078696338494,15836.207106206708,13081.75905311277,15793.529201669871
6.936939438333506,67.20399616333302,107.68282860798791,20847.004611099266,5128.902730332401,12498.0512757718,21345.328365642104,4903.37089309793,12161.611070025332,13081.75905311277,11595.5915770173,13502.113611605986
6.294915818757158,95.67775087175768,129.5345178233855,24784.484823508275,6427.165278777187,15151.888009304403,25646.583692318654,5878.665923513836,14627.605234396207,15793.529201669871,13502.113611605986,16779.191307736975
