v,mu,sd,comat,,,,,,,,
9.174210743328247,75.41343309534574,105.25080327151926,11077.731589300049,14510.111335444783,2309.0216967276774,11573.496236887486,10504.644018462,5913.2966327511185,6297.742872805047,21194.446148066843,8846.20340565314
5.5239805218493485,37.753681354801294,141.8411892798852,14510.111335444783,20118.922976332226,3117.7321238087625,15314.289458628742,13718.240377083324,7648.389310175897,8507.365193445334,28652.923520129316,11926.014961417472
8.72320240839759,22.305391144875653,22.532124796362694,2309.0216967276774,3117.7321238087625,507.6966478388627,2455.498876373628,2235.4676524163165,1226.893631617108,1347.5257902174617,4611.547932195624,1855.392616794832
6.802504181281428,30.417645600304002,115.48091329938426,11573.496236887486,15314.289458628742,2455.4988763736274,13335.841336459902,11512.503391557004,6149.830848079856,6757.449035994258,23484.411583689463,9738.901464538643
6.79655418904036,44.798767684846474,101.97542706709744,10504.644018462,13718.240377083324,2235.4676524163165,11512.503391557004,10398.98772551691,5588.693842717148,5955.258831458643,20716.714929120368,8485.61599846779
8.046191903090758,25.158491322340833,56.65946076995367,5913.296632751118,7648.389310175898,1226.893631617108,6149.830848079856,5588.693842717149,3210.2944947419196,3368.492380458078,11173.246637316783,4725.469213266658
6.968897755441256,40.19178941646819,61.42634632407948,6297.742872805047,8507.365193445332,1347.525790217462,6757.449035994257,5955.258831458644,3368.492380458078,3773.196022725753,12583.72115418699,5137.4767921098
7.045363049304493,69.34345067512847,210.75047959661623,21194.44614806684,28652.92352012932,4611.547932195624,23484.411583689463,20716.714929120368,11173.246637316783,12583.721154186987,44415.76465020376,17165.303761334573
7.549512047948032,86.45547665842243,86.58127808146033,8846.20340565314,11926.014961417475,1855.392616794832,9738.901464538645,8485.615998467792,4725.469213266657,5137.4767921098,17165.303761334573,7496.317714219163
