v,mu,sd,comat,,,,,,,,
7.734445780726773,61.6224217402132,146.06591897255402,21335.252685296717,22016.367604015475,47411.32841207782,4938.647501760754,3887.3799093852313,13815.60446059066,13417.388564079689,6738.304670759639,29037.965274445418
8.989495106413026,36.13925370457967,152.82874000214946,22016.36760401548,23356.6237706446,48982.47052215243,5216.864843550486,4049.180360373637,14576.716028942652,13963.912339290917,7021.369066309508,30224.5102059591
9.102009399491907,91.01577495694627,327.489817914012,47411.32841207782,48982.47052215242,107249.58083735274,10961.788529484791,8701.28261246707,31349.131426019594,29710.49972038417,15025.100224640466,64916.135483146805
5.610249334151006,30.649506428574362,34.6816982819769,4938.647501760754,5216.864843550487,10961.788529484791,1202.8201957220797,932.2748908935708,3232.373082296058,3164.0122402889533,1591.8522061247982,6955.918454942026
8.01001003395719,9.666645865321309,27.553659184256304,3887.3799093852317,4049.180360373637,8701.282612467068,932.2748908935708,759.2041344421518,2588.915916831112,2578.434611529787,1254.0214467745884,5549.0125285783915
7.627572916822919,21.001630218611048,98.5551252741426,13815.604460590659,14576.71602894265,31349.13142601959,3232.373082296057,2588.9159168311116,9713.11271780194,8899.11226005202,4375.170534065651,19298.27440631089
7.319542029050342,58.45717630035255,95.67214680231329,13417.388564079689,13963.912339290915,29710.49972038417,3164.0122402889533,2578.4346115297876,8899.11226005202,9153.159673763386,4281.036178213219,19139.672908548728
7.35722872212258,39.12608515188657,46.44219753015107,6738.304670759638,7021.369066309506,15025.100224640466,1591.8522061247982,1254.0214467745882,4375.17053406565,4281.036178213219,2156.8777114295704,9292.070457740667
8.163564214386657,42.88245260829377,204.31057895395375,29037.96527444541,30224.51020595909,64916.135483146805,6955.918454942024,5549.0125285783915,19298.27440631089,19139.672908548724,9292.070457740665,41742.81267249978
