v,mu,sd,comat,,,,,,,,
7.609578582501274,67.59442028254807,155.58159881518367,24205.63388988876,41642.13961462037,3426.5592543783973,16596.129193248922,4540.774808505713,7862.504496800997,18639.578883890998,45626.79308549833,3873.828918695609
8.49703183507332,68.67839983139459,277.4565368669545,41642.13961462038,76982.12985020368,6183.956532852269,29544.598695881803,8055.600773002889,14052.727659242044,32978.01132703967,82472.07133745907,6695.90531817729
6.349344855364752,17.126907424723235,23.263632791243367,3426.559254378398,6183.9565328522685,541.1966106458136,2500.610139783483,661.778097931319,1163.5131723865297,2744.5933182023045,6684.231517922607,544.8690913587388
8.372409373444961,25.549569173558783,110.50654461461261,16596.129193248922,29544.598695881796,2500.610139783483,12211.696402661368,3167.054650344788,5528.947450602198,13344.075370768236,31833.08093770032,2613.353676658495
9.540360416566575,22.120334186726865,29.681822358077692,4540.774808505713,8055.600773002889,661.7780979313189,3167.0546503447877,881.0105784964809,1538.6100627897165,3546.4388703777176,8918.628160963739,736.650550567771
8.425751020797037,22.089857231017998,52.68461087746664,7862.504496800999,14052.727659242044,1163.5131723865295,5528.947450602198,1538.6100627897165,2775.668223310076,6128.025562325615,15195.328284438428,1270.421013959994
6.0582667199653875,43.109552318510985,121.82028184499305,18639.578883890998,32978.01132703967,2744.5933182023045,13344.075370768236,3546.438870377718,6128.025562325615,14840.181068793545,36129.17109053329,2969.775698594146
6.586330370630902,67.77101028920964,305.5806494112866,45626.79308549833,82472.07133745906,6684.231517922607,31833.08093770032,8918.62816096374,15195.32828443843,36129.17109053329,93379.53329462363,7490.209816853412
6.336497024814774,6.274411990109684,25.17074822855509,3873.8289186956094,6695.905318177289,544.8690913587387,2613.3536766584944,736.650550567771,1270.4210139599938,2969.7756985941455,7490.209816853412,633.5665663853092
