v,mu,sd,comat,,,,,,,,
9.620175577872127,86.88635646239808,136.2164421556276,18554.919113537435,18484.518804058196,15529.288893202509,47175.99992862962,1762.2818888448105,1981.885449281222,4316.6704722672175,12963.093912993947,11656.917592147029
5.78935290267396,56.74081654144671,139.53751005439182,18484.51880405819,19470.716712179496,15941.066027755413,48526.91829633168,1789.4908910236204,2079.3239705429587,4410.429158187323,13577.914389425865,12143.849380198366
9.334575384078986,56.27689881409537,116.60661577775167,15529.28889320251,15941.066027755413,13597.102843140205,40273.62728878331,1533.5031373655092,1715.5412231191528,3727.616111900042,11233.239920546956,10120.820934470476
5.420784704307291,78.34172756792044,356.11217473333954,47175.999928629615,48526.91829633167,40273.62728878331,126815.88099330857,4606.37886876819,5352.843943140921,11156.770714167658,34283.68460740079,30838.792835167602
7.867868419688138,6.028776460679282,13.295012368213907,1762.2818888448103,1789.4908910236206,1533.5031373655092,4606.37886876819,176.75735387096074,192.51413261049677,418.6979995875423,1251.508900889824,1152.1565729309025
6.409698834314564,8.070292767814944,15.203458926705617,1981.885449281222,2079.3239705429587,1715.5412231191533,5352.843943140921,192.5141326104968,231.14516333602475,478.80385959663573,1470.4572398263872,1300.2268951439312
6.281402789050027,29.18883623974475,32.43172233759504,4316.6704722672175,4410.429158187324,3727.6161119000417,11156.770714167658,418.69799958754237,478.8038595966358,1051.8166137828612,3074.4775335026507,2772.4098030437826
7.819902059791568,30.821079772192324,99.07608473165372,12963.093912993949,13577.914389425865,11233.239920546957,34283.6846074008,1251.508900889824,1470.4572398263874,3074.477533502651,9816.070565753827,8567.94484830144
6.099116759093381,27.68961265107124,88.16168809260245,11656.917592147029,12143.849380198366,10120.820934470476,30838.7928351676,1152.1565729309025,1300.226895143931,2772.409803043783,8567.944848301442,7772.48324733732
