v,mu,sd,comat,,,,,,,,
9.637402693094794,26.167896971669073,105.99377036849182,11234.679356928575,13305.674109469079,44030.761814944795,22876.30235593863,31862.4322316174,27073.474051192647,15769.479734598259,4937.334599305217,1563.9880185034342
9.362131472046078,70.65058670314897,131.53828750852983,13305.67410946908,17302.32108067666,53547.360576447405,28639.193339198104,40211.66319837265,33415.490470058554,19681.643287462455,6455.523330793636,1951.9189122381918
7.923156362977766,88.29605248848651,425.76594064361115,44030.761814944795,53547.3605764474,181276.63621213904,93801.35619518906,128762.63726406582,109221.89740549825,61552.19951117361,20110.384363332727,6251.727595460683
9.525850868618985,65.9830957122173,226.59045239652028,22876.302355938635,28639.1933391981,93801.35619518906,51343.233117259726,68018.37300909097,57647.29531360689,33726.74470515933,11109.614866716725,3369.507121097119
6.584162855953697,91.48968338011406,309.4631132885692,31862.432231617408,40211.66319837265,128762.63726406584,68018.37300909098,95767.41848625384,77590.17559354134,45965.16116867075,14711.244086427754,4650.197541782871
5.740040504648919,89.97176155133246,266.0503013848527,27073.474051192643,33415.490470058554,109221.89740549822,57647.295313606875,77590.17559354132,70782.76286697095,39544.129824483214,13039.554167572744,3824.3952066731904
9.297670511216035,38.441254047601795,154.65297755585692,15769.479734598257,19681.643287462455,61552.19951117362,33726.74470515933,45965.16116867075,39544.129824483214,23917.543466892384,7451.193386609353,2300.9317960585895
7.168504833755769,22.81365130125539,50.82968761168932,4937.334599305217,6455.523330793636,20110.384363332723,11109.614866716725,14711.24408642775,13039.554167572745,7451.193386609353,2583.657142701923,723.7554519056891
7.467603986227223,7.306889316029684,15.200222441857331,1563.9880185034344,1951.9189122381918,6251.727595460684,3369.507121097119,4650.19754178287,3824.395206673191,2300.93179605859,723.7554519056891,231.0467622819432
