v,mu,sd,comat,,,,,,,,
5.901348444383846,59.67806140024728,135.63324099837297,18396.37606372272,14896.18926488506,12131.700334080782,4036.1172992484703,4025.2673977436652,47004.43401942913,17547.32855987915,30841.652105573667,34631.825990718105
5.097376207438123,25.710320650699394,112.60488288611742,14896.18926488506,12679.859649796223,9947.11762781538,3281.393603765197,3426.785508009175,39145.62053331869,14609.637603574338,26040.691752895822,28721.33110707872
7.316092632491723,33.70564533982302,92.78768739250725,12131.70033408078,9947.117627815378,8609.554931649647,2696.8959986732143,2815.9073747227967,31310.481615042772,12126.029462019502,21080.308939157832,23862.04243568393
8.62466964596074,13.684385757936768,30.1592460187644,4036.1172992484703,3281.3936037651965,2696.895998673215,909.5801204203565,891.483343001768,10586.389308127214,3878.197913693959,6911.114195557598,7718.506918514154
7.1010180229386375,13.141006571271742,31.207961872867344,4025.2673977436652,3426.7855080091745,2815.9073747227976,891.4833430017679,973.936884258342,10616.898136851623,4017.515711034124,7210.911126497029,7994.577193245403
7.4271354908389124,72.38359668828639,354.3808983383115,47004.43401942913,39145.62053331869,31310.48161504277,10586.389308127214,10616.898136851625,125585.8211070687,45425.636418880844,82284.87559507083,90800.23963652484
5.063904072953044,64.39635980677542,133.7650304890792,17547.32855987915,14609.637603574336,12126.029462019505,3878.1979136939585,4017.5157110341247,45425.63641888084,17893.083381744287,30508.226789190383,34250.36501354582
7.436858036599358,67.3873365879229,236.39418891487682,30841.65210557366,26040.691752895822,21080.308939157836,6911.114195557597,7210.91112649703,82284.87559507083,30508.226789190376,55882.212552722485,61001.814010360125
9.709033261716831,83.43696176186377,261.5561792019552,34631.825990718105,28721.33110707872,23862.04243568393,7718.506918514153,7994.5771932454045,90800.23963652484,34250.36501354582,61001.814010360125,68411.6348787253
