v,mu,sd,comat,,,,,,,,
5.765270993830734,98.35172540146114,455.3543796040985,207347.61102463343,107944.47555937372,37562.10961499317,56681.080826382364,100640.44360491191,72054.09977683674,90447.51171000495,13002.771713663335,69433.83629716003
5.788428305047036,63.106840504068735,241.63369749303394,107944.47555937369,58386.84376415502,20074.136570867297,30655.7443286663,54705.47068621957,39328.620944007605,48108.42780200995,6951.406159810342,37760.599322113994
9.927455570915763,31.966683251402877,84.21458533211117,37562.10961499317,20074.1365708673,7092.0963826594325,10736.529073147209,18726.73989105094,13861.349155320482,16623.72750153857,2400.4978090487793,13003.510959487756
9.522488654026468,41.460620930145296,128.8824582767955,56681.08082638235,30655.7443286663,10736.529073147209,16610.688051469933,29141.48171939462,21191.062044343355,25401.430950631566,3683.9004056440986,20109.37899996182
5.930391313335205,73.43197770140537,230.56016542223952,100640.44360491191,54705.47068621955,18726.73989105094,29141.481719394615,53157.98987953045,36787.090599409596,45528.1822855843,6575.169981302604,36221.625728354484
6.338547572065808,95.16249377133842,166.63013584979973,72054.09977683671,39328.620944007605,13861.34915532048,21191.06204434335,36787.090599409596,27765.602173322713,32428.71682955702,4717.38153063459,25317.662167240425
6.670255787441896,74.62907320558992,201.993354009714,90447.51171000495,48108.42780200995,16623.727501538568,25401.43095063157,45528.182285584306,32428.716829557026,40801.315064093644,5794.325174755531,31034.961947480504
8.222959354662622,13.907808904967924,29.296180430751903,13002.771713663331,6951.406159810341,2400.4978090487793,3683.900405644099,6575.169981302605,4717.3815306345905,5794.3251747555305,858.2661878311708,4459.973728078978
6.257036203789532,50.337094963908754,160.80584361869631,69433.83629716003,37760.599322114,13003.510959487754,20109.37899996182,36221.625728354484,25317.662167240425,31034.9619474805,4459.973728078979,25858.51934192062
