v,mu,sd,comat,,,,,,,,
5.192808404407049,31.355999538748534,134.38955983379248,18060.553792320483,31229.072391247784,42019.54334643869,4383.267449099443,42509.43236783653,29062.276706505956,61020.56873300141,27112.079589890574,17073.020855994328
8.900502302623375,93.29758497443221,240.60019635232817,31229.072391247784,57888.454484778864,73809.40284660785,7890.118408019197,75625.94820365048,54025.70530146628,109664.2993053963,49067.21758745901,30587.784946703265
5.463518776670667,90.79268188386841,323.42532794934345,42019.54334643868,73809.40284660783,104603.94275914037,10836.971144470346,98386.28632660567,70247.13001250564,144413.03002398045,66464.2038550783,40675.17583673968
8.164463432422387,11.596085351247218,34.773591532516434,4383.267449099444,7890.118408019196,10836.971144470346,1209.2026680702986,10888.705593821234,7661.431394143812,15816.021166800572,7147.906648423769,4418.653641156649
5.069454241601093,77.68305535300613,328.37149992184027,42509.43236783654,75625.94820365049,98386.2863266057,10888.705593821234,107827.84196091915,72557.03875129709,148548.79152811397,65768.68404740759,42354.30971844563
9.680792680424616,50.71758265854374,230.04970786976085,29062.276706505952,54025.70530146629,70247.13001250564,7661.431394143813,72557.03875129709,52922.86809096231,104054.06001923312,47031.82418281807,29681.380178515385
7.132871908677667,99.57512899500058,472.2723817206029,61020.56873300141,109664.2993053963,144413.03002398048,15816.021166800572,148548.79152811397,104054.06001923312,223041.2025360509,94434.04037471683,60533.846334004345
6.265432253790651,44.30946312001837,212.6592433722485,27112.079589890574,49067.217587459,66464.2038550783,7147.906648423767,65768.68404740759,47031.82418281806,94434.04037471682,45223.95379165723,26830.436325509916
5.94982653146835,36.266191806868655,130.87990227930246,17073.02085599433,30587.78494670326,40675.17583673968,4418.653641156649,42354.30971844561,29681.38017851538,60533.846334004345,26830.436325509916,17129.548820639757
