v,mu,sd,comat,,,,,,,,
7.844701100596228,6.401804735022816,19.98416964692247,399.36703647697755,3531.3233941894187,3313.186150274457,2053.3982064949237,1266.1157009947879,497.5384375191485,188.13196305698034,3967.9145384002027,1187.320838689645
5.329821137947212,52.89028103467376,188.50249111525082,3531.3233941894187,35533.189156655215,30480.00506799637,19058.416827836263,12238.269602163557,4791.138347054089,1700.7443000441042,35666.029799886666,11160.961653603823
9.440553349501286,36.781015105435586,169.98709444709465,3313.186150274456,30480.005067996368,28895.612278565466,17375.330752301994,10674.033636511529,4281.385336756384,1566.0776606146242,33621.85543361872,9965.92786474556
9.648290885870345,52.81666041421668,107.86304341491011,2053.3982064949237,19058.41682783626,17375.330752302,11634.436134726784,6754.954422198732,2717.913559130813,994.6434337682532,21289.605395104365,6325.232102973757
8.39846020688065,44.34792704749989,65.76534120785833,1266.1157009947879,12238.269602163557,10674.03363651153,6754.954422198732,4325.080104186029,1666.3887198655127,606.9457471790871,12718.420621847406,3896.064997829455
7.7213790821241695,5.581525068694917,25.790298528564136,497.53843751914854,4791.138347054089,4281.385336756385,2717.9135591308136,1666.3887198655127,665.1394981924573,239.80023216734273,5078.197007345421,1549.8303246289631
5.939246710790018,5.023276417405997,9.525090398757797,188.1319630569803,1700.744300044104,1566.0776606146237,994.643433768253,606.9457471790869,239.80023216734264,90.72734710450798,1906.1351067049027,565.4257358211919
8.09131731092507,52.47232275393378,201.7339732892923,3967.914538400203,35666.02979988666,33621.85543361872,21289.60539510436,12718.420621847408,5078.197007345422,1906.1351067049031,40696.5959790849,11844.130363790195
6.870638841926912,13.677980875562076,60.82156890320157,1187.320838689645,11160.961653603823,9965.92786474556,6325.232102973756,3896.064997829455,1549.8303246289631,565.4257358211919,11844.130363790195,3699.263243846897
