v,mu,sd,comat,,,,,,,,
9.350620683136059,49.59239864913756,209.40145312443184,43848.968570623634,5306.19004763476,53229.328301684254,9278.509968825862,76301.94868960638,36164.27668509909,48663.244776687105,22524.68106614066,13572.118514698996
7.911384643362799,13.136413043604557,25.97749409117298,5306.190047634761,674.830199256927,6582.509281543231,1190.3651235389518,9609.823466661757,4502.377257886001,5989.776974034639,2877.6201242957045,1654.2415404449487
6.394194703505345,89.8165307090537,261.765278005539,53229.32830168426,6582.509281543231,68521.06076931713,11580.697394424202,96378.46218167894,44258.310788444796,61005.57558583133,28290.296035772237,16580.314212170862
5.929556160450896,23.088064244505198,46.45727026799332,9278.509968825863,1190.3651235389518,11580.697394424202,2158.277960753376,16965.476325050313,7865.106791081924,10561.483022100707,5221.766161219206,2857.0050944153127
7.055500639625566,77.42222853070587,374.27151424449573,76301.94868960636,9609.823466661755,96378.46218167894,16965.476325050313,140079.16637486778,64125.30905749651,87024.04443288308,41128.79165496133,24196.940425732675
5.5868777356735775,77.42016471670141,176.520182479328,36164.27668509909,4502.377257886001,44258.3107884448,7865.106791081924,64125.30905749652,31159.37482253526,39949.874049667706,19205.926436400463,11337.135953189063
8.424843721870676,80.20023352683117,237.2390430925648,48663.24477668711,5989.776974034639,61005.57558583132,10561.483022100705,87024.04443288308,39949.874049667706,56282.36356747581,25380.500194544114,15023.441566093054
7.188055298298252,33.15331502745208,112.98135323584678,22524.681066140663,2877.6201242957045,28290.296035772237,5221.766161219206,41128.79165496134,19205.926436400467,25380.500194544114,12764.786179003187,6930.789600835007
7.781146625859851,26.085333320826706,66.36866533225667,13572.118514698996,1654.2415404449487,16580.314212170862,2857.0050944153127,24196.94042573268,11337.135953189063,15023.441566093054,6930.789600835006,4404.7997379850885
