v,mu,sd,comat,,,,,,,,
7.729257149674893,88.29209163400014,336.05632751723675,112933.8552643723,29917.71430222323,51071.171860276765,14152.21867481082,103718.12631907612,5650.8320897976355,132373.5224895528,71898.12828680607,17570.704627459647
9.294283052956795,21.589554092244963,91.0703549999198,29917.714302223227,8293.809559811416,14090.532459876138,3901.0610429508715,28679.022184670695,1557.4600325864149,36066.55508737554,19683.5569482739,4816.646713084792
8.429462932832896,41.756345951923954,160.56307289172304,51071.17186027677,14090.532459876138,25780.50037643276,7131.646298160583,50518.61750033709,2710.948077430402,63220.040681275656,34262.39666744407,8388.880297673537
6.657959105067171,32.496785354052,44.993166203290166,14152.21867481082,3901.0610429508724,7131.646298160585,2024.3850049968923,13866.178936648366,762.461755383711,17548.566056319436,9408.084301156068,2381.012077092297
5.2999896478030895,68.3819139311309,318.78638061740054,103718.12631907614,28679.022184670695,50518.61750033709,13866.178936648366,101624.7564671422,5453.464903741306,125744.82430623754,68820.38569920363,16727.984457239832
6.931388905213545,15.884619734684872,17.526178492901096,5650.832089797636,1557.4600325864149,2710.948077430403,762.461755383711,5453.4649037413055,307.16693256502884,6890.661051821583,3679.762116331049,913.479261975501
6.065749293421778,91.08255231973607,403.42294900069845,132373.5224895528,36066.55508737554,63220.040681275656,17548.566056319432,125744.82430623751,6890.661051821582,162750.07578042016,87331.46394882887,20954.033353079405
9.662533250406801,77.057351219015,221.0248335037743,71898.12828680607,19683.556948273897,34262.396667444074,9408.084301156066,68820.38569920363,3679.762116331049,87331.46394882885,48851.97702537114,11228.405945692231
8.614091494279311,17.335848527500815,54.93585929031625,17570.704627459643,4816.646713084792,8388.880297673537,2381.0120770922967,16727.98445723983,913.4792619755009,20954.033353079405,11228.405945692231,3017.948635965427
