v,mu,sd,comat,,,,,,,,
7.569716718863451,97.01852079337851,188.9734381675188,35710.96033285306,10153.86929641367,33459.92443967417,6156.078523835734,5878.917751594535,61210.0814227721,38151.988680154005,35875.98403619281,25980.37028972822
8.865825260396484,42.308755966911065,56.29860554490055,10153.869296413668,3169.5329863003067,9608.80553940116,1826.042516101715,1768.8407923532206,18610.536821967762,11222.186915554079,10604.43792294793,7462.032442911299
9.352138428624063,83.23732604374595,179.62491895248044,33459.92443967416,9608.805539401163,32265.111508685157,5827.139815225384,5580.26229633457,58670.50762050462,36249.44378766247,34480.22668568995,24712.375687564014
5.04023474264909,20.57981782901745,34.0089762959179,6156.078523835734,1826.0425161017151,5827.139815225384,1156.6104686963054,1067.7979443462611,11171.85180744781,6771.68822973954,6394.876692126081,4544.7479680621045
6.54867962752602,31.406550813259635,32.29378874663756,5878.917751594535,1768.8407923532206,5580.26229633457,1067.7979443462611,1042.8887916124545,10744.554486616134,6458.1295413239,6068.62346620163,4338.4649653476135
9.788018696829454,76.13178177741815,336.14157853242267,61210.081422772084,18610.536821967762,58670.50762050462,11171.85180744781,10744.554486616134,112991.16081826888,67784.83088992018,63421.497660183304,45332.02379568027
7.5655835613394355,92.94173108243365,205.26921564723924,38151.988680154005,11222.186915554079,36249.443787662465,6771.68822973954,6458.1295413238995,67784.83088992018,42135.450892432804,39169.318242507834,27881.21536982082
6.591422124360493,50.042384334847675,198.2309890235122,35875.98403619281,10604.43792294793,34480.22668568995,6394.876692126081,6068.6234662016295,63421.49766018331,39169.31824250784,39295.525009239806,26383.73933741597
7.695999687128241,66.8105361643176,138.32927023836288,25980.370289728216,7462.0324429113,24712.375687564014,4544.747968062104,4338.4649653476135,45332.02379568026,27881.215369820817,26383.73933741597,19134.987004678027
