v,mu,sd,comat,,,,,,,,
6.013034768144452,16.556749320688745,76.50012294514467,5852.26881062225,1204.1762350881766,3445.1038434016123,22705.109826323926,6838.702958133474,25311.909448035127,14112.9490097953,14573.300102034142,22776.08011798271
6.035465520304866,11.04878874847671,15.919940204909205,1204.1762350881766,253.44449612788455,722.2367741609163,4681.5946418077665,1435.9342310172726,5197.7248333150355,2978.1113973801703,3044.2454021335834,4703.874146759699
5.763188716501229,13.936072852508094,46.38536415556629,3445.103843401612,722.2367741609164,2151.6020078444944,13400.327991304286,4200.529388571476,15029.894225855678,8535.140754870808,8884.706990867986,14017.078567827057
8.772964057627615,72.46646151359158,302.0552267303981,22705.109826323922,4681.5946418077665,13400.327991304288,91237.35999515218,26887.77584831187,100592.71902090019,55700.31893732785,57850.33837544484,89260.50756008906
6.137133828680611,67.31354890615333,92.9722074937695,6838.702958133474,1435.9342310172726,4200.529388571476,26887.775848311867,8643.831366264532,30233.86982400739,16810.08504783363,17864.31149926816,27075.36933660947
8.320409820172141,69.49800310449578,336.4682463032523,25311.909448035127,5197.7248333150355,15029.894225855678,100592.71902090017,30233.86982400739,113210.88077038602,61301.065594128515,63991.05104624682,98953.96212359512
7.946089124002047,63.77864432056718,188.57255176827988,14112.949009795304,2978.1113973801703,8535.14075487081,55700.31893732786,16810.08504783363,61301.06559412852,35559.607280400596,36140.35614682552,56368.59534898767
7.108236103950121,82.0930506134204,195.75100973800602,14573.300102034142,3044.2454021335834,8884.706990867986,57850.338375444844,17864.311499268155,63991.05104624683,36140.35614682552,38318.45781344893,58396.36775300393
9.280119380442605,67.21927258801668,307.1127280789789,22776.080117982707,4703.874146759697,14017.078567827055,89260.50756008906,27075.369336609467,98953.96212359512,56368.595348987656,58396.367753003935,94318.2277481128
