v,mu,sd,comat,,,,,,,,
8.213449578930394,96.79186997069546,262.825134729798,69077.05144573646,4895.516470936523,17333.37878463775,14873.90589581664,18554.308630841108,20776.10241972337,7618.996221527941,11357.179423839874,10585.001952692262
7.693104654844735,5.056507316684415,19.822808234004526,4895.516470936523,392.9437262821177,1343.4485561276838,1161.4895025920725,1424.917437916067,1655.8488140587147,576.4750512714858,866.908483396613,836.54646110824
7.5594899122931505,50.33840658754829,69.40328063051929,17333.37878463775,1343.4485561276842,4816.815362278614,4064.5499489922167,5014.212305469492,5747.5365747966725,2039.2042461848007,3105.7220756841148,2929.3768614632163
8.051286135564983,26.180374342794963,59.40360931871531,14873.905895816642,1161.4895025920728,4064.549948992217,3528.7888000905605,4312.812841688335,4987.631619863548,1732.4407167273334,2614.047847721531,2494.273406578987
7.464944918055958,21.421884608910226,74.36366554917291,18554.308630841104,1424.917437916067,5014.212305469491,4312.812841688335,5529.954753909246,6074.505745771695,2174.444630086831,3230.6541309630684,3065.0016445836036
6.072309988957176,46.96853413036514,84.90377023540198,20776.10241972337,1655.8488140587147,5747.536574796672,4987.631619863547,6074.505745771695,7208.650200185933,2486.492503748248,3737.422987205613,3590.454299663974
6.219900096437906,17.775252808012993,30.08018143374332,7618.99622152794,576.4750512714857,2039.2042461848007,1732.4407167273332,2174.444630086831,2486.492503748248,904.8173150869161,1344.4562986738554,1267.4102681699167
7.860472629891987,39.14552589027378,45.2436430977434,11357.179423839874,866.908483396613,3105.7220756841148,2614.047847721531,3230.654130963069,3737.422987205614,1344.4562986738556,2046.9872407559844,1934.1602725541277
8.863143318625296,12.581890369748173,43.129786043041015,10585.001952692262,836.54646110824,2929.376861463216,2494.2734065789864,3065.0016445836036,3590.454299663974,1267.4102681699167,1934.1602725541272,1860.1784441184952
