v,mu,sd,comat,,,,,,,,
7.7697051125029315,45.55361888833916,68.9083875615278,4748.365876329719,4896.22242077533,4808.403704863522,19194.5108806605,6390.906602036525,23122.74962454183,8222.377712694935,4316.194046740629,17995.24696993119
6.981239468526834,27.66956732164067,72.59389148438032,4896.22242077533,5269.873080845986,5005.952042219324,20573.604947222164,6842.063091496017,24498.600637830234,8717.306462438142,4558.603532849729,19156.326531231814
5.240633862900383,27.22199415468067,70.44401185916259,4808.403704863521,5005.952042219324,4962.358806813839,19709.885606910688,6752.895811132375,23723.119392852466,8414.101349207744,4395.595441538277,18486.95457013043
7.628362805464263,76.64145703718613,288.6680339459759,19194.510880660502,20573.604947222164,19709.885606910688,83329.2338222351,27157.63686294046,96439.09870697123,34416.212219789464,18340.377799976945,75472.488929923
5.765192909059452,43.86811445414962,98.59977464084128,6390.906602036526,6842.063091496017,6752.895811132375,27157.636862940453,9721.915559224684,32310.4526195094,11479.392116023788,6009.122950846445,25939.7612493162
7.50005080497077,92.89429352892984,340.993777325176,23122.74962454183,24498.600637830234,23723.119392852463,96439.09870697121,32310.4526195094,116276.7561744917,40675.025924510606,21555.532675290055,90230.28586374882
6.280433898580737,52.718141733704854,122.30837961288661,8222.377712694935,8717.306462438142,8414.101349207745,34416.212219789464,11479.392116023786,40675.02592451061,14959.339723529978,7740.338785220317,32226.778397106616
7.715465789347553,40.6983117845877,64.92391674186156,4316.19404674063,4558.60353284973,4395.595441538276,18340.37779997694,6009.122950846444,21555.532675290055,7740.338785220318,4215.1149651041715,16959.187291836544
7.741330597592358,83.61852679996674,271.6340045807269,17995.24696993119,19156.326531231814,18486.95457013043,75472.48892992298,25939.761249316198,90230.2858637488,32226.778397106613,16959.18729183654,73785.03244456237
