v,mu,sd,comat,,,,,,,,
9.835149195068382,46.492797734253756,95.01680206816624,9028.19267526108,11154.23687132584,41411.95715122622,7948.998041459944,25031.40231855546,18270.579033665126,3320.619835067154,6291.177727809026,19289.0089856416
7.736161245878612,44.184860107961896,118.24470089663495,11154.23687132584,13981.809290134663,51583.37762066634,9934.089080144939,31702.046509096304,22824.27959064288,4139.256440653668,7900.486271587428,24199.8631993734
9.863421799824422,90.73007630823338,446.2527091391117,41411.95715122622,51583.37762066634,199141.4804139966,37692.65997851546,121404.11481971547,86811.17903889048,15985.460985114616,29746.793380889685,93023.353619197
8.574079968371823,64.23903974365682,85.6137123671399,7948.998041459947,9934.089080144937,37692.659978515454,7329.707745283364,23001.975576827354,16611.044478321826,3103.179784242694,5655.990582039273,17609.11818049482
8.488644122986354,74.63487817161952,277.2492874951216,25031.402318555465,31702.0465090963,121404.11481971548,23001.975576827357,76867.1674165526,53021.579490971155,9678.140983010446,18403.707638278247,57373.25191285332
6.080447477901882,83.47217236739586,199.4822438363052,18270.57903366513,22824.27959064288,86811.17903889046,16611.044478321826,53021.57949097116,39793.16560596712,7096.200514650036,13142.701186908553,41232.0714885106
9.881372273881208,10.593608945021696,36.51921321526251,3320.619835067154,4139.256440653668,15985.460985114614,3103.1797842426936,9678.140983010448,7096.200514650035,1333.652933861804,2380.2718526176463,7512.552109232604
5.03115127602295,16.78138873976084,67.76522989263036,6291.177727809025,7900.486271587427,29746.793380889678,5655.990582039272,18403.707638278247,13142.701186908555,2380.271852617646,4592.126382401043,14016.11240820029
6.264911811917219,80.47021516978101,211.99935698538303,19289.0089856416,24199.8631993734,93023.353619197,17609.118180494817,57373.25191285332,41232.071488510606,7512.552109232605,14016.112408200292,44943.727362215875
