v,mu,sd,comat,,,,,,,,
6.005017980589869,32.89890416324527,143.68658351638416,20645.834282610835,57256.42789169828,15121.94453280368,16760.773881026205,8047.163745238761,15980.501148939951,14348.442484551784,8532.313873819057,33968.924915394775
6.64510233246091,83.91919522301038,408.69867799643606,57256.427891698295,167034.60939603453,43600.51091231018,47641.53194904994,22765.717268316068,46210.66085366733,40356.97586752912,24330.523244783693,94864.962713944
6.48249844350536,26.854716097526147,110.62890524902392,15121.944532803682,43600.51091231018,12238.754676597511,12753.913724812806,6294.199532397852,12367.907330241806,10811.659024639344,6569.467053716914,26286.15822816928
5.466668342403839,48.1038867239259,119.52923242845227,16760.773881026205,47641.53194904993,12753.913724812806,14287.237404934962,6647.958319005079,13421.10947955823,11878.75174296727,7161.96182404064,28342.510687668437
6.665394062488417,56.137412671827505,57.63552428364407,8047.163745238763,22765.717268316068,6294.199532397851,6647.95831900508,3321.853659450525,6518.322976832402,5709.781491324726,3429.3753540337675,14018.198980970381
8.626113703059772,26.120325641392775,115.60933332270247,15980.501148939953,46210.66085366733,12367.907330241804,13421.10947955823,6518.322976832401,13365.517951319722,11331.281850927799,6783.906169257168,27629.027798846113
8.261813719600934,54.67589328465823,101.14324801806879,14348.442484551782,40356.975867529116,10811.659024639344,11878.751742967268,5709.781491324725,11331.281850927799,10229.956619644574,6016.438959989076,23962.04937095883
7.524250475684351,21.616564723733198,61.257358506777564,8532.313873819061,24330.523244783693,6569.467053716914,7161.961824040641,3429.375354033767,6783.906169257168,6016.4389599890765,3752.4639712278745,14582.265396386088
9.73665342802364,59.91773003449639,247.3830801552171,33968.924915394775,94864.96271394398,26286.158228169275,28342.510687668437,14018.19898097038,27629.027798846117,23962.049370958834,14582.26539638609,61198.388347082575
