v,mu,sd,comat,,,,,,,,
5.575272831948895,63.60901270298504,89.90561741232074,8083.020042290592,5074.435733040214,11656.234618521425,30388.643701847148,12692.571056633971,25616.18934077704,34094.0436192372,18010.7021492958,14709.297268469687
8.045332696397407,51.56041780156094,60.78032847018586,5074.435733040214,3694.2483289436855,8338.7274668759,20369.520031373802,8612.61273539833,17353.9249088906,23612.62248659429,12511.192780840973,9771.59458221708
5.666954820929941,34.60460958436932,138.70076853896072,11656.234618521423,8338.727466875902,19237.903193298353,47254.909418322204,19691.561519997795,39729.11191192851,54694.89777292695,29041.655797255356,22464.813519470117
6.2029480998267434,72.97241322016615,347.80235459909795,30388.64370184715,20369.52003137381,47254.90941832221,120966.47786467668,49522.282327446344,100615.17206455478,136096.88568867205,71887.55108348333,56210.44153110972
6.635695279055699,78.8050598373331,146.64944384639531,12692.57105663397,8612.612735398332,19691.561519997795,49522.28232744634,21506.05938045705,41765.53508031456,57279.22647492301,30600.62071145926,24208.003839185243
9.295687454742989,90.9722621601588,291.9351372144704,25616.189340777037,17353.9249088906,39729.111911928514,100615.17206455478,41765.535080314556,85226.12434043166,114422.9124606519,60810.34023132904,48021.22958731328
8.330451065490129,85.26529931980134,399.8906671329106,34094.0436192372,23612.622486594293,54694.89777292696,136096.88568867205,57279.226474923,114422.9124606519,159912.5456600043,83679.82566216534,65959.156107173
7.705811061417019,83.75132149921848,215.80973454511172,18010.702149295797,12511.192780840973,29041.65579725536,71887.55108348333,30600.620711459265,60810.34023132904,83679.82566216536,46573.84152443159,35568.536986569954
5.145069122121802,61.827872975302036,168.83908057496365,14709.297268469683,9771.594582217082,22464.813519470117,56210.44153110972,24208.003839185243,48021.22958731328,65959.156107173,35568.536986569954,28506.635129399063
