v,mu,sd,comat,,,,,,,,
9.945057567378,68.52041862140672,212.07055768282655,44973.92143590507,22277.017237627464,14347.516895904691,48833.80843370412,15784.522075253606,12770.55083900131,9929.332509584467,3263.8913464783645,14655.6685417113
7.747723634223627,33.299025311892954,109.35209533575863,22277.017237627468,11957.880754320846,7383.068476096615,25376.75481044544,8000.059786144874,6364.457739011323,5013.464078665753,1671.7384510356746,7374.9224440878
6.407236509775315,59.528849027973784,70.10631128420377,14347.516895904691,7383.068476096617,4914.894881877677,15837.307477287042,5176.30799166583,4079.5262006240487,3303.2265824790143,1069.0448429865087,4743.820208509855
5.386447830395864,48.060198184012535,238.37994701243102,48833.80843370412,25376.75481044544,15837.307477287042,56824.99913764942,17336.234826610056,14175.341032572635,11009.60753283028,3588.8296591370654,16015.35123928897
7.222347479859016,26.538016025573043,76.77419894662142,15784.522075253608,8000.059786144875,5176.30799166583,17336.234826610056,5894.277623895407,4481.466694123394,3584.6243764883366,1174.5208560505398,5233.897132779433
7.364039848777427,12.491124793989748,60.82622541940219,12770.550839001311,6364.457739011324,4079.526200624048,14175.341032572635,4481.4666941233945,3699.8296987719295,2807.4280545886354,925.1542030022566,4090.6219864614513
5.24261000453223,43.71984828842749,49.04900776069743,9929.332509584465,5013.464078665754,3303.226582479014,11009.60753283028,3584.624376488336,2807.4280545886354,2405.805162308957,744.6501913842463,3315.392646946207
5.816622241041333,12.101885134264101,15.705972076679426,3263.8913464783645,1671.7384510356746,1069.0448429865085,3588.8296591370654,1174.5208560505394,925.1542030022566,744.6501913842462,246.67755887343387,1084.6566997565126
5.579753557489722,40.46357719399766,70.32916138049332,14655.6685417113,7374.922444087801,4743.820208509855,16015.351239288973,5233.8971327794325,4090.621986461452,3315.392646946207,1084.6566997565128,4946.190940483472
