v,mu,sd,comat,,,,,,,,
6.042302686794213,80.07907332679072,224.23475567461634,50281.22565245488,45717.50157444896,24084.73307184656,58511.31866462352,6382.542296699568,44064.86813889951,8669.595043303983,77121.65638497689,40170.74996066851
7.40840530881683,85.86502567016717,210.3407590726302,45717.50157444895,44243.23492725027,21986.86196083561,54241.67933311429,5783.834074254992,40781.734741887754,7882.692713185611,69860.10139451991,37521.4947871384
7.1026901765718735,24.230624506539982,108.76540373455752,24084.73307184656,21986.86196083561,11829.913049541297,28418.378147596908,3136.0283577090804,20777.524665202796,4164.086842159226,37291.70971283472,19736.12445082145
9.29590999260672,62.25725979121158,269.4127477413602,58511.31866462351,54241.67933311429,28418.378147596915,72583.22864554978,7862.746060889153,50774.086776976634,10161.317914005667,91317.40683208771,48783.988201204505
5.855807768058367,7.7295994879402095,29.50532267978469,6382.542296699568,5783.834074254992,3136.028357709081,7862.746060889153,870.5640664382167,5496.262727566321,1112.584517424112,9932.105086181358,5283.375287238659
6.694319803018502,77.4846116060678,200.20076697389123,44064.8681388995,40781.734741887754,20777.524665202796,50774.08677697664,5496.26272756632,40080.347096934296,7466.5020063854345,67501.8079911052,34955.24125825231
6.352664166489156,23.376444929066906,39.171729288353355,8669.595043303983,7882.69271318561,4164.086842159226,10161.317914005667,1112.584517424112,7466.5020063854345,1534.4243754400402,13049.146898326624,6865.698619860711
8.455206752247982,89.50210461734942,351.18552556447804,77121.6563849769,69860.10139451991,37291.70971283473,91317.40683208771,9932.105086181356,67501.80799110522,13049.146898326624,123331.27336599866,63761.37806916559
6.102022583188628,89.28343352961329,184.6539853551409,40170.74996066851,37521.49478713841,19736.124450821448,48783.98820120451,5283.37528723866,34955.24125825231,6865.698619860711,63761.37806916559,34097.09430753659
