v,mu,sd,comat,,,,,,,,
6.4302691083025785,78.29175094004181,189.49600801775154,35908.737054663754,83398.4307621963,34998.62185192584,21588.908795032647,5003.6857382574335,4500.907196525907,16101.130149105615,77762.53042266805,50434.769039808285
9.790527832595,98.70311580075523,456.74562727126545,83398.43076219631,208616.56803142172,84152.21513915842,52906.74458147972,12036.362761387332,10962.103273815372,38365.090406195275,184114.96660910043,121626.62471627702
8.85156466109439,57.26852425476947,190.7466212028087,34998.621851925855,84152.21513915843,36384.2735002878,21650.575646942256,5078.048884205211,4503.026992633367,15808.374289199312,76111.09230213144,51553.308226075686
9.934350015462314,50.40619492010658,117.64792217915706,21588.908795032647,52906.74458147971,21650.57564694226,13841.033593072998,3167.2526137547493,2792.085196464021,9879.274393512269,47461.19639288595,31256.920590856163
6.040827309523606,12.54546433817244,27.29130136124077,5003.6857382574335,12036.362761387332,5078.04888420521,3167.2526137547484,744.8151299900622,636.8120300365409,2331.463600611154,11002.03304362445,7360.795491623006
5.684585244219141,10.832214587876116,24.175048232784647,4500.907196525907,10962.10327381537,4503.026992633367,2792.085196464021,636.8120300365409,584.432957057464,2026.9412301717116,9824.29855974725,6478.399754779578
9.541869011449501,20.71894867210206,88.16200952370318,16101.130149105615,38365.090406195275,15808.374289199312,9879.274393512269,2331.463600611154,2026.9412301717114,7772.539923257528,35779.09053379157,23294.43893363088
5.343192589885602,89.7759782003698,415.8375557806964,77762.53042266805,184114.96660910043,76111.09230213142,47461.196392885955,11002.033043624451,9824.298559747253,35779.09053379157,172920.8727976638,112017.14676252914
5.3766636116982855,96.54234670179416,275.4662023550852,50434.76903980828,121626.62471627702,51553.30822607569,31256.920590856167,7360.795491623005,6478.39975477958,23294.43893363088,112017.14676252914,75881.62863993277
