v,mu,sd,comat,,,,,,,,
8.378657077517762,89.51074877688286,375.5304490139624,141023.11813662827,30741.33516995822,125812.01456686754,6303.285939465232,29252.47480997791,75888.15524575455,63128.135093129895,79999.76707542824,14211.595557105025
5.22356091101473,18.365647665484385,82.9439474375182,30741.335169958224,6879.698416517783,27899.80905643103,1406.200699702537,6409.039726590212,16743.812638906547,14023.995743677724,17285.341422272882,3185.819388995299
6.716518362712962,72.14726159141907,345.1218364226161,125812.01456686755,27899.809056431026,119109.08197571902,5628.550009900132,26538.28366745337,68926.2609546881,57208.08221689301,71423.30219990181,13084.928889060888
8.220098635099156,14.517351983208812,17.35330581645183,6303.285939465233,1406.200699702537,5628.550009900131,301.137222759301,1322.4586120292586,3440.6826049914525,2889.7932320499294,3620.3163750903686,655.7727937044359
6.421064993701448,35.40614093362852,79.6375392047985,29252.474809977906,6409.039726590211,26538.283667453357,1322.4586120292586,6342.137650595816,16029.935715512771,13024.832788053449,17044.93249453305,3010.643933661704
9.746689033250025,60.52391957729763,206.87349845523647,75888.15524575456,16743.812638906547,68926.26095468808,3440.6826049914525,16029.935715512775,42796.644363108724,34525.78295199885,43265.32405168931,7794.416626095074
5.78835084386882,84.46821906273532,170.12001612117797,63128.13509312989,14023.995743677724,57208.08221689302,2889.793232049929,13024.83278805345,34525.78295199885,28940.819885069857,35532.14609315651,6524.005397605777
6.939864812113812,47.770411599006295,219.4493753938683,79999.76707542823,17285.34142227288,71423.3021999018,3620.3163750903686,17044.93249453305,43265.32405168932,35532.14609315651,48158.02836075893,8176.452414288288
7.949968382361572,7.879352569773468,38.854686112636635,14211.595557105027,3185.819388995299,13084.928889060886,655.7727937044359,3010.643933661704,7794.416626095074,6524.005397605777,8176.452414288289,1509.6866329115182
