v,mu,sd,comat,,,,,,,,
9.59554515899591,94.1648874291443,305.68412204650883,93442.7824713449,58790.63668920704,41692.7274914057,19672.751447871713,8841.030448615551,83674.01941411312,39371.26542423967,21817.091331696745,8350.437003916984
8.210977999619278,89.62900516897886,201.65747716361608,58790.63668920704,40665.73809599434,28288.945790845184,13055.560970840057,5900.62183293704,55567.617548035305,25615.982984891034,14333.64233394532,5402.657661935213
8.768561148645883,78.25008593245482,145.12283164014204,41692.7274914057,28288.94579084518,21060.63626325301,9785.26802090347,4271.532466048832,38885.789731573714,18653.78156495808,10483.224247060774,3916.285967262366
5.696572840513675,32.392717649708665,67.82293868175171,19672.751447871713,13055.560970840055,9785.268020903472,4599.951011428653,1998.926452823602,17971.69199468011,8759.34565842838,4939.113847869549,1832.6678202606026
5.4365977399480006,28.607567661302923,30.263893013349694,8841.030448615551,5900.6218329370395,4271.532466048832,1998.9264528236015,915.9032203234766,8123.175273824609,3918.1056953673174,2228.154962211267,816.5892399548111
8.940010290182459,62.865732753659984,279.58800630139086,83674.01941411314,55567.61754803531,38885.789731573714,17971.691994680114,8123.175273824611,78169.45326758656,35643.80902745599,19892.09134855601,7621.154480992576
6.630754685172445,29.618356943033106,132.31880019846096,39371.26542423967,25615.982984891034,18653.781564958084,8759.34565842838,3918.105695367318,35643.80902745599,17508.264885960238,9431.358281422981,3575.970472368397
7.705339107379839,45.52033614811955,74.72452702965603,21817.091331696745,14333.642333945318,10483.224247060773,4939.113847869548,2228.154962211267,19892.091348556012,9431.358281422981,5583.754939805794,2017.485745085613
6.20117587934003,10.370504996389585,27.909401443553428,8350.437003916984,5402.657661935212,3916.285967262366,1832.6678202606026,816.589239954811,7621.154480992576,3575.9704723683963,2017.485745085613,778.934688937422
