v,mu,sd,comat,,,,,,,,
8.281320926164785,93.02222282395657,399.2332704842282,159387.20426153293,40796.718967221634,36910.2366911194,137560.91177234738,54277.282781233975,56183.00149779885,95679.14282817258,85542.63849941561,45492.564863732005
9.774506884566136,36.492898325158464,103.7539236572167,40796.71896722163,10764.87667426755,9589.301559447505,35480.92817050962,14125.527252258018,14498.81703538499,25265.92740455964,22853.145329930183,11757.06968956786
9.854380174969082,54.78339715277976,95.93478605257962,36910.236691119404,9589.301559447507,9203.483174954226,33957.767300431835,13072.193284073763,13782.732714271327,23705.21925927104,21181.861136650106,11260.915525630078
5.489160886576936,94.44974007609707,362.63007202457914,137560.91177234738,35480.92817050962,33957.767300431835,131500.56913655146,49779.27007577804,52150.268323744946,90798.34777356827,79147.10295935073,42235.76992827928
6.203724578905905,66.65347735437115,140.58863764996482,54277.28278123397,14125.527252258018,13072.19328407376,49779.27007577804,19765.165036273105,19774.200891661323,34627.38230754558,30275.704905862545,16504.068668600776
9.343209934568952,41.5982274037529,146.29034258604662,56183.00149779885,14498.817035384987,13782.732714271326,52150.26832374494,19774.20089166132,21400.86433394288,36520.020279503144,32729.865445471398,16880.28467230079
7.737264672262567,51.676704244077314,255.63139569001137,95679.14282817258,25265.927404559636,23705.219259271038,90798.34777356827,34627.38230754559,36520.020279503144,65347.41046242316,57423.121893489006,29433.379830746202
8.59576648964379,48.31836842381743,229.85742865721693,85542.6384994156,22853.14532993018,21181.861136650106,79147.10295935073,30275.70490586255,32729.865445471394,57423.121893489,52834.437508907555,25756.379513084386
9.62841840245326,84.34037204099975,120.66412459918067,45492.564863732005,11757.069689567857,11260.91552563008,42235.76992827928,16504.06866860078,16880.28467230079,29433.379830746202,25756.37951308439,14559.830965286596
