v,mu,sd,comat,,,,,,,,
6.895492627168851,7.219558199012841,24.615775423584854,605.9363997043639,925.5473067585273,908.921021170039,1463.5187960378403,731.79372840171,993.0130200699887,993.7804763518754,7261.974409047046,1416.264747258743
7.83549083589807,12.346580648755618,39.22261999962095,925.5473067585274,1538.413919634666,1483.3348405234406,2365.501660889623,1143.2982035102425,1572.2154577151543,1585.5622952106235,11543.492553582633,2240.6006665284954
7.97796256328561,9.673669884143544,38.30552831243581,908.921021170039,1483.3348405234403,1467.3134992948212,2350.817991832783,1152.6938831075197,1581.3760063686018,1559.6541993042433,11248.197551575064,2196.6600812930683
7.2492944942772635,52.78688512802672,62.72641495627635,1463.5187960378403,2365.501660889623,2350.817991832783,3934.6031332669704,1861.1155503799803,2593.291433089679,2540.4692005756133,18349.215612697542,3607.458450757801
7.285099126973593,7.150110940224792,30.78816501124571,731.7937284017102,1143.2982035102425,1152.69388310752,1861.1155503799803,947.9111047596945,1269.866063422499,1240.041527381567,8989.879573364155,1732.3125801192389
6.5582549893769775,40.68726875919369,41.85154730544596,993.0130200699889,1572.2154577151543,1581.3760063686018,2593.2914330896783,1269.866063422499,1751.552011859981,1714.0871818938933,12208.900856681463,2394.806511702993
6.566686805987851,9.78826037131853,42.001997699244036,993.7804763518754,1585.5622952106235,1559.6541993042435,2540.469200575613,1240.0415273815668,1714.0871818938933,1764.167810727302,12132.078585227959,2412.126798920724
6.4742973050079025,97.01547319814605,301.2476281688903,7261.974409047046,11543.492553582631,11248.197551575062,18349.21561269754,8989.879573364155,12208.900856681463,12132.07858522796,90750.133477382,17416.54335776455
7.653862306178132,20.311714745750287,58.97113756113938,1416.264747258743,2240.600666528495,2196.660081293068,3607.4584507578,1732.3125801192382,2394.8065117029923,2412.126798920724,17416.54335776455,3477.5950652548236
