v,mu,sd,comat,,,,,,,,
8.031771688882376,7.041855091440916,13.99808005525021,195.94624523319365,2511.519544110456,337.77997485455217,911.3954251652211,388.38979665718824,2909.0782403866233,5221.545318339238,877.7274887404221,1837.6832050227624
8.287557843089079,61.561061833290694,183.02420435947397,2511.5195441104565,33497.8593814185,4398.519212908051,11798.016780907714,5014.202291495049,37968.26910260475,68299.5678864348,11583.162501458768,24398.695394338876
6.53620504671785,9.863251251395122,25.00976233263993,337.77997485455217,4398.51921290805,625.4882119351352,1594.9942805397245,691.9126650147787,5078.289809142621,9354.613086860829,1578.671247514233,3214.6644623761795
9.81001742575421,22.67526988703621,66.54675171479096,911.3954251652211,11798.016780907712,1594.9942805397245,4428.470163790033,1797.4296806874854,13548.98266727964,24096.739088272116,4116.0417900654165,8664.75157489728
7.679594536656468,7.56894480552651,28.532826524397233,388.38979665718824,5014.202291495049,691.9126650147788,1797.4296806874856,814.1221894713462,5859.564038785718,10967.341287254212,1827.538962443589,3699.6101712899253
8.298173454433183,50.38771238083072,210.82989088985488,2909.0782403866233,37968.26910260474,5078.289809142621,13548.98266727964,5859.5640387857175,44449.24289262811,78386.30765314768,13331.86530362005,27662.396713144113
9.996882644116358,84.68147050713645,387.8746106797899,5221.545318339239,68299.56788643479,9354.61308686083,24096.739088272112,10967.34128725421,78386.30765314768,150446.7136099986,25221.578262311214,50424.43708942243
8.754919634660956,14.605427168292296,66.14834613262613,877.7274887404222,11583.162501458768,1578.6712475142333,4116.0417900654165,1827.5389624435888,13331.865303620054,25221.578262311217,4375.603696081715,8563.120113022691
7.692611018347336,39.85371834756952,134.22068302646386,1837.6832050227629,24398.695394338876,3214.66446237618,8664.75157489728,3699.610171289925,27662.396713144113,50424.43708942243,8563.120113022691,18015.191752090483
