v,mu,sd,comat,,,,,,,,
6.2852121355257,15.167771012036853,40.680284700769214,1654.8855633356377,4428.767155939728,12424.0975814217,7912.39609236194,8370.778585787364,1166.1789330474658,10635.179379385572,2813.6771287556785,6229.367286983735
8.418937915355363,46.284141577754056,109.99297092410397,4428.767155939729,12098.453652710781,33411.77755150774,21246.960950337525,22471.766699540476,3152.3575354701265,28967.569742072134,7621.183456592696,16868.1976737931
8.318208787845577,74.2742235012673,317.0252656944656,12424.097581421702,33411.777551507745,100505.0190886465,61812.212138130606,65221.23984175251,8835.360198502998,80733.29997395439,21504.134632302063,47579.43066014309
8.885652172332,73.98787703606423,201.2603894305712,7912.396092361941,21246.96095033752,61812.2121381306,40505.74435374516,40830.56536518796,5611.323074458098,52397.71256244192,13981.418850022552,30938.628957735964
9.136833141677291,66.86146870333474,211.4605572791232,8370.778585787364,22471.76669954048,65221.239841752504,40830.56536518796,44715.56728479736,5953.08650204869,54449.173588958096,15113.297042207087,32300.38280144521
6.783420718674227,10.02412665551959,29.03841958015419,1166.1789330474655,3152.3575354701265,8835.360198502996,5611.323074458098,5953.086502048689,843.2298117130822,7517.169371936302,2009.9445504108085,4427.037177140947
6.933680333740088,66.697602005346,270.3277773287758,10635.179379385572,28967.569742072134,80733.29997395439,52397.71256244192,54449.1735889581,7517.169371936301,73077.1071955162,18850.62837402827,41533.57273185326
8.717045806498945,16.804069981494298,72.72610049716955,2813.6771287556785,7621.183456592696,21504.13463230206,13981.41885002255,15113.297042207085,2009.9445504108082,18850.62837402827,5289.085693524405,11216.894234563402
6.412702575478894,45.03731486781717,157.34572488112792,6229.367286983735,16868.1976737931,47579.43066014308,30938.628957735968,32300.38280144521,4427.037177140947,41533.57273185326,11216.894234563402,24757.6771383676
