v,mu,sd,comat,,,,,,,,
6.073434445084134,71.85807714079809,319.50593857327567,102084.0447835898,10691.58261038779,66448.20447451592,22996.25022511807,26157.731866985912,13394.507022125179,59352.71454052434,45284.546842484175,6862.038435015395
9.547511856708319,7.350827626609376,34.79990245280351,10691.582610387788,1211.0332107246395,7276.230543881517,2409.1189474486296,2869.3131834788105,1480.5266233880418,6617.488431516388,4867.654721346426,730.9311688073301
9.086176865817285,84.14468641275779,213.83520614472985,66448.20447451594,7276.230543881519,45725.49538695911,15200.741058834821,17687.74720207707,9007.24163626739,39620.94081768619,30464.788519354424,4482.4507994147425
9.519402373675536,27.997622034419358,72.47985856375546,22996.250225118078,2409.1189474486296,15200.741058834821,5253.329897421996,5985.836154503947,3024.8522377436043,13433.848184840681,10273.351545436686,1552.3407744299132
8.53439634987214,17.4467805612979,84.76051562843202,26157.73186698591,2869.3131834788105,17687.747202077066,5985.836154503946,7184.345009597667,3508.6853982529315,16157.121516218598,11966.42714416849,1769.0541551009608
5.590381006704423,23.583101876336087,43.38046168942862,13394.507022125179,1480.5266233880418,9007.241636267388,3024.852237743604,3508.685398252931,1881.8644563879843,8239.838779325306,5956.612194706244,903.3661949388816
5.462004075378271,70.53745592988186,196.32108020910744,59352.71454052434,6617.488431516389,39620.94081768619,13433.848184840677,16157.1215162186,8239.838779325308,38541.9665344708,27145.82866381481,4064.928517592675
7.809869991563398,43.26931641545106,145.43552623214072,45284.54684248418,4867.654721346426,30464.78851935442,10273.351545436686,11966.42714416849,5956.612194706246,27145.82866381481,21151.492290419686,3097.406912289326
7.857059825930879,10.48190371229093,21.98141038617891,6862.038435015396,730.9311688073302,4482.4507994147425,1552.340774429913,1769.0541551009608,903.3661949388817,4064.9285175926743,3097.406912289326,483.1824025656142
