v,mu,sd,comat,,,,,,,,
5.927876374092697,12.279447625669466,38.75371794137837,1501.8506542799114,3613.0832909418864,9421.981673154705,1006.1851940839281,6624.592877067157,6285.071488028049,3522.438571852041,5810.660771658384,2780.0378986445075
6.93299651521035,69.8108182459713,96.49516480843039,3613.083290941886,9311.31683140614,23830.776869918845,2484.0512518858964,16571.64110607962,16018.853544609368,8785.8290676064,14132.812986024477,6899.333965084225
9.159480993185849,74.39622095661755,254.24863684616608,9421.981673154707,23830.77686991885,64642.36933813365,6488.518356384819,43240.12450054585,41800.5916223959,23253.467637498845,37873.04132926189,18358.36553182293
5.993487245199411,6.509320033286121,26.692539194661684,1006.1851940839282,2484.051251885897,6488.5183563848195,712.4916486585503,4580.573157756826,4387.865275812654,2407.7631947689656,3955.4857852852615,1919.6814477359135
9.582789829497457,67.71837508407273,175.71289077041723,6624.592877067155,16571.64110607962,43240.12450054584,4580.573157756825,30875.019982896578,28638.67563365887,15911.530694236526,26029.860032556277,12496.141694509215
8.941553503192246,98.14980564234679,171.49407965178958,6285.07148802805,16018.853544609368,41800.59162239591,4387.865275812654,28638.675633658873,29410.219355614354,15851.646126038706,25500.390256403003,12298.312629797738
8.613021421899187,32.93784649186075,94.55938252373015,3522.4385718520407,8785.8290676064,23253.467637498845,2407.763194768965,15911.530694236526,15851.646126038702,8941.47682326912,14192.087396913472,6892.564999015105
9.978472604322324,85.75987210398559,153.17536617792328,5810.660771658384,14132.812986024475,37873.04132926188,3955.485785285261,26029.860032556277,25500.390256402996,14192.08739691347,23462.692803740883,11064.11414511636
9.22686071293835,18.739979898130876,73.58639473092572,2780.0378986445075,6899.333965084225,18358.365531822932,1919.6814477359137,12496.141694509215,12298.31262979774,6892.564999015104,11064.11414511636,5414.957489495613
