v,mu,sd,comat,,,,,,,,
6.473325013435549,83.24389876690145,331.30379493481314,109762.20453820872,43555.68123910688,121432.20423953059,16601.962901015344,49243.77968589316,87085.62567095598,42582.99364194527,122009.77076166343,20249.368854561624
7.652933778026471,44.240949669106485,135.32516075075358,43555.68123910689,18312.8991322173,48537.918496675295,6772.65044677501,19673.32150468902,35325.09612435836,17296.925740126193,50328.68141504325,8179.291065276577
5.957603934737474,85.42144203611977,378.8823836599988,121432.20423953059,48537.918496675295,143551.8606478826,18356.794831351606,55780.89379252017,96895.3445764963,47825.320977234784,137605.06368987993,23657.392711699747
5.339501790956457,34.497843324603195,50.97213578284913,16601.962901015344,6772.650446775011,18356.794831351606,2598.1586262652086,7490.598182170901,13281.150160032337,6510.583111069479,19039.272040670177,3060.024868524524
8.934927299999567,54.49115072639757,152.346374087197,49243.77968589317,19673.321504689015,55780.89379252016,7490.598182170902,23209.417697516168,39429.327716179105,19263.761512310397,55792.17802793638,9324.629007466538
8.281667608879278,90.24229111852188,268.237030278319,87085.62567095598,35325.09612435836,96895.3445764963,13281.150160032337,39429.327716179105,71951.10441253184,34809.357835797266,98406.28411966556,16134.554990092167
8.18760448021818,52.925364209201156,130.22257271072078,42582.993641945286,17296.925740126193,47825.32097723478,6510.58311106948,19263.7615123104,34809.35783579727,16957.91844339896,48070.01532261219,7935.171599547908
7.87801446876517,79.38558150375337,380.39126190641554,122009.77076166343,50328.68141504325,137605.0636898799,19039.272040670177,55792.17802793638,98406.28411966556,48070.015322612184,144697.51213475523,23078.60469638149
5.195314580944332,17.351426242006667,63.236417411380465,20249.368854561624,8179.291065276577,23657.392711699747,3060.0248685245238,9324.629007466536,16134.554990092167,7935.171599547907,23078.60469638149,3998.8444870263424
