v,mu,sd,comat,,,,,,,,
8.85660321633373,54.38071365816111,180.13860025332113,32449.915301225832,19319.17790324698,35252.86107192342,43180.79409593411,3599.233078526958,22778.458753868337,35002.76301121236,4318.322460562321,9186.59881652806
5.1037597467970075,86.1237062975462,109.5828646409305,19319.17790324698,12008.404222912497,21623.524690324728,25899.521242508425,2169.9791680731337,13633.039767558823,21054.848021243746,2577.468222430905,5655.503669749704
8.168241174631376,49.130426739036594,202.8004022829258,35252.86107192342,21623.524690324728,41128.00316611653,47402.11731468856,4028.125892099698,24469.811733147675,38967.04830010146,4790.435298295981,10391.288820706946
8.74401941269306,73.26726698631377,245.0121824759309,43180.794095934114,25899.521242508425,47402.11731468856,60030.969561618855,4898.834371929133,30192.81940147824,45965.079040717654,5799.551806995315,12315.3895470045
7.492535061512952,8.523969257268748,20.479906453917653,3599.2330785269583,2169.979168073134,4028.125892099698,4898.834371929134,419.426568361218,2536.2880518327347,3960.219452769543,485.40733486040375,1039.5326215142313
6.1239832276542385,58.503115026810775,128.64363984051283,22778.45875386834,13633.039767558825,24469.811733147675,30192.819401478242,2536.2880518327343,16549.186071415585,25027.98103479178,3017.9341568322684,6654.826558751002
5.99031432379812,53.67174456098718,198.256323697607,35002.76301121236,21054.848021243743,38967.04830010146,45965.079040717654,3960.2194527695424,25027.981034791774,39305.56988609032,4648.801934427869,10154.560462002868
8.802653560994793,20.123404670918884,24.18653500433512,4318.322460562321,2577.468222430905,4790.43529829598,5799.551806995317,485.40733486040375,3017.934156832268,4648.801934427869,584.9884755159283,1244.281535335913
5.845554182812677,37.09250927114455,53.12593524593136,9186.598816528058,5655.503669749704,10391.288820706946,12315.3895470045,1039.532621514231,6654.826558751002,10154.56046200287,1244.281535335913,2822.364995754891
