v,mu,sd,comat,,,,,,,,
5.087451354655763,62.695346482209324,295.92971888312223,87574.39851824379,21660.42877790428,61883.41940435295,4938.041043780382,38551.44058516903,23124.68855178654,21124.83522972832,55685.7129428933,5116.204052420189
9.457866335901292,42.370570113223984,75.38022347521331,21660.42877790427,5682.1780911731,15403.681031878632,1308.819138350686,10058.048152122192,5791.154734937969,5350.482654753476,14247.540351531221,1277.1353756911433
6.424305837369592,76.15797441293964,213.64594256152904,61883.41940435295,15403.68103187863,45644.58877300418,3564.314838396374,27896.02326423386,16435.34124627752,14882.772390591224,40212.04523071128,3663.7182959223533
6.49488188729479,15.905606366084324,17.735853389931354,4938.041043780382,1308.819138350686,3564.314838396374,314.56049546913954,2335.699872032221,1338.8452593029897,1266.0247960179045,3341.777465140366,304.72349007861
8.960171303277146,31.50706052806469,135.3753425595195,38551.440585169024,10058.048152122192,27896.023264233867,2335.6998720322213,18326.48337310725,10379.330852981937,9601.023007451033,25659.8854805278,2284.2423052340546
6.622352987391144,29.203947423100782,80.26350588607346,23124.68855178654,5791.154734937969,16435.34124627752,1338.84525930299,10379.330852981937,6442.230377123749,5838.368758652474,15078.161693343527,1372.8206701196605
9.323551933451292,27.832183181396097,73.96841770974844,21124.835229728324,5350.482654753477,14882.772390591228,1266.0247960179045,9601.023007451035,5838.368758652474,5471.326818483826,13745.547084451311,1292.4063575102318
7.237563161069371,92.10483550501861,195.00984041860164,55685.71294289329,14247.540351531223,40212.04523071128,3341.777465140366,25659.885480527802,15078.161693343529,13745.547084451313,38028.837860088475,3293.992227960483
7.741149531750471,10.271766875400157,17.88678873646468,5116.204052420189,1277.1353756911433,3663.718295922353,304.72349007861,2284.2423052340546,1372.8206701196605,1292.4063575102316,3293.9922279604825,319.93721130291976
