v,mu,sd,comat,,,,,,,,
6.504822279279573,39.14487919071247,148.28452059248235,21988.299047342323,30074.202612102123,26599.079886444237,48655.388239652355,24153.00638459171,39688.327717594686,17366.923219741824,20144.52108748455,4945.212168596821
6.235309159809072,81.96353963986353,207.5543220933874,30074.202612102123,43078.79661964562,36469.567697134036,66544.95355051642,33421.491481524354,55490.85511908981,23950.170543432134,28058.736139692614,6696.405696290356
9.631675675295877,41.405554855389575,185.6865018569306,26599.079886444237,36469.567697134036,34479.47697186389,63145.65805932347,29451.74641819415,49650.7025187375,21578.352660255543,25778.57830086738,6262.158021196735
9.45801719138882,84.40311380974464,345.67397010179974,48655.38823965236,66544.95355051642,63145.65805932347,119490.49360593996,55242.336163670494,91798.62629211196,39603.71510172763,46489.25330226595,11498.003245590073
8.416383799874936,37.93678531617602,167.68638376008047,24153.00638459171,33421.491481524354,29451.746418194147,55242.33616367049,28118.723298532987,44413.66943569151,19050.347741227222,21889.110821062095,5438.410001622357
7.834423297498361,57.87851130252046,273.24732957027635,39688.327717594686,55490.855119089814,49650.70251873749,91798.62629211195,44413.6694356915,74664.1031172872,31599.009706982164,37263.87152140687,8994.554582724946
7.734829401215158,45.242489209313526,120.00951243475765,17366.92321974182,23950.170543432134,21578.352660255547,39603.71510172763,19050.347741227226,31599.009706982168,14402.283074828254,16459.320247656975,4044.3918780039244
6.052119179933829,33.62512739307176,140.84380398691033,20144.52108748455,28058.736139692614,25778.57830086738,46489.253302265955,21889.110821062095,37263.87152140688,16459.320247656975,19836.977121503223,4727.431651407074
8.848772340927178,10.493919678864314,34.17309641501935,4945.212168596822,6696.405696290356,6262.158021196736,11498.003245590071,5438.410001622358,8994.554582724946,4044.3918780039253,4727.431651407074,1167.8005185902086
