v,mu,sd,comat,,,,,,,,
6.09322525073603,67.22645449409137,137.6354828285194,18943.526133439664,19078.73159740437,14758.098930859509,53985.79937360228,21421.750211093382,17837.939088987463,22200.749571357228,24449.760333820235,51618.51988379495
5.157013597512902,41.18147497471798,146.45150611953815,19078.731597404374,21448.04364468112,15668.155544644664,56060.1138990984,22038.2516181739,19293.939477949305,23448.20709478634,26074.538854550763,54214.03508808425
6.435626386698517,86.42792025418223,109.00150356072528,14758.09893085951,15668.155544644664,11881.327778498806,42660.8865157126,17050.364726986365,14287.685647647259,17862.1198447641,19650.784074317682,41248.62588053757
5.863223277776032,80.51080918915876,401.3768221704993,53985.79937360229,56060.11389909839,42660.88651571259,161103.35337568857,61581.4635806564,52771.7643439958,64085.132352759065,71079.98285928526,149967.2696621652
6.516881904392052,80.3671985606902,158.71477215967724,21421.750211093382,22038.2516181739,17050.36472698636,61581.463580656404,25190.378901698252,20109.043559072546,26096.98378524679,28155.161379319456,59515.467505348344
5.814751112535442,49.36198283177649,134.37502438684413,17837.939088987463,19293.93947794931,14287.685647647255,52771.7643439958,20109.04355907255,18056.647178964955,21476.695013355722,23785.903094500176,50219.71839649178
8.496568766138832,82.75881240275166,166.85732640325455,22200.74957135723,23448.207094786343,17862.1198447641,64085.132352759065,26096.98378524679,21476.695013355722,27841.367374442227,29424.098599507917,63465.82364105502
8.857554158340966,84.4349478527297,180.8012625320725,24449.76033382023,26074.538854550763,19650.78407431768,71079.98285928526,28155.161379319456,23785.90309450018,29424.09859950792,32689.0965331914,67933.15283829499
7.572762238141335,88.83229430611952,385.2455733835504,51618.51988379494,54214.03508808426,41248.62588053757,149967.26966216523,59515.467505348344,50219.718396491786,63465.82364105502,67933.15283829499,148414.1518116205
