v,mu,sd,comat,,,,,,,,
5.0518707694285,77.01342236766328,157.80765568536387,24903.256192910354,10406.716026882637,12982.924319254771,10434.902167186001,17930.756000320423,20980.017220670914,37308.16873209354,45094.61824234494,28375.179317470254
7.509372960743693,14.581566149296057,68.07799061541694,10406.71602688264,4634.612806232795,5489.279122641028,4482.2999784229105,7680.780782431904,8768.982309182782,15909.69477894423,19644.167780148666,11901.08521790577
7.47886646567073,54.158722968038894,83.08807622235463,12982.92431925477,5489.27912264103,6903.628410331813,5455.779359809661,9326.135781449602,11028.629715774452,19465.276565393833,23940.499520998346,14933.481499764866
5.669147644796383,15.691595834118877,68.51836678722832,10434.902167186001,4482.29997842291,5455.77935980966,4694.766587189152,7647.6863616788505,8984.011109393603,15886.188398825665,19945.135056556024,11734.447904988674
5.710555427272693,56.877099970390034,116.2605651448363,17930.756000320427,7680.780782431903,9326.135781449602,7647.68636167885,13516.519007796729,15038.05330387389,27078.301802976424,33569.66388754026,20191.84107344523
6.092793378130391,59.70342419288707,134.65572545890979,20980.017220670914,8768.982309182782,11028.629715774452,8984.011109393601,15038.053303873887,18132.16439886529,31375.836871736585,38288.71687579026,23702.00335132008
7.092540902552262,80.20420260414045,238.39599412818873,37308.16873209353,15909.694778944227,19465.27656539383,15886.188398825665,27078.30180297642,31375.83687173658,56832.650016367406,68297.00585394216,42539.59204465442
6.240505842067796,96.69002742870443,297.9259321683536,45094.61824234494,19644.16778014867,23940.49952099835,19945.135056556024,33569.66388754026,38288.71687579026,68297.00585394217,88759.86105838243,51269.437979252696
5.420298255826751,90.7870515722406,181.50312967777438,28375.179317470254,11901.085217905771,14933.481499764865,11734.44790498867,20191.841073445226,23702.00335132008,42539.59204465442,51269.43797925269,32943.386082826975
