v,mu,sd,comat,,,,,,,,
6.504366650233093,66.44835433217327,241.7064522638343,58422.009065969236,22831.417697316723,8739.074944733564,13269.658063825324,21174.20996698495,41628.18647514116,16569.088026942554,39100.76450224995,48610.7669870479
5.93472908170939,56.786993681486216,99.91583512109993,22831.417697316723,9983.174107946828,3539.6448141712763,5162.754801396398,8423.103447888354,16460.524895040766,6669.676828948662,15731.425737439122,20146.25048989596
6.615913384841097,20.26017953877696,37.37589176103783,8739.074944733566,3539.6448141712763,1396.9572849328151,2019.0262521021623,3195.9228097901723,6323.04130533576,2510.941007392025,6030.720259752237,7560.192900236613
8.328747851441545,49.38260328931382,55.46033441296722,13269.658063825322,5162.754801396397,2019.0262521021623,3075.848693198156,4924.916199865078,9450.061371223688,3830.0479076873016,8998.772587541018,11061.350526649845
7.834854004846067,35.93066594224315,89.62939204740927,21174.20996698495,8423.103447888352,3195.9228097901714,4924.916199865079,8033.42791878819,14995.877248577644,6165.616302248174,14366.366504684333,17650.7716500749
6.991269794493824,91.52664582769962,173.6636100803439,41628.18647514116,16460.52489504077,6323.041305335758,9450.061371223688,14995.877248577646,30159.049466137723,11880.761411540423,28145.359753039887,35049.15233943534
6.897074577622983,19.262336764926076,70.23543050312091,16569.088026942554,6669.676828948661,2510.941007392025,3830.0479076873016,6165.616302248175,11880.761411540421,4933.015697958727,11281.333224680935,13974.355561676784
5.052907679393215,84.16266670117012,164.27637285672483,39100.76450224995,15731.42573743912,6030.720259752236,8998.772587541016,14366.36650468433,28145.35975303988,11281.333224680931,26986.72667896168,33703.844425536125
5.851828004968561,50.83449231480277,207.78893010954317,48610.76698704789,20146.25048989596,7560.192900236612,11061.350526649845,17650.7716500749,35049.15233943534,13974.355561676784,33703.84442553613,43176.23947606862
