v,mu,sd,comat,,,,,,,,
5.168773552116042,68.84670302062622,268.4086320261805,72043.19374616558,85156.24000589021,12620.161869366868,7224.898312793359,33983.11848818321,77252.40808879629,29959.53833410169,72715.49845865126,6420.247356392473
7.4455375398279235,69.11079826607244,334.08263847096606,85156.2400058902,111611.20932772219,15798.410815712663,8894.375188283873,43903.33427626849,94738.00384724932,36675.16734251325,92574.08057331142,8152.946792985557
9.230425486404414,10.398771893801776,49.22598417099661,12620.161869366868,15798.410815712665,2423.1975176032092,1326.597787655838,6439.705935656553,14245.977913640088,5402.919862433889,13629.615338831352,1148.9506589441323
7.057009999048872,22.357125791173758,27.65573160390441,7224.898312793359,8894.375188283873,1326.5977876558377,764.8394905471972,3551.9221991792406,7961.791008494629,3113.3094211481675,7688.815355984339,656.9961319120578
8.157076868653824,89.15743916406454,132.881630314682,33983.11848818321,43903.33427626849,6439.705935656553,3551.9221991792406,17657.527675087822,38111.60883408714,14602.443499454006,36698.70529704167,3207.611304857687
6.45471618633067,61.27002281686101,297.62779039078583,77252.4080887963,94738.00384724932,14245.977913640088,7961.791008494631,38111.60883408715,88582.30161290156,33424.298437282996,82062.45036227156,7037.934857920516
7.714001444651046,38.76939123030976,114.23699833931025,29959.538334101686,36675.16734251325,5402.919862433889,3113.309421148168,14602.443499454008,33424.298437283,13050.091789575572,31824.332587572557,2784.0934520464334
6.140906899516519,61.53683534452833,285.2178011276682,72715.49845865126,92574.08057331144,13629.615338831352,7688.815355984339,36698.70529704167,82062.45036227157,31824.33258757256,81349.19408010211,6825.62874739124
6.201381647102009,13.638946902638285,25.090000504662516,6420.247356392473,8152.946792985558,1148.9506589441323,656.9961319120579,3207.611304857688,7037.934857920517,2784.093452046433,6825.628747391239,629.5081253239654
