v,mu,sd,comat,,,,,,,,
9.464300757180009,39.94334259874066,172.26072739211915,29673.75820166199,7948.914491217052,20500.800014330744,22951.221050212967,45784.478495857686,4872.7431568802085,52973.382039798926,53517.183828582434,10195.441976091954
6.659899026505887,31.25329364610071,46.96224185085692,7948.914491217052,2205.4521596583772,5601.1388297219,6197.153483983833,12537.90625840733,1326.0646817833565,14410.658156002328,14388.825932666212,2768.535999445948
9.106145615289158,58.46420255180424,120.98324959252479,20500.80001433075,5601.1388297219,14636.94668196715,15967.437769051196,32359.141979547825,3399.11746765422,37937.42479402068,37090.59519519258,7102.376129756721
5.208483128626249,78.62831818910404,135.05399507801292,22951.221050212967,6197.153483983832,15967.4377690512,18239.581586531942,36111.491966901114,3894.537116514727,41940.57359135486,42178.172015857555,7977.078266941223
5.538283399679839,79.40938377706208,272.53183648175053,45784.478495857686,12537.906258407329,32359.14197954782,36111.49196690112,74273.60189611561,7788.184021509324,84864.59484624596,85917.32026190351,16403.4738154127
7.975260321031201,8.96614323458756,29.096036151555417,4872.743156880209,1326.0646817833565,3399.117467654221,3894.537116514728,7788.184021509324,846.5793197326198,9147.746627565753,9112.703948653701,1735.1145043588463
7.649086810964108,68.47308480855949,325.49163096858445,52973.38203979893,14410.658156002326,37937.42479402068,41940.573591354856,84864.59484624596,9147.746627565753,105944.80183058915,98998.77246700032,19084.91961863961
7.094037142783272,79.67055658713652,318.8194099711862,53517.18382858244,14388.825932666212,37090.59519519258,42178.17201585755,85917.32026190354,9112.703948653698,98998.77246700031,101645.81617437533,19384.071709453743
6.677039246366646,52.21984270428256,61.14578076297763,10195.441976091955,2768.535999445948,7102.376129756722,7977.078266941222,16403.473815412704,1735.114504358846,19084.919618639608,19384.07170945374,3738.806505114126
