v,mu,sd,comat,,,,,,,,
9.184720621322619,41.095697424241145,78.68795177600228,6191.79375470246,26746.60167088672,6008.55585387643,27348.294796381448,5893.520052671913,13953.474020243613,10341.414588699037,20998.886111372587,10749.531751485498
9.851179259701649,98.81053584483954,347.417265570568,26746.601670886725,120698.75641653062,26139.016958920405,117590.54041117372,25958.39379998415,59929.791659362854,44921.885826758175,88694.44196325465,46642.30077690415
7.235768926307557,34.76282939548169,79.07343178090248,6008.555853876431,26139.016958920405,6252.607613609038,26301.014008862294,6012.114857074947,13654.353193983718,10409.193504995448,20601.06475543867,10859.63882052229
6.422905045143158,74.81581031714704,357.00529408711105,27348.294796381448,117590.54041117372,26301.014008862294,127452.78000622467,26813.823112802816,63876.592833170886,45693.273906217204,92044.22457398688,46800.63455786717
8.85608294004877,70.63341739163253,78.05663852276804,5893.5200526719145,25958.39379998415,6012.114857074947,26813.823112802824,6092.838817474076,13438.911907416823,10113.167440077177,20149.43098703197,10445.524060000589
6.494718161178888,87.66340528401086,182.0680336008112,13953.474020243615,59929.791659362854,13654.35319398372,63876.59283317088,13438.911907416821,33148.76885926611,23476.07635645963,46858.662206523324,23983.952096943696
9.881675374476423,44.48513514600445,134.1565106355215,10341.414588699037,44921.885826758175,10409.19350499545,45693.27390621721,10113.167440077175,23476.07635645963,17997.969345898797,34694.65332817007,18517.547254354828
9.64575987548868,99.84985629461534,271.54327146913647,20998.886111372587,88694.44196325463,20601.064755438667,92044.22457398688,20149.43098703197,46858.662206523324,34694.653328170076,73735.74828016113,36359.918034187416
6.023370328694622,61.30949794483702,140.29041675937054,10749.531751485498,46642.30077690415,10859.63882052229,46800.63455786717,10445.524060000587,23983.952096943696,18517.547254354828,36359.91803418743,19681.401034517876
