v,mu,sd,comat,,,,,,,,
5.436748214510875,77.56989231537966,330.93849445550666,109520.28711247742,21995.1757447998,46626.32003795008,25262.463620598308,26495.98626092557,118437.73818069376,72510.19449293305,53234.27883379161,37682.69656585698
6.15238549775864,19.07187488447161,70.47924578870828,21995.1757447998,4967.324086945156,10061.22026091895,5493.802652027665,5738.284256611886,25001.1629883253,16130.79538577551,12133.978169619882,8243.685164943065
7.055305353194564,60.12707586470097,149.0087930571382,46626.32003795006,10061.22026091895,22203.620408345036,11763.167180293274,12482.398250285156,54314.71258344609,34019.12267147227,25082.398909576412,17506.224392940625
6.553913492800435,18.015034951005482,79.8761883597951,25262.463620598304,5493.802652027666,11763.167180293274,6380.205466889465,6660.818223403289,29145.90782087375,18457.10790715924,13717.467336039723,9395.590494342152
7.829779453807528,31.39211145806071,84.8397995908283,26495.986260925565,5738.284256611887,12482.398250285158,6660.81822340329,7197.791594611911,31143.935470701203,19256.228676212966,14249.736266088026,9809.890371181536
7.725318518919252,74.7324242359788,371.17444957408895,118437.73818069376,25001.162988325297,54314.71258344609,29145.907820873752,31143.935470701195,137770.4720166279,84444.12851510175,62439.484323920085,42948.43910320182
9.035497214151883,96.07000354952552,233.10044611352882,72510.19449293303,16130.795385775511,34019.12267147227,18457.10790715924,19256.22867621297,84444.12851510175,54335.817978326144,40134.628228097354,27185.39340923951
9.590775536417986,50.21951709535253,175.80062786961565,53234.27883379161,12133.97816961988,25082.39890957642,13717.467336039725,14249.736266088028,62439.484323920085,40134.62822809736,30905.860759351082,20421.68724831905
7.610453764218386,25.47784946325128,119.15741097725422,37682.696565856975,8243.685164943065,17506.224392940625,9395.590494342154,9809.890371181535,42948.43910320181,27185.39340923951,20421.68724831905,14198.488590802262
