v,mu,sd,comat,,,,,,,,
5.46554143335929,31.971920484228672,68.02401008309035,4627.265947784377,11688.416437025116,6312.922562023074,13306.343039709855,11845.361969241476,16490.653773615082,10961.926940129815,5907.819526424178,26433.783513525952
9.858279599948936,59.76327376336852,177.1381161176279,11688.416437025118,31377.91218170222,16585.99856649316,35290.481995217844,30228.67343595302,41794.90743656885,29125.736391991137,15340.287877833895,68003.33451745032
7.4192999023182304,76.7265057478922,97.65237047877281,6312.922562023073,16585.998566493163,9535.9854601235,18849.76626833025,16873.235628827097,23230.184904506234,16092.290999353576,8778.724689385437,37306.334004888064
6.212613507490321,93.10548468039185,199.98321648524816,13306.343039709853,35290.48199521784,18849.76626833025,39993.28687578563,34598.239311246405,48273.250527117045,32875.25425854018,17468.074903890585,77384.04380983375
7.655619149036266,57.13335395754248,177.69407442045275,11845.361969241476,30228.67343595302,16873.2356288271,34598.239311246405,31575.184084141394,43411.19596860944,28659.620471007,15691.065784659257,68211.92563228282
6.427721177323994,51.76922423927348,248.91555536542214,16490.65377361508,41794.90743656884,23230.18490450623,48273.25052711705,43411.195968609434,61958.95370287654,39557.830726719505,21611.71379379348,95090.22952397434
9.313151885258197,62.91799355981484,167.78114919156906,10961.926940129813,29125.736391991133,16092.290999353576,32875.25425854017,28659.620471006998,39557.83072671949,28150.514024043554,14870.936177357993,64147.57457157518
5.205500767304368,46.57555146205703,90.52122772331663,5907.819526424178,15340.287877833896,8778.724689385439,17468.074903890585,15691.065784659257,21611.713793793482,14870.936177357993,8194.092668536545,34514.72076791092
5.541738669753602,98.15534341481184,393.97264805298175,26433.783513525952,68003.33451745032,37306.334004888064,77384.04380983373,68211.92563228282,95090.22952397434,64147.57457157518,34514.72076791092,155214.44741387866
