v,mu,sd,comat,,,,,,,,
6.504822279279573,39.14487919071247,148.28452059248235,21988.299047342327,30636.214793486994,27351.850688787876,50753.01538360086,24730.693364445473,40350.22746663407,17709.41936188033,20745.286421728946,5043.2236845683665
6.235309159809072,81.96353963986353,207.5543220933874,30636.214793486986,43078.79661964561,38131.046288518024,70724.10920197373,34536.60307577494,56466.70382879483,24714.920121424588,29006.31725907053,7013.740763308448
9.631675675295877,41.405554855389575,185.6865018569306,27351.850688787876,38131.04628851803,34479.47697186388,63988.177847720486,30820.42532549666,50522.35772330265,22144.197462764325,26083.718491776224,6329.263689409176
9.45801719138882,84.40311380974464,345.67397010179974,50753.015383600854,70724.10920197373,63988.17784772048,119490.49360593992,57452.33923424256,93935.40561089871,41114.399771793986,48275.594787063135,11751.97438863016
8.416383799874936,37.93678531617602,167.68638376008047,24730.693364445473,34536.60307577494,30820.425325496664,57452.339234242565,28118.72329853298,45551.86303313606,19916.395775745063,23299.48933462432,5674.9003679251155
7.834423297498361,57.87851130252046,273.24732957027635,40350.22746663407,56466.70382879483,50522.357723302644,93935.40561089871,45551.86303313606,74664.10311728723,32548.759327778567,38252.34262845868,9268.635836039351
7.734829401215158,45.242489209313526,120.00951243475765,17709.41936188033,24714.92012142459,22144.197462764325,41114.39977179398,19916.395775745063,32548.759327778564,14402.283074828252,16817.11667872044,4089.7270262445268
6.052119179933829,33.62512739307176,140.84380398691033,20745.28642172895,29006.317259070525,26083.71849177623,48275.59478706315,23299.48933462432,38252.34262845868,16817.11667872044,19836.97712150322,4796.994099498764
8.848772340927178,10.493919678864314,34.17309641501935,5043.2236845683665,7013.740763308449,6329.263689409177,11751.974388630162,5674.9003679251155,9268.635836039351,4089.7270262445268,4796.994099498764,1167.8005185902084
