v,mu,sd,comat,,,,,,,,
6.473325013435549,83.24389876690145,331.30379493481314,109762.20453820875,44614.180929179136,124747.43191374984,16832.479923217634,50245.94316418284,88522.56427049113,43039.41313982513,125303.77309468284,20817.189518545176
7.652933778026471,44.240949669106485,135.32516075075358,44614.18092917913,18312.899132217295,50761.7257904924,6874.548585240535,20444.964765378983,36116.05085071777,17563.79800785397,51271.63734680053,8486.801925550963
5.957603934737474,85.42144203611977,378.8823836599988,124747.43191374981,50761.7257904924,143551.8606478825,19121.154300882376,57341.99023922695,100687.84511226075,49040.670487353345,142861.71687394087,23897.788492573367
5.339501790956457,34.497843324603195,50.97213578284913,16832.47992321763,6874.548585240536,19121.15430088238,2598.158626265209,7712.102390406933,13595.322363224124,6612.869231461083,19322.01896306,3190.2847635325506
8.934927299999567,54.49115072639757,152.346374087197,50245.94316418283,20444.96476537898,57341.99023922695,7712.102390406933,23209.417697516175,40586.354561478955,19729.367508357685,57545.63777297278,9573.182424583561
8.281667608879278,90.24229111852188,268.237030278319,88522.56427049113,36116.05085071777,100687.84511226077,13595.322363224124,40586.35456147895,71951.10441253183,34906.19394034395,101337.00148025337,16796.394034098077
8.18760448021818,52.925364209201156,130.22257271072078,43039.41313982511,17563.79800785397,49040.67048735335,6612.869231461082,19729.367508357685,34906.193940343954,16957.918443398954,49260.12914710465,8175.29946342567
7.87801446876517,79.38558150375337,380.39126190641554,125303.77309468282,51271.637346800526,142861.71687394084,19322.018963060003,57545.63777297279,101337.00148025336,49260.12914710465,144697.51213475523,23864.64865014174
5.195314580944332,17.351426242006667,63.236417411380465,20817.189518545172,8486.80192555096,23897.788492573363,3190.2847635325506,9573.18242458356,16796.39403409807,8175.299463425669,23864.648650141735,3998.844487026342
