v,mu,sd,comat,,,,,,,,
6.042302686794213,80.07907332679072,224.23475567461634,50281.225652454894,46873.80045031612,24338.542896823084,60053.91933633262,6572.200008899495,44730.46280663531,8763.430942365903,78436.24541608965,41157.934978018864
7.40840530881683,85.86502567016717,210.3407590726302,46873.80045031613,44243.23492725027,22710.778571038605,56191.93261276921,6123.642442194547,41843.85118551796,8170.563489438501,73073.05851113243,38571.5505630024
7.1026901765718735,24.230624506539982,108.76540373455752,24338.542896823088,22710.778571038605,11829.913049541303,29150.34162805506,3196.1545214090334,21594.711204434585,4244.013097162292,38037.0955630928,20018.048698603692
9.29590999260672,62.25725979121158,269.4127477413602,60053.91933633262,56191.932612769204,29150.341628055055,72583.22864554977,7933.076651906652,53331.29214961128,10482.136704791517,93994.1749243785,49559.61506269618
5.855807768058367,7.7295994879402095,29.50532267978469,6572.2000088994955,6123.642442194547,3196.1545214090334,7933.076651906652,870.564066438217,5828.368676290607,1147.8790485636282,10280.999846891968,5416.326107747462
6.694319803018502,77.4846116060678,200.20076697389123,44730.46280663531,41843.851185517946,21594.71120443458,53331.29214961127,5828.368676290607,40080.347096934296,7771.439809905395,69762.79216303755,36565.960911705915
6.352664166489156,23.376444929066906,39.171729288353355,8763.430942365903,8170.563489438501,4244.013097162292,10482.13670479152,1147.8790485636282,7771.439809905397,1534.42437544004,13626.040091884764,7163.0836374280425
8.455206752247982,89.50210461734942,351.18552556447804,78436.24541608966,73073.05851113245,38037.0955630928,93994.17492437852,10280.99984689197,69762.79216303756,13626.040091884764,123331.27336599866,64632.491909248805
6.102022583188628,89.28343352961329,184.6539853551409,41157.93497801887,38571.5505630024,20018.048698603692,49559.61506269618,5416.326107747463,36565.96091170592,7163.0836374280425,64632.49190924881,34097.09430753659
