v,mu,sd,comat,,,,,,,,
9.464300757180009,39.94334259874066,172.26072739211915,29673.758201661985,8061.172153092153,20772.30118144091,23203.801381002908,46708.85754425548,4984.554346437286,55492.08620218106,54644.874988430565,10468.875217951438
6.659899026505887,31.25329364610071,46.96224185085692,8061.172153092156,2205.4521596583777,5665.41124948187,6314.5435458690745,12745.115697086258,1358.4309161678302,15122.767985455383,14857.795750070676,2852.011226149972
9.106145615289158,58.46420255180424,120.98324959252479,20772.30118144091,5665.411249481869,14636.94668196715,16268.721720170908,32847.138843140056,3496.4678328294913,39114.39856496195,38283.53534293357,7342.200577345901
5.208483128626249,78.62831818910404,135.05399507801292,23203.80138100291,6314.5435458690745,16268.721720170912,18239.58158653194,36671.63461891557,3923.063809021808,43603.17694809344,42893.11909264307,8207.648371457663
5.538283399679839,79.40938377706208,272.53183648175053,46708.85754425548,12745.115697086256,32847.138843140056,36671.63461891556,74273.6018961156,7901.288183367292,87986.95827830456,86698.64137206525,16614.5742687774
7.975260321031201,8.96614323458756,29.096036151555417,4984.554346437286,1358.4309161678302,3496.4678328294913,3923.0638090218076,7901.288183367292,846.5793197326195,9412.455673028964,9245.107662447304,1771.0334173722076
7.649086810964108,68.47308480855949,325.49163096858445,55492.08620218105,15122.767985455379,39114.39856496194,43603.17694809343,87986.95827830456,9412.455673028962,105944.80183058915,102904.14206607755,19758.964131941702
7.094037142783272,79.67055658713652,318.8194099711862,54644.87498843057,14857.795750070674,38283.535342933574,42893.11909264307,86698.64137206525,9245.107662447304,102904.14206607756,101645.8161743753,19473.714624242726
6.677039246366646,52.21984270428256,61.14578076297763,10468.875217951438,2852.0112261499717,7342.200577345902,8207.648371457663,16614.574268777404,1771.0334173722076,19758.964131941702,19473.71462424273,3738.8065051141257
