v,mu,sd,comat,,,,,,,,
8.237755246765117,37.13630001746684,54.760497955738444,2998.712136360434,4996.084338785391,17403.188309861416,4535.426914476924,1444.0184067831597,8053.545972689085,11823.2029223916,13675.087902993808,4648.504991263811
7.535748441065401,37.359770069707615,91.75843623188206,4996.084338785391,8419.610619720366,29082.64929993401,7610.2712976685825,2413.623361450151,13439.94900192865,19741.934658877482,22924.722749022236,7799.6370598389385
7.641706900761197,67.19988297185579,318.79689889708095,17403.18830986142,29082.64929993401,101631.46274639567,26360.272560814166,8409.587422524057,46812.878512761316,68695.27226543588,80001.38964218405,27079.645573103917
9.48142602004944,23.950104952593026,83.71050795364916,4535.426914476925,7610.271297668584,26360.27256081417,7007.449141857958,2195.96738679263,12329.77900808636,17931.56346510433,20809.34428177451,7071.370340650493
8.49995595333744,19.93134815438137,26.513576406051534,1444.0184067831597,2413.623361450151,8409.587422524057,2195.9673867926294,702.9697338395325,3881.46992283494,5722.292281171795,6625.695462824498,2249.988741513028
8.571485509355675,70.84422837759875,148.4076548238487,8053.545972689086,13439.949001928651,46812.878512761316,12329.779008086358,3881.469922834941,22024.83201031462,31812.390590397736,36843.47630495327,12471.346721634667
8.586691910457004,43.467660841552544,216.8470948628712,11823.202922391602,19741.934658877486,68695.27226543587,17931.563465104333,5722.292281171796,31812.390590397743,47022.66255046707,54137.238647622115,18320.878321250188
6.114097310914305,52.890563975746076,251.3420648519845,13675.087902993808,22924.722749022232,80001.38964218403,20809.344281774505,6625.695462824497,36843.47630495327,54137.2386476221,63172.833564059176,21328.15286034193
5.875772616620115,38.89684364236999,85.26132807442548,4648.5049912638115,7799.637059838939,27079.645573103917,7071.370340650493,2249.9887415130274,12471.346721634667,18320.878321250184,21328.152860341932,7269.494065014813
