v,mu,sd,comat,,,,,,,,
5.042823988741895,97.44179194043555,434.676183660068,188943.38464128107,114059.0562550304,75908.78037987297,79748.32074864421,9304.495711158324,41555.71317408654,8667.857068116733,85036.48339092647,133241.63162405416
9.771533365408676,99.07872952539255,263.29995442878237,114059.05625503042,69326.86600219886,45911.83926414053,48004.62551258301,5633.628999428024,25176.074924339588,5232.080532439453,51404.56871654961,80367.19828509504
7.247825171770921,44.76172395479967,175.23608265073958,75908.78037987297,45911.83926414052,30707.684662776832,32031.662377087236,3742.639994330902,16706.39216472137,3483.4812433282495,34231.142387187414,53604.98777270655
8.05109385863558,72.4323961873439,184.3527019905429,79748.32074864421,48004.625512583,32031.662377087236,33985.918731213926,3922.1369962381145,17555.116410433657,3657.1346779727855,35996.940845754994,56342.267571132536
9.26029908737652,8.78516150681424,21.45078856610197,9304.495711158326,5633.628999428024,3742.639994330902,3922.1369962381145,460.13633010761106,2047.4736725243488,427.5196521843778,4196.265495823639,6555.469240528219
8.69405105698468,45.903043933783394,95.86718119300781,41555.71317408653,25176.07492433959,16706.39216472137,17555.116410433657,2047.4736725243486,9190.516429892987,1908.3018588300874,18684.747502782862,29359.530723475073
9.87215794671513,10.464100824839154,20.00449626906721,8667.857068116733,5232.080532439453,3483.48124332825,3657.1346779727855,427.5196521843779,1908.3018588300877,400.179870979124,3915.2054764429795,6118.353253532156
9.287309373164778,96.56010794243987,196.49475897745907,85036.48339092649,51404.56871654961,34231.142387187414,35996.940845755,4196.265495823639,18684.747502782866,3915.205476442979,38610.19030560973,59872.78149100604
9.277052476255388,80.17636179853642,307.5470467677273,133241.63162405416,80367.19828509504,53604.987772706554,56342.26757113254,6555.46924052822,29359.53072347508,6118.3532535321565,59872.78149100604,94585.18597555064
