v,mu,sd,comat,,,,,,,,
7.988407924680316,22.15463517167233,30.872162186442253,953.0903980659947,7564.123796051962,4294.265829497725,709.4256663193954,3371.379387726973,1921.1341690600566,3989.296387651713,7694.422876586757,10895.82430526692
8.37993452186142,66.15223398169287,245.86314031484977,7564.123796051963,60448.68376547951,34200.27067068515,5647.126810706576,26780.818877620393,15341.41057648867,31748.179486516423,61394.819131734075,86833.66350015718
6.496408705048509,56.715422316936134,139.4158641885246,4294.265829497725,34200.27067068515,19436.783187433142,3209.764070549714,15151.50518095447,8676.490335336899,18007.549711790176,34784.32593134388,49303.99997635507
8.653701339545172,13.141028378908674,23.0944733656356,709.4256663193955,5647.126810706576,3209.764070549714,533.3547000360521,2507.813526944023,1433.5365918314847,2997.5319337093247,5762.917641033292,8162.781572169526
7.893696955304845,98.02102384625586,109.54756184313872,3371.379387726973,26780.818877620393,15151.505180954471,2507.813526944023,12000.668305776302,6831.20151445116,14168.106152337195,27302.603345236275,38571.45642894827
9.045088348103455,51.26832540388761,62.570568421207675,1921.1341690600566,15341.41057648867,8676.490335336899,1433.5365918314844,6831.201514451159,3915.0760325530305,8084.134440804261,15621.764135212194,22087.81019578909
5.836242520744578,68.90712978646087,130.0968183783692,3989.2963876517133,31748.179486516423,18007.549711790176,2997.5319337093247,14168.106152337197,8084.134440804264,16925.182152174384,32484.50769734929,46012.55223010267
6.5607248428845,97.96201311309711,250.71362697247605,7694.422876586758,61394.81913173408,34784.32593134388,5762.917641033292,27302.603345236275,15621.764135212194,32484.507697349298,62857.32274969386,88572.90022328378
6.789657769842808,97.84435399499951,355.13424434434955,10895.824305266922,86833.66350015718,49303.999976355066,8162.781572169525,38571.45642894827,22087.81019578909,46012.552230102665,88572.90022328377,126120.33150603218
