v,mu,sd,comat,,,,,,,,
6.4302691083025785,78.29175094004181,189.49600801775154,35908.737054663754,85981.23490507614,35936.17742695379,22171.994105771162,5140.394648703724,4566.171273073707,16598.64743538687,78611.75579413043,51871.5348863893
9.790527832595,98.70311580075523,456.74562727126545,85981.23490507614,208616.56803142175,86582.44809976114,53591.62162342424,12386.222074254709,11027.386725511424,39930.1479227986,188886.2024770019,125045.96746372379
8.85156466109439,57.26852425476947,190.7466212028087,35936.17742695379,86582.44809976115,36384.27350028779,22301.996677505827,5182.096062024545,4591.275252365831,16635.787319135685,78736.25789947184,52361.35300821177
9.934350015462314,50.40619492010658,117.64792217915706,22171.994105771166,53591.62162342423,22301.996677505827,13841.033593072996,3203.177305750782,2835.0391094569377,10288.26011160309,48672.62553895992,32205.264964950387
6.040827309523606,12.54546433817244,27.29130136124077,5140.394648703724,12386.22207425471,5182.096062024545,3203.1773057507817,744.8151299900621,655.4098313819055,2392.5312005767382,11284.553888650324,7488.012846112709
5.684585244219141,10.832214587876116,24.175048232784647,4566.171273073709,11027.386725511424,4591.275252365832,2835.0391094569377,655.4098313819055,584.4329570574641,2112.3597257312604,10010.49793759585,6624.994902890119
9.541869011449501,20.71894867210206,88.16200952370318,16598.647435386873,39930.147922798606,16635.78731913569,10288.260111603091,2392.5312005767382,2112.3597257312604,7772.539923257529,36505.50896274704,24105.711984503727
5.343192589885602,89.7759782003698,415.8375557806964,78611.75579413043,188886.20247700188,78736.25789947184,48672.62553895992,11284.553888650322,10010.49793759585,36505.50896274702,172920.87279766376,114079.5895439647
5.3766636116982855,96.54234670179416,275.4662023550852,51871.5348863893,125045.96746372378,52361.35300821177,32205.26496495039,7488.012846112709,6624.994902890119,24105.711984503727,114079.58954396471,75881.62863993275
