v,mu,sd,comat,,,,,,,,
7.734445780726773,61.6224217402132,146.06591897255402,21335.252685296717,22263.93173471389,47751.66106590386,5042.578492786489,3997.5210192199875,14282.364260382436,13863.873363527327,6774.561581276219,29681.93118919844
8.989495106413026,36.13925370457967,152.82874000214946,22263.93173471389,23356.623770644594,49845.16315131639,5285.629169175602,4179.993228451068,14969.342247906943,14495.3152410252,7083.15484898557,31031.881715163134
9.102009399491907,91.01577495694627,327.489817914012,47751.66106590386,49845.16315131639,107249.58083735273,11285.422710032972,8960.404985207553,32096.066541561493,31013.133560315055,15173.170396510033,66516.04123675943
5.610249334151006,30.649506428574362,34.6816982819769,5042.578492786489,5285.629169175602,11285.422710032972,1202.8201957220795,951.3094970744762,3383.899505644751,3289.8538301943327,1607.36046110266,7062.163803813424
8.01001003395719,9.666645865321309,27.553659184256304,3997.5210192199866,4179.993228451067,8960.404985207555,951.3094970744762,759.2041344421518,2690.9399388900756,2624.7889549838005,1274.6137683282125,5613.660578115351
7.627572916822919,21.001630218611048,98.5551252741426,14282.36426038244,14969.342247906945,32096.0665415615,3383.899505644751,2690.9399388900756,9713.112717801941,9325.787185955862,4537.803672486783,19972.508927860177
7.319542029050342,58.45717630035255,95.67214680231329,13863.873363527326,14495.315241025199,31013.133560315055,3289.8538301943336,2624.7889549838005,9325.787185955862,9153.159673763386,4411.129110725725,19466.20615977069
7.35722872212258,39.12608515188657,46.44219753015107,6774.56158127622,7083.15484898557,15173.170396510035,1607.3604611026603,1274.6137683282125,4537.803672486784,4411.129110725725,2156.8777114295704,9449.441259717894
8.163564214386657,42.88245260829377,204.31057895395375,29681.931189198443,31031.881715163137,66516.04123675943,7062.163803813424,5613.660578115351,19972.50892786018,19466.206159770692,9449.441259717894,41742.81267249978
