v,mu,sd,comat,,,,,,,,
6.504366650233093,66.44835433217327,241.7064522638343,58422.009065969214,23897.70158337425,8976.587667722728,13378.098264830936,21566.28628440041,41907.798531142624,16898.508595060564,39588.09540711684,49924.59950029156
5.93472908170939,56.786993681486216,99.91583512109993,23897.701583374255,9983.174107946828,3697.385676706387,5467.989505693572,8852.197852415533,17182.83795570344,6952.223658561964,16285.12495513879,20647.009643944148
6.615913384841097,20.26017953877696,37.37589176103783,8976.587667722726,3697.3856767063867,1396.9572849328154,2062.2716485096935,3319.6035006165644,6458.587444718778,2603.4943730272817,6119.000039027043,7728.330255808534
8.328747851441545,49.38260328931382,55.46033441296722,13378.098264830935,5467.989505693571,2062.271648509694,3075.848693198156,4961.6508778892785,9595.587236627627,3882.710996339432,9088.33411416745,11437.187494855742
7.834854004846067,35.93066594224315,89.62939204740927,21566.286284400405,8852.197852415533,3319.603500616565,4961.650877889278,8033.427918788192,15452.974758540111,6269.8815392269125,14652.918767172854,18439.70648068858
6.991269794493824,91.52664582769962,173.6636100803439,41907.798531142624,17182.83795570344,6458.587444718779,9595.587236627629,15452.974758540113,30159.049466137712,12137.720073610693,28455.337981905865,35896.260006622164
6.897074577622983,19.262336764926076,70.23543050312091,16898.50859506056,6952.223658561963,2603.4943730272817,3882.7109963394314,6269.8815392269125,12137.720073610692,4933.015697958728,11489.962682064535,14481.649737985144
5.052907679393215,84.16266670117012,164.27637285672483,39588.09540711683,16285.124955138788,6119.0000390270425,9088.334114167452,14652.918767172856,28455.337981905865,11489.962682064534,26986.72667896168,34059.398032347555
5.851828004968561,50.83449231480277,207.78893010954317,49924.599500291566,20647.009643944148,7728.330255808537,11437.187494855743,18439.706480688583,35896.260006622164,14481.649737985146,34059.39803234756,43176.239476068615
