v,mu,sd,comat,,,,,,,,
9.800086516679592,17.931661599607715,73.10111643355916,5343.7732238327735,11228.078530104058,24620.90557867713,9674.889792583612,4216.575053293065,2477.1996423000596,11031.465759484008,4085.0817333239065,9989.235870642338
8.497560249747881,50.08550399562332,154.0856827456199,11228.078530104056,23742.39762718382,51886.14591257302,20464.995445862925,8909.422254078778,5209.906857372127,23289.073016670118,8586.414036680848,21019.012441534825
9.999336463119395,94.69833935093496,338.4614717628403,24620.90557867713,51886.145912573025,114556.16786786793,44771.17021128725,19503.229842434175,11414.044859570693,50977.15694515653,18833.781520574394,46159.05824100677
6.100336498914259,46.633785410007,133.14649113914777,9674.88979258361,20464.99544586292,44771.17021128725,17727.988102667157,7670.185814371486,4496.176576064353,20047.463499411577,7378.860870750937,18092.840218409197
6.80528176982029,28.63898811374895,58.05230223994076,4216.575053293065,8909.42225407878,19503.22984243418,7670.185814371487,3370.0697953574295,1950.5792786409493,8810.883188771226,3232.8325761676947,7913.909038098998
8.699204951047186,7.1844361477450125,33.97965539381907,2477.1996423000596,5209.906857372127,11414.044859570693,4496.176576064353,1950.5792786409488,1154.6169806826977,5103.330946004837,1893.5080518163704,4617.66812591579
9.982278625445485,42.26460560178372,151.86304617759296,11031.465759484006,23289.073016670118,50977.15694515653,20047.463499411577,8810.883188771226,5103.330946004837,23062.384794337733,8465.934710638,20704.09038223719
6.581734888953042,38.8902549471836,56.07047592100595,4085.0817333239065,8586.414036680848,18833.781520574397,7378.860870750936,3232.8325761676947,1893.5080518163704,8465.934710638001,3143.8982700081083,7659.548703414968
5.682722899117623,47.61302906096422,136.9205660723303,9989.23587064234,21019.01244153483,46159.05824100678,18092.8402184092,7913.909038098998,4617.66812591579,20704.0903822372,7659.548703414968,18747.24141356737
