v,mu,sd,comat,,,,,,,,
6.539674763124854,84.21640981836185,271.35608072914033,73634.12254867972,3642.0990659729887,44243.534177173664,11839.592060767582,12575.251876070584,34113.35071479186,54971.44065526345,100677.9431700076,108278.92723890435
7.596957396526504,5.479208991275731,13.471889275865333,3642.0990659729882,181.49180066117538,2206.3298672047536,587.8483083364479,625.6134160655898,1699.4830820487011,2724.6113675646043,5000.678510518397,5386.492163421925
8.841488307689866,78.09908098916081,164.20407147134193,44243.534177173664,2206.329867204754,26962.977087765576,7153.1679506938735,7608.6659035472685,20696.685310936416,33164.36685479336,60830.386586827575,65351.10291107123
8.946103680854298,32.78543315108351,43.96896513735216,11839.592060767582,587.848308336448,7153.167950693875,1933.26989524969,2048.978954147295,5526.133012248148,8833.262209606099,16316.22540293661,17359.350491211844
9.352810312379116,22.82768297096683,46.80047306015589,12575.251876070584,625.6134160655898,7608.6659035472685,2048.978954147295,2190.284278654377,5891.555877981766,9448.651763747313,17436.97878048177,18573.33746325436
5.939606958110344,66.27941755441873,126.49195359766907,34113.35071479186,1699.4830820487011,20696.68531093642,5526.133012248147,5891.555877981764,16000.214324954866,25542.123635588698,46919.30638543745,50484.61631733446
6.347526228084591,53.82546666307662,203.4823951491605,54971.44065526344,2724.611367564604,33164.366854793356,8833.262209606097,9448.651763747315,25542.123635588698,41405.08513563911,75623.93907816196,81205.46014310251
7.4809607049393065,88.37986185590206,373.67682495968813,100677.94317000761,5000.678510518398,60830.38658682758,16316.22540293661,17436.978780481775,46919.306385437456,75623.93907816194,139634.36951195338,148623.18283358435
8.695608735568554,90.55239725088657,401.0897477172614,108278.92723890435,5386.492163421926,65351.10291107125,17359.350491211844,18573.33746325436,50484.616317334476,81205.46014310251,148623.18283358437,160872.98572389642
