v,mu,sd,comat,,,,,,,,
6.554148998781777,37.62957379251455,151.6520202117327,22998.33523429978,8594.58323233764,11222.100177208658,38178.09400812174,1009.2500524850445,32381.311956873342,13984.732226031016,19184.135098701627,5165.900656734962
9.09493610359425,23.53386350004254,56.91141637015619,8594.58323233764,3238.909313257282,4215.335855874677,14295.236431517666,377.47054319620577,12082.210589845192,5212.706402951948,7190.977816629478,1933.0611955366087
6.6737631228576255,15.12214590396653,74.50879980710141,11222.100177208657,4215.335855874676,5551.561248694714,18730.988997444747,492.7638323344096,15740.774346133498,6823.363719589638,9359.441220821102,2528.956359758381
5.968567593367713,70.12549464089165,252.97854072159387,38178.094008121734,14295.236431517666,18730.988997444747,63998.142065627115,1671.6135680980813,53738.60516805476,23256.511143020904,31844.68306852635,8609.842292621894
5.551566625263002,6.519821524603471,6.677430288108948,1009.2500524850444,377.47054319620577,492.76383233440947,1671.6135680980815,44.588075252554745,1424.1214300741246,613.9829710841284,846.1029475485526,227.44784528419706
9.811550437231105,48.22116959311717,214.04464081207612,32381.31195687334,12082.210589845194,15740.7743461335,53738.60516805476,1424.1214300741246,45815.108260370675,19660.244811217886,27078.297546427173,7296.013507440211
9.325236258690676,71.75072535027176,92.57311475064589,13984.732226031017,5212.706402951948,6823.363719589639,23256.511143020904,613.9829710841283,19660.244811217886,8569.781574636252,11676.402510031336,3143.9537106416146
9.262059869546114,33.14198152830494,126.89723688187794,19184.135098701623,7190.977816629478,9359.441220821103,31844.683068526345,846.1029475485525,27078.297546427173,11676.402510031336,16102.908728255443,4326.325925325925
5.397555160510296,11.450039377961918,34.236338139142504,5165.900656734961,1933.0611955366087,2528.956359758381,8609.842292621894,227.4478452841971,7296.013507440209,3143.9537106416146,4326.325925325926,1172.1268491777034
