v,mu,sd,comat,,,,,,,,
5.739603121740424,72.59704262156767,136.73066758299612,18695.27545769179,24623.84613731633,3397.0460680230112,34032.56278413828,7413.786541087954,6511.594794921357,16395.17819729849,1088.1351008519225,29274.75229898847
6.1414917849998325,89.05002526330719,180.7872939443061,24623.846137316334,32684.045651704946,4512.401029757488,45170.26610410133,9806.278235016302,8623.563458524413,21683.914776432568,1440.0749789610245,38834.90109297253
9.037466810251882,17.77126096212,25.070891087395186,3397.0460680230112,4512.401029757488,628.5495799160315,6269.443745403634,1358.6346352436244,1187.0948973290251,3005.103454350897,199.59027347747937,5360.0375550070585
6.492372877700416,61.54494065588786,250.85676768038644,34032.56278413828,45170.26610410133,6269.443745403635,62929.1178910514,13574.559490271162,11857.521813443558,29998.678933090025,1993.993488268645,53822.07242799473
5.928533710503084,33.97482399652523,54.49611465234149,7413.786541087953,9806.278235016302,1358.6346352436244,13574.55949027116,2969.8265122011485,2586.3575920574203,6546.638152727316,434.887490746087,11652.872560400356
8.86068653662216,18.731587431365675,47.85768553720395,6511.594794921358,8623.563458524415,1187.0948973290253,11857.521813443558,2586.35759205742,2290.3580649778996,5716.957001028762,379.7214393862593,10222.469429600866
7.027197614142868,34.64847274753672,120.36571068966464,16395.17819729849,21683.914776432564,3005.1034543508968,29998.678933090025,6546.638152727315,5716.957001028762,14487.904309828047,961.675794104998,25688.754825697422
9.979522690016301,6.024985563959653,8.014768677120639,1088.1351008519223,1440.0749789610245,199.59027347747937,1993.9934882686446,434.887490746087,379.72143938625925,961.675794104998,64.23651694775411,1707.3996076687986
7.429127426767161,66.33532362251123,215.6395774444405,29274.752298988475,38834.901092972534,5360.037555007059,53822.072427994724,11652.872560400356,10222.469429600866,25688.754825697426,1707.3996076687988,46500.42736041685
