v,mu,sd,comat,,,,,,,,
7.128607052594479,74.13084703872293,353.6776199909005,125087.85888242781,70758.12746598899,81635.81650718559,71157.53347156498,10902.864109996075,65641.21361191469,41745.99483139821,85934.03875235013,123986.15218576057
9.072918702472762,42.22742752925961,200.87423489418967,70758.12746598899,40350.458244326095,46357.01879933186,40387.74354385399,6191.50216747007,37279.704347685176,23763.58809689657,48961.96824157658,70324.86721601107
8.676986450998399,50.33138671222727,232.2746630615843,81635.81650718559,46357.01879933186,53951.51910037253,46732.46336614456,7157.456589499968,42797.01023525311,27446.936243705873,56391.22714335198,81324.0051355984
9.340015999398679,77.54754136264182,201.92475995515167,71157.53347156498,40387.74354385399,46732.46336614457,40773.60868294563,6239.913352120746,37332.66254837086,23938.946617863447,49316.93439079178,71078.73419874147
6.916903864363101,11.835568016474738,30.942021578115284,10902.864109996075,6191.50216747007,7157.456589499968,6239.913352120746,957.4086993405518,5707.88114755367,3661.0035388925235,7557.846338930616,10851.054960254925
9.897283160722603,58.035988538685906,186.89057284605894,65641.21361191467,37279.70434768516,42797.0102352531,37332.66254837086,5707.88114755367,34928.086218728065,22120.260495881037,45345.51421048654,65165.01649919936
9.465971733575676,24.962108816668476,119.09438269225512,41745.99483139821,23763.588096896572,27446.936243705877,23938.94661786345,3661.0035388925235,22120.26049588104,14183.47198884932,29101.14049613397,41748.4554075616
6.048575848771877,64.06502898845443,245.2528761906558,85934.03875235013,48961.96824157657,56391.227143351985,49316.93439079178,7557.846338930614,45345.51421048654,29101.14049613397,60148.97327978914,85768.15548888965
8.709138237063705,73.63012052166519,352.5691135056435,123986.15218576057,70324.86721601109,81324.0051355984,71078.73419874148,10851.054960254924,65165.01649919936,41748.45540756161,85768.15548888965,124304.97979815534
