v,mu,sd,comat,,,,,,,,
5.7714378906563795,57.084760817841946,57.20197933700029,3272.0664400706073,10570.5926198516,3523.2470306472287,3422.5548847846117,11784.855550620006,1586.7841778099946,9232.639561384636,9786.907508338847,12655.54678792789
5.66849780350033,58.09941060702606,186.84983047482012,10570.592619851603,34912.85914846902,11508.821659025718,11264.657479932908,38558.1611138338,5186.070453485605,29927.427657106764,31690.682032772598,41366.11429032605
6.813427330884438,33.41038949305681,62.28422652853465,3523.2470306472287,11508.821659025716,3879.32487425782,3765.395494409754,12865.160978417493,1719.9908980418156,9958.646233331456,10626.813664488125,13759.830781041932
8.395544377228157,16.93347049189888,60.760876522112916,3422.5548847846126,11264.657479932908,3765.3954944097545,3691.8841157354527,12542.332261866537,1678.4464118391866,9718.094098478998,10304.50245809152,13402.534682275356
5.972250286669338,49.55733101281254,207.7361758438541,11784.855550620006,38558.1611138338,12865.160978417493,12542.332261866537,43154.31875422868,5742.316101184456,33323.74998938563,35454.352064303035,45913.12402507093
6.256051917434968,6.2268576535104145,27.878200637196528,1586.7841778099944,5186.070453485604,1719.9908980418156,1678.4464118391866,5742.316101184457,777.1940707677849,4495.592962368585,4747.848504201746,6198.477339702356
8.792081957678032,40.325746308381014,161.71326772840817,9232.639561384636,29927.42765710676,9958.646233331456,9718.094098478998,33323.74998938564,4495.592962368585,26151.180959399822,27603.640941398255,35859.273162040794
7.788092947811764,87.40589457932388,171.46020590080468,9786.907508338847,31690.68203277259,10626.813664488125,10304.50245809152,35454.35206430304,4747.848504201746,27603.64094139825,29398.60220754634,37931.107227971435
7.57401458947168,52.032387180852425,222.54071822471067,12655.546787927891,41366.11429032604,13759.830781041932,13402.534682275356,45913.12402507093,6198.477339702356,35859.273162040794,37931.107227971435,49524.37126797008
