v,mu,sd,comat,,,,,,,,
5.575272831948895,63.60901270298504,89.90561741232074,8083.02004229059,5386.406988642839,12305.949191255855,31093.683365773184,13086.868898286335,26123.969664037857,35576.42277400921,19134.444697802377,15083.71101098688
8.045332696397407,51.56041780156094,60.78032847018586,5386.406988642841,3694.248328943685,8412.094918101928,20988.35889058067,8854.601800475106,17669.616259085116,24167.28903566233,13001.99125993981,10163.28448668352
5.666954820929941,34.60460958436932,138.70076853896072,12305.949191255857,8412.094918101926,19237.903193298353,48045.397300065524,20212.539919012717,40345.601415326746,55310.17092776716,29764.583460378533,23224.398197884493
6.2029480998267434,72.97241322016615,347.80235459909795,31093.68336577319,20988.358890580665,48045.39730006553,120966.47786467665,50718.2507313999,101359.78880763326,138490.13896047793,74464.60557147358,58218.976237122784
6.635695279055699,78.8050598373331,146.64944384639531,13086.868898286337,8854.601800475104,20212.539919012717,50718.2507313999,21506.05938045705,42624.26377238345,58373.42861344343,31454.205518610903,24649.33905462474
9.295687454742989,90.9722621601588,291.9351372144704,26123.96966403786,17669.616259085113,40345.601415326746,101359.78880763327,42624.26377238344,85226.12434043165,116300.73583700015,62607.30041708617,49047.194227919186
8.330451065490129,85.26529931980134,399.8906671329106,35576.42277400922,24167.28903566233,55310.170927767176,138490.13896047793,58373.42861344344,116300.73583700017,159912.54566000437,85805.73839512674,67198.99372700934
7.705811061417019,83.75132149921848,215.80973454511172,19134.444697802377,13001.991259939809,29764.58346037853,74464.60557147358,31454.205518610906,62607.300417086175,85805.73839512674,46573.84152443159,36273.377977279706
5.145069122121802,61.827872975302036,168.83908057496365,15083.711010986885,10163.28448668352,23224.398197884493,58218.976237122784,24649.33905462474,49047.194227919186,67198.99372700932,36273.37797727971,28506.63512939907
