v,mu,sd,comat,,,,,,,,
5.765270993830734,98.35172540146114,455.3543796040985,207347.61102463343,109616.60374994276,38193.75611780793,58290.917752248315,104121.60277440002,75158.79938846991,91702.12333912333,13274.432516768698,72485.62171274761
5.788428305047036,63.106840504068735,241.63369749303394,109616.60374994275,58386.84376415502,20291.86361636226,31040.35690650382,55507.76007064885,40087.12860106109,48688.029026845994,7053.398187958601,38639.83471003324
9.927455570915763,31.966683251402877,84.21458533211117,38193.75611780793,20291.863616362265,7092.096382659433,10829.963930498243,19276.958649753153,14001.395076309018,16942.961991912394,2453.9659705145095,13436.201477576851
9.522488654026468,41.460620930145296,128.8824582767955,58290.917752248315,31040.35690650382,10829.963930498243,16610.688051469933,29598.95700803805,21423.300256220635,25921.597912973968,3757.4961772926076,20603.948185130477
5.930391313335205,73.43197770140537,230.56016542223952,104121.60277440002,55507.760070648845,19276.95864975315,29598.957008038047,53157.989879530454,38102.68013802651,46372.708565023844,6718.581769314271,36905.60009340681
6.338547572065808,95.16249377133842,166.63013584979973,75158.79938846992,40087.12860106109,14001.395076309022,21423.300256220635,38102.68013802652,27765.602173322717,33446.51094412638,4850.698335364076,26514.8506308125
6.670255787441896,74.62907320558992,201.993354009714,91702.12333912331,48688.02902684599,16942.961991912394,25921.597912973964,46372.708565023844,33446.51094412638,40801.315064093644,5895.477237830491,32218.352670660744
8.222959354662622,13.907808904967924,29.296180430751903,13274.432516768702,7053.398187958602,2453.9659705145095,3757.496177292607,6718.581769314271,4850.698335364075,5895.47723783049,858.2661878311709,4661.876487287899
6.257036203789532,50.337094963908754,160.80584361869631,72485.62171274761,38639.83471003324,13436.201477576851,20603.94818513047,36905.60009340681,26514.850630812496,32218.352670660744,4661.876487287899,25858.519341920615
