v,mu,sd,comat,,,,,,,,
7.08511002351287,63.628766793968765,146.76481591115095,21539.91118943402,36562.92113945103,26234.02778842513,9929.393823068083,51072.82654840238,24682.622959611395,12387.961686146578,13096.773971319863,45020.149222429296
8.60162246721079,55.07051971447288,250.22768709837487,36562.92113945102,62613.89539060219,44677.29204813273,16906.1795484039,87535.14793765977,42043.421714018514,21192.679309612948,22363.88515711984,76500.28892752125
5.000571874086725,38.94062720023748,180.45634164135507,26234.02778842513,44677.29204813273,32564.491238581453,12226.350916665531,62861.11894496,30233.965531846527,15270.698337358295,16156.489461338575,55260.87706999142
6.511662863159199,64.21921100022126,68.28332193081621,9929.393823068083,16906.179548403896,12226.350916665528,4662.612053907486,23741.67949096483,11388.848212604815,5793.173872302451,6127.181775573264,21001.133193475136
5.733779454085565,93.29653720565733,351.129697087224,51072.82654840238,87535.14793765977,62861.11894495999,23741.679490964834,123292.06417656569,58893.7869457185,29768.525957471044,31430.81208722456,106975.70342745917
5.461692973843989,99.74567079289065,168.50654923166093,24682.6229596114,42043.421714018514,30233.965531846527,11388.848212604813,58893.78694571851,28394.457133962173,14241.615221374912,15065.71463213274,51564.77938300878
5.931301056888355,18.027896214743386,85.27883308664153,12387.96168614658,21192.679309612948,15270.698337358292,5793.173872302451,29768.525957471047,14241.615221374916,7272.479372619265,7662.734569570297,26147.54482008961
6.727803635215238,71.19772534154052,89.99397402137907,13096.773971319863,22363.885157119843,16156.489461338575,6127.1817755732645,31430.812087224567,15065.714632132738,7662.734569570298,8098.915360160651,27633.6906586766
6.983837371153349,76.7689899972343,308.26624428177246,45020.149222429296,76500.28892752124,55260.87706999141,21001.133193475132,106975.70342745917,51564.77938300877,26147.544820089613,27633.6906586766,95028.07736358941
