v,mu,sd,comat,,,,,,,,
5.770814211898362,66.07798410140533,167.89543008577823,28188.875443688452,35504.008495655544,23264.145737730523,8174.731350135439,27182.31730367736,10471.688386067532,32684.855056024528,10788.71862610994,33865.27939333178
8.700248482577024,61.5954799572561,212.08729493754595,35504.008495655544,44981.02067392562,29317.621810789948,10339.898714077855,34402.31742343043,13245.52357004311,41349.77048042947,13627.938715448323,42766.228877075715
6.316575075925673,61.963822897747086,139.3650639945305,23264.145737730527,29317.62181078995,19422.621062199578,6777.831912751538,22571.494678018225,8725.093367026951,27296.784282867968,8990.996811362587,27971.14315354857
7.668696966901489,11.637999102493364,48.91377629903744,8174.731350135439,10339.898714077855,6777.831912751538,2392.5575118322763,7953.248155987316,3058.5958045024236,9548.727350677063,3148.5025927547335,9891.35803192959
5.072874812427099,91.58623476266531,162.90429987396365,27182.317303677355,34402.31742343043,22571.494678018225,7953.248155987316,26537.81091742628,10182.966980030757,31791.78189138033,10488.106542125894,32918.02591341003
9.593735040499425,25.00772569102397,62.7634678905459,10471.688386067532,13245.52357004311,8725.093367026953,3058.595804502424,10182.966980030758,3939.252901647586,12278.153484260703,4049.4163091759237,12618.284100174871
9.503574270585062,43.27048496640398,196.47875744460552,32684.855056024528,41349.77048042946,27296.784282867968,9548.727350677065,31791.78189138033,12278.153484260703,38603.902126976136,12656.686882704544,39357.06251260739
5.167107138131723,24.204662620156892,64.77311274850659,10788.71862610994,13627.938715448321,8990.996811362586,3148.5025927547326,10488.106542125895,4049.4163091759237,12656.686882704542,4195.556135130747,13035.524456884626
9.784746681375584,66.55612146722983,202.76800352309016,33865.27939333177,42766.22887707572,27971.143153548568,9891.35803192959,32918.02591341003,12618.284100174871,39357.06251260739,13035.524456884628,41114.8632527399
