v,mu,sd,comat,,,,,,,,
9.59554515899591,94.1648874291443,305.68412204650883,93442.78247134491,61178.038493299566,43894.66725641023,20548.54328172559,9182.310105501492,85156.18356757738,40265.84135708909,22665.75370904951,8499.23443389016
8.210977999619278,89.62900516897886,201.65747716361608,61178.038493299566,40665.73809599434,29088.00898546509,13565.518085167105,6068.007576021244,56230.993800098644,26494.904811197357,14939.363692100958,5586.220968416946
8.768561148645883,78.25008593245482,145.12283164014204,43894.66725641023,29088.00898546509,21060.636263253014,9831.673478302242,4369.856826677718,40241.01703671781,19098.337099012108,10777.427057191542,4023.802280001588
5.696572840513675,32.392717649708665,67.82293868175171,20548.54328172559,13565.518085167103,9831.673478302242,4599.951011428652,2042.8023373769709,18769.026895719562,8933.890845653512,5044.375313968281,1881.1173939341963
5.4365977399480006,28.607567661302923,30.263893013349694,9182.31010550149,6068.007576021244,4369.856826677718,2042.8023373769709,915.9032203234765,8398.311475989874,3988.9888640440095,2255.468486516099,839.3732311054052
8.940010290182459,62.865732753659984,279.58800630139086,85156.18356757738,56230.993800098644,40241.01703671781,18769.026895719566,8398.311475989874,78169.45326758659,36733.75034026167,20704.060098347112,7766.526469216833
6.630754685172445,29.618356943033106,132.31880019846096,40265.84135708908,26494.904811197353,19098.3370990121,8933.89084565351,3988.9888640440086,36733.75034026167,17508.264885960227,9804.290549645955,3670.236799644814
7.705339107379839,45.52033614811955,74.72452702965603,22665.753709049506,14939.363692100962,10777.42705719154,5044.375313968282,2255.468486516099,20704.060098347112,9804.290549645952,5583.7549398057945,2072.71269905716
6.20117587934003,10.370504996389585,27.909401443553428,8499.23443389016,5586.220968416946,4023.8022800015874,1881.1173939341963,839.373231105405,7766.526469216832,3670.2367996448133,2072.71269905716,778.9346889374222
