v,mu,sd,comat,,,,,,,,
6.005017980589869,32.89890416324527,143.68658351638416,20645.834282610842,58465.65798685617,15754.279718999405,17103.27744710437,8236.992888892726,16496.70593887166,14499.470778950314,8754.556235800828,35242.895358340706
6.64510233246091,83.91919522301038,408.69867799643606,58465.657986856175,167034.6093960346,44914.72056305437,48638.534800288624,23403.343835140702,47057.86882454672,41154.676417484494,24910.309429219153,99902.317521618
6.48249844350536,26.854716097526147,110.62890524902392,15754.279718999407,44914.720563054354,12238.75467659751,13137.30111160769,6359.676012963298,12708.942952173591,11115.382927850407,6738.66872874638,27152.054574358113
5.466668342403839,48.1038867239259,119.52923242845227,17103.27744710437,48638.534800288624,13137.301111607689,14287.237404934966,6842.753526854053,13746.08062295075,12050.440688040328,7294.0145372930665,29332.375188182068
6.665394062488417,56.137412671827505,57.63552428364407,8236.992888892726,23403.343835140702,6359.676012963298,6842.753526854055,3321.8536594505244,6634.442843078025,5804.75248949585,3511.3310079501216,14209.80773919845
8.626113703059772,26.120325641392775,115.60933332270247,16496.70593887166,47057.86882454672,12708.942952173593,13746.080622950753,6634.442843078025,13365.517951319727,11623.078933216237,7027.297788891172,28407.264124153724
8.261813719600934,54.67589328465823,101.14324801806879,14499.470778950315,41154.676417484494,11115.382927850409,12050.440688040328,5804.75248949585,11623.078933216235,10229.956619644576,6162.5885349912705,24808.121976085942
7.524250475684351,21.616564723733198,61.257358506777564,8754.556235800828,24910.309429219156,6738.668728746381,7294.014537293067,3511.331007950122,7027.297788891173,6162.5885349912705,3752.463971227873,15043.536157925811
9.73665342802364,59.91773003449639,247.3830801552171,35242.89535834071,99902.317521618,27152.054574358117,29332.37518818207,14209.80773919845,28407.264124153728,24808.121976085942,15043.536157925811,61198.38834708258
