v,mu,sd,comat,,,,,,,,
8.8885120528691,56.94383830774275,215.64058572121013,46500.86221018658,43600.21049067435,25583.2891334166,21181.533763962187,7636.485026715168,9750.803298344441,7046.944420998411,11940.065336658685,3531.221840471928
6.1877061001745615,96.49431738177822,203.68851511640486,43600.210490674355,41489.011190325895,24124.269772441377,20017.413955758104,7217.668494547211,9220.548848178827,6723.928536960659,11303.234542354821,3336.8615472280567
9.121392663306843,27.194513875556854,119.18507555437195,25583.2891334166,24124.269772441377,14205.082234901352,11738.736848828918,4223.873559927382,5419.809363770072,3909.4414842615624,6613.09962442968,1949.306439055054
9.828745990214998,26.300184709354205,98.77363641267911,21181.533763962187,20017.4139557581,11738.736848828918,9756.231250184128,3497.939497485572,4489.777052920264,3246.2285770324534,5480.267009771771,1615.6667386059755
9.863005569524468,19.58199051294541,35.52941759555317,7636.485026715166,7217.668494547209,4223.873559927381,3497.9394974855722,1262.339514679203,1609.0045739058685,1168.7319752950475,1968.391856666008,581.6704952697203
7.267246237086561,11.421894892339811,45.66408223862176,9750.803298344441,9220.548848178825,5419.809363770072,4489.777052920264,1609.0045739058687,2085.2084066956113,1496.926605959859,2531.98209593101,748.7627484580606
8.04521231380639,22.107542564711466,33.09593832859733,7046.944420998411,6723.928536960658,3909.441484261562,3246.228577032454,1168.7319752950477,1496.9266059598592,1095.3411338503176,1832.5140502444349,544.0448338003979
8.877632573024233,26.356691021335656,55.81920745524431,11940.065336658685,11303.23454235482,6613.099624429679,5480.267009771772,1968.3918566660077,2531.9820959310096,1832.5140502444349,3115.7839209316016,914.6181287996309
8.208066723795346,8.21306444915997,16.570652059394344,3531.221840471928,3336.8615472280558,1949.306439055054,1615.6667386059753,581.6704952697204,748.7627484580609,544.0448338003979,914.6181287996307,274.58650967351
