v,mu,sd,comat,,,,,,,,
7.753989512872877,23.656154786513003,41.83092268126532,1749.826092365997,12739.25577785444,17862.906443330274,3208.3020039385237,10117.429209563072,9752.22388512794,3754.264101338827,1177.5383011889635,13316.373815472398
8.540739113090524,73.93861427361799,306.0871428504167,12739.25577785444,93689.33901833137,130354.57310961261,23363.097905464194,74010.19632343513,71204.78621489686,27433.680017799026,8597.443046383649,97615.60398283179
6.454523694564722,97.34934454995775,428.71538326891346,17862.906443330277,130354.57310961261,183796.8798514114,32955.22833547219,103656.79360389199,100372.01081637008,38666.851118682374,12070.461646124546,136824.9571490274
7.5541380259883155,56.64146102660316,76.9850051731451,3208.302003938524,23363.097905464198,32955.22833547218,5926.691021509175,18597.51176782788,17971.97285972737,6939.9124621884375,2163.031429225319,24512.807628395127
9.464734771738273,51.442958238530714,242.3861213411433,10117.429209563074,74010.19632343513,103656.793603892,18597.511767827877,58751.03181880346,56668.258169454275,21801.18471435897,6839.316322559693,77396.45811909637
9.48146544466719,79.82372895283025,234.71184902132825,9752.223885127942,71204.78621489686,100372.01081637008,17971.97285972737,56668.25816945428,55089.652071010794,21096.75796134761,6614.499421032603,74762.56130409976
5.627926552319181,48.251539340684204,90.324134861137,3754.2641013388275,27433.680017799026,38666.85111868237,6939.912462188436,21801.184714358966,21096.757961347605,8158.449338412864,2538.877983141211,28793.597609403703
6.036214390690934,21.83527117617324,28.265642305731447,1177.5383011889635,8597.443046383649,12070.461646124546,2163.0314292253183,6839.316322559693,6614.499421032601,2538.877983141211,798.9465349555552,9008.695429828196
5.25733601650415,89.77735282077379,319.6708008325984,13316.373815472398,97615.6039828318,136824.9571490274,24512.807628395123,77396.45811909637,74762.56130409976,28793.597609403707,9008.695429828194,102189.42090495481
