v,mu,sd,comat,,,,,,,,
7.581993138512231,69.1514908183078,261.272218973239,68263.17240720012,25882.566924901166,35259.420376007765,13317.485308129559,21524.18127698001,39383.71271924666,90509.79126520087,51866.02166237852,38036.68479401338
7.853337934340699,37.53339294689005,99.4470612425068,25882.56692490117,9889.717989770897,13421.708331967637,5101.001060412528,8151.045100015896,14951.281593328433,34486.73497640295,19753.54010308479,14472.849851371877
5.142371132390485,27.780141726307143,135.43774463887326,35259.42037600777,13421.708331967635,18343.38267286464,6926.753136777574,11096.192466368488,20379.191172587434,46840.782788920034,26884.894480302853,19666.41602472809
5.857608281125516,32.41291572341378,51.51211127274363,13317.48530812956,5101.001060412528,6926.753136777574,2653.497607775522,4203.301971181441,7715.256797349564,17909.38334239923,10245.729127375109,7506.226499466686
8.426384908486563,17.287341786059493,82.56822022413934,21524.18127698001,8151.0451000158955,11096.192466368486,4203.301971181441,6817.510990981971,12451.674557730888,28671.54114898262,16369.550715876887,12029.295039521036
9.169484313180384,38.386255128756204,151.02190934179868,39383.71271924666,14951.281593328435,20379.19117258743,7715.256797349565,12451.67455773089,22807.617101242453,52491.91327749978,29993.06047138144,22023.866444382118
6.534831098361189,91.81950504267894,349.27680408206004,90509.79126520087,34486.73497640295,46840.78278892002,17909.383342399226,28671.541148982615,52491.91327749977,121994.28586977776,69426.37736261913,50877.81015331817
9.468065398416986,41.910470844537166,199.87259265916197,51866.02166237853,19753.540103084786,26884.89448030286,10245.729127375109,16369.550715876887,29993.06047138144,69426.37736261914,39949.053296295286,29092.285553373724
8.607719308841524,74.96667647044656,146.4742069684625,38036.68479401339,14472.849851371875,19666.416024728092,7506.226499466685,12029.29503952104,22023.866444382114,50877.81015331817,29092.285553373724,21454.693307039986
