v,mu,sd,comat,,,,,,,,
9.184720621322619,41.095697424241145,78.68795177600228,6191.793754702459,27232.85665947874,6181.098783691045,27950.084796843596,6093.481797983841,14260.6636552511,10517.315338354572,21299.40092517317,10984.92417424278
9.851179259701649,98.81053584483954,347.417265570568,27232.85665947874,120698.75641653058,27226.40112079948,122844.17485062996,26902.19870507511,62668.400409927264,46308.9581632402,93317.10060133948,48359.214432632245
7.235768926307557,34.76282939548169,79.07343178090248,6181.098783691046,27226.401120799484,6252.607613609039,27856.896187851726,6140.56406064778,14261.208056762835,10570.827660973733,21307.618837799182,11048.759325719386
6.422905045143158,74.81581031714704,357.00529408711105,27950.0847968436,122844.17485062995,27856.896187851722,127452.78000622465,27660.379305587398,64794.00988382067,47484.68852460417,96020.2146906675,49461.42952451471
8.85608294004877,70.63341739163253,78.05663852276804,6093.481797983841,26902.198705075105,6140.56406064778,27660.379305587398,6092.838817474078,14068.132501308848,10403.37734551772,20995.272190850512,10852.794324007646
6.494718161178888,87.66340528401086,182.0680336008112,14260.663655251103,62668.40040992726,14261.208056762835,64794.00988382067,14068.13250130885,33148.76885926612,24259.710514389775,48977.443877515434,25262.500597793485
9.881675374476423,44.48513514600445,134.1565106355215,10517.31533835457,46308.9581632402,10570.827660973731,47484.68852460418,10403.377345517722,24259.71051438977,17997.969345898793,36114.21480976456,18765.113081671654
9.64575987548868,99.84985629461534,271.54327146913647,21299.400925173173,93317.10060133948,21307.618837799182,96020.21469066752,20995.272190850515,48977.443877515434,36114.21480976457,73735.74828016116,37772.962664533035
6.023370328694622,61.30949794483702,140.29041675937054,10984.924174242784,48359.214432632245,11048.759325719386,49461.429524514715,10852.794324007646,25262.500597793485,18765.113081671654,37772.96266453303,19681.401034517876
