v,mu,sd,comat,,,,,,,,
6.2852121355257,15.167771012036853,40.680284700769214,1654.8855633356375,4466.087971377878,12806.283209136516,8136.135127012587,8560.144920835222,1178.6301061804165,10930.191823398789,2932.013500285128,6368.731842601667
8.418937915355363,46.284141577754056,109.99297092410397,4466.087971377878,12098.453652710781,34586.25269551184,21967.87685903269,23112.145168436822,3186.520488406801,29589.775792269622,7928.829596127894,17223.04491056183
8.318208787845577,74.2742235012673,317.0252656944656,12806.283209136514,34586.25269551184,100505.01908864648,63407.39800661241,66681.5802570417,9136.728613566918,84725.28170459824,22755.49239437718,49417.68957612173
8.885652172332,73.98787703606423,201.2603894305712,8136.135127012588,21967.87685903269,63407.39800661241,40505.744353745176,42229.89893361363,5801.783706346686,54021.91610347925,14513.130086209012,31524.513088562024
9.136833141677291,66.86146870333474,211.4605572791232,8560.144920835224,23112.145168436822,66681.5802570417,42229.898933613644,44715.567284797355,6107.07549220199,56653.88536434429,15329.58716931776,33085.35290690109
6.783420718674227,10.02412665551959,29.03841958015419,1178.6301061804165,3186.5204884068016,9136.728613566918,5801.783706346686,6107.075492201989,843.2298117130823,7789.496388170977,2093.442839284243,4543.138242972299
6.933680333740088,66.697602005346,270.3277773287758,10930.191823398789,29589.775792269622,84725.28170459821,54021.91610347923,56653.885364344285,7789.4963881709755,73077.10719551619,19508.360388177905,42342.070039893355
8.717045806498945,16.804069981494298,72.72610049716955,2932.0135002851275,7928.829596127892,22755.49239437718,14513.13008620901,15329.587169317758,2093.442839284243,19508.36038817791,5289.085693524404,11400.666100101498
6.412702575478894,45.03731486781717,157.34572488112792,6368.731842601666,17223.04491056183,49417.68957612173,31524.51308856202,33085.35290690109,4543.138242972299,42342.070039893355,11400.666100101498,24757.677138367602
