v,mu,sd,comat,,,,,,,,
7.7697051125029315,45.55361888833916,68.9083875615278,4748.365876329719,4980.377498446248,4844.478263525196,19744.58066874367,6709.845618077356,23418.77586554966,8385.845170592147,4443.5622502823535,18577.778437942714
6.981239468526834,27.66956732164067,72.59389148438032,4980.377498446249,5269.873080845985,5093.720842632377,20877.011680361942,7092.925246734124,24702.0957335941,8846.680522326864,4684.638604321804,19614.10005759362
5.240633862900383,27.22199415468067,70.44401185916259,4844.478263525197,5093.720842632378,4962.358806813839,20215.61773463245,6907.188740969837,23964.339173304492,8577.967648322294,4542.685603819775,19019.4456505301
7.628362805464263,76.64145703718613,288.6680339459759,19744.58066874367,20877.011680361946,20215.61773463245,83329.2338222351,28189.436825183046,98014.70958292412,35125.09040984711,18667.393996398452,77851.50659496839
5.765192909059452,43.86811445414962,98.59977464084128,6709.845618077357,7092.925246734124,6907.1887409698365,28189.43682518305,9721.915559224686,33349.0827782373,11940.932240079888,6325.683232040014,26617.97225845379
7.50005080497077,92.89429352892984,340.993777325176,23418.775865549662,24702.0957335941,23964.33917330449,98014.70958292412,33349.0827782373,116276.75617449175,41497.87095388337,22030.99968150834,92178.15136557138
6.280433898580737,52.718141733704854,122.30837961288661,8385.845170592147,8846.680522326864,8577.967648322292,35125.090409847115,11940.932240079886,41497.87095388337,14959.339723529976,7903.6968732113455,33036.1022226792
7.715465789347553,40.6983117845877,64.92391674186156,4443.562250282354,4684.638604321805,4542.685603819775,18667.393996398452,6325.683232040014,22030.99968150834,7903.696873211346,4215.1149651041715,17514.146818292178
7.741330597592358,83.61852679996674,271.6340045807269,18577.778437942714,19614.100057593623,19019.445650530095,77851.5065949684,26617.97225845379,92178.1513655714,33036.1022226792,17514.146818292178,73785.03244456237
