v,mu,sd,comat,,,,,,,,
6.073434445084134,71.85807714079809,319.50593857327567,102084.04478358981,11031.241381782556,67962.89904962036,23123.633841177605,26897.205690783012,13769.355093209268,62093.38522926792,46242.55929506435,6990.830791025975
9.547511856708319,7.350827626609376,34.79990245280351,11031.241381782558,1211.0332107246395,7410.449942716838,2499.0101865345678,2933.9870885241976,1504.0818568946997,6792.884200106572,5024.758964069993,758.2518671667704
9.086176865817285,84.14468641275779,213.83520614472985,67962.89904962036,7410.4499427168375,45725.49538695912,15441.663206509396,18044.431172653753,9227.434411637414,41565.49135251288,30985.957919485183,4659.936866350737
9.519402373675536,27.997622034419358,72.47985856375546,23123.63384117761,2499.0101865345678,15441.663206509398,5253.329897421995,6111.922679964222,3120.7928362432563,14079.592496115156,10490.072210350681,1584.968888505712
8.53439634987214,17.4467805612979,84.76051562843202,26897.20569078301,2933.9870885241976,18044.43117265375,6111.922679964222,7184.34500959767,3645.3470895371374,16553.424143929413,12260.692518984142,1845.0394344610543
5.590381006704423,23.583101876336087,43.38046168942862,13769.35509320927,1504.0818568947,9227.434411637414,3120.7928362432563,3645.3470895371374,1881.864456387985,8466.997695620628,6244.768825963657,944.0486477964936
5.462004075378271,70.53745592988186,196.32108020910744,62093.38522926793,6792.884200106573,41565.49135251289,14079.592496115158,16553.424143929416,8466.997695620628,38541.96653447079,28302.90500813508,4269.608143891251
7.809869991563398,43.26931641545106,145.43552623214072,46242.559295064355,5024.758964069993,30985.957919485187,10490.072210350681,12260.692518984142,6244.768825963657,28302.90500813508,21151.492290419694,3178.368995401692
7.857059825930879,10.48190371229093,21.98141038617891,6990.830791025975,758.2518671667702,4659.936866350736,1584.968888505712,1845.039434461054,944.0486477964935,4269.608143891251,3178.368995401692,483.18240256561404
