v,mu,sd,comat,,,,,,,,
5.192808404407049,31.355999538748534,134.38955983379248,18060.553792320487,32123.76614452197,43185.884096318354,4620.1509658704845,43824.22091532323,30559.519312243076,62991.736301173034,28288.231082388123,17490.446497090354
8.900502302623375,93.29758497443221,240.60019635232817,32123.76614452197,57888.454484778886,77038.4256551985,8278.886932243873,78365.63031412444,55093.566973789195,112851.92990226026,50746.77092763544,31316.252527393302
5.463518776670667,90.79268188386841,323.42532794934345,43185.884096318354,77038.42565519849,104603.94275914038,11169.921004321532,104702.05140129916,73591.02785063123,151095.11194293847,68313.01322859344,42006.79611942455
8.164463432422387,11.596085351247218,34.773591532516434,4620.1509658704845,8278.886932243873,11169.921004321532,1209.2026680702986,11321.78699820888,7936.2098540596435,16307.970996330563,7346.93574053946,4526.912892870211
5.069454241601093,77.68305535300613,328.37149992184027,43824.22091532323,78365.63031412446,104702.05140129916,11321.78699820888,107827.84196091918,74969.17358129188,153816.20292099906,69030.46702999878,42860.15667239323
9.680792680424616,50.71758265854374,230.04970786976085,30559.51931224308,55093.566973789195,73591.02785063123,7936.209854059644,74969.17358129186,52922.868090962314,107741.94494427205,48544.09484764554,30026.120812350622
7.132871908677667,99.57512899500058,472.2723817206029,62991.736301173034,112851.9299022603,151095.11194293847,16307.970996330567,153816.20292099906,107741.94494427205,223041.20253605087,99217.24200813846,61558.39299510099
6.265432253790651,44.30946312001837,212.6592433722485,28288.23108238812,50746.770927635436,68313.01322859344,7346.935740539461,69030.46702999878,48544.09484764553,99217.24200813842,45223.95379165722,27630.889304881493
5.94982653146835,36.266191806868655,130.87990227930246,17490.446497090357,31316.252527393302,42006.79611942456,4526.912892870211,42860.15667239323,30026.120812350622,61558.39299510099,27630.889304881497,17129.548820639764
