v,mu,sd,comat,,,,,,,,
5.813524797225674,74.08278749218562,86.44239778677658,7472.288135127317,4420.2643384993535,30859.3436456647,4199.729580896168,5273.2933422188225,10724.217300034115,27235.360146196344,25407.346004365238,7106.220098165093
8.77390438825675,49.209529538551635,51.30056947678133,4420.2643384993535,2631.7484286420677,18305.286405134466,2504.0037064675075,3127.6164629660616,6352.9471662287915,16078.670810824433,15093.610068934608,4224.280808295549
7.8170092432388865,83.18854045674446,358.77435354070974,30859.343645664703,18305.286405134466,128719.03675855423,17526.650112054736,21943.33059209638,44506.87917450183,112213.96483702671,105179.35437395834,29492.957064896615
6.126322071843792,18.431689990660267,49.07112162886984,4199.729580896167,2504.003706467507,17526.650112054736,2407.9749779153367,2998.780164570052,6087.789096383641,15268.572758504717,14440.76825206921,4036.2394596404397
6.706308923115797,18.928239808138674,61.37322699645355,5273.293342218823,3127.6164629660616,21943.33059209638,2998.7801645700524,3766.672991958215,7631.422191123958,19207.133767787083,18083.583536487982,5058.211989397612
5.7624561346053955,49.74476408411521,124.7667200677927,10724.217300034115,6352.947166228792,44506.879174501824,6087.789096383641,7631.422191123958,15566.73443647495,39136.540654877725,36817.643054178734,10263.779835948524
6.725956078394445,72.33256746213591,315.38223729940444,27235.360146196344,16078.670810824433,112213.9648370267,15268.572758504715,19207.13376778708,39136.54065487772,99465.95560397785,92777.42512351315,25872.74859060092
5.20837442440255,89.53953941247936,296.43232454380956,25407.34600436524,15093.61006893461,105179.35437395831,14440.76825206921,18083.583536487982,36817.643054178734,92777.42512351317,87872.12303444643,24363.122551165976
6.239701870545962,35.512119886884065,82.57516449396806,7106.220098165093,4224.280808295549,29492.957064896615,4036.2394596404406,5058.211989397612,10263.779835948526,25872.74859060092,24363.122551165976,6818.657791205884
