v,mu,sd,comat,,,,,,,,
6.144017437784505,26.212584995581498,113.75853537756181,12941.004371247982,25318.99271675793,44418.140705562735,7312.205441433358,10117.375298252033,18370.66890583748,1188.8868634066123,10873.082806624567,15655.901951409478
5.953440093120915,69.72917675975842,224.26118034987704,25318.99271675793,50293.077011920075,87360.73271916667,14346.725409618852,19880.625119598513,36177.83889043309,2323.501335782141,21378.51983579161,30933.109820948954
9.431798354911994,78.60460642171344,392.1088711889181,44418.140705562735,87360.73271916667,153749.3668650476,25128.91203543948,34985.948311575004,63276.07494004178,4087.192383160439,37366.18123783836,53689.10333133513
8.594629477947032,25.643548244336696,64.53211092925716,7312.205441433358,14346.725409618854,25128.912035439484,4164.393340985951,5734.1400321029405,10428.94144365043,671.848596350157,6167.0838005734795,8867.677821840007
7.664916917170711,85.98490638585653,89.45633404071769,10117.375298252033,19880.625119598517,34985.948311575004,5734.14003210294,8002.4357000044665,14435.356345832668,929.3931839005685,8528.473206183085,12193.587676108806
9.347310500020573,59.96366874233958,162.17798425288169,18370.66890583748,36177.83889043309,63276.07494004178,10428.94144365043,14435.356345832666,26301.698576327937,1691.2449527734607,15504.74604782274,22334.278092153134
8.621188381996738,7.288545667344808,10.473337262229078,1188.8868634066123,2323.501335782141,4087.19238316044,671.848596350157,929.3931839005683,1691.2449527734607,109.6907934083961,998.1845170301469,1437.2565695943388
7.4104349556958224,85.67907344092642,95.80063908251208,10873.082806624565,21378.519835791612,37366.18123783837,6167.0838005734795,8528.473206183084,15504.746047822739,998.1845170301469,9177.762448617737,13218.187313402912
8.780385983943649,51.6199263351669,138.6745586474771,15655.901951409478,30933.109820948957,53689.10333133513,8867.677821840007,12193.587676108804,22334.278092153134,1437.2565695943388,13218.187313402916,19230.63321607257
