v,mu,sd,comat,,,,,,,,
6.013034768144452,16.556749320688745,76.50012294514467,5852.2688106222495,1215.4051274212457,3527.65144703981,23031.470075475234,7061.167315773111,25657.691907005104,14369.568022995161,14903.205227087657,23356.025567041786
6.035465520304866,11.04878874847671,15.919940204909205,1215.4051274212454,253.4444961278845,735.3706484461462,4785.819593351516,1472.1540973945607,5327.350263400954,2997.9427196105066,3104.1887178815837,4855.026114156573
5.763188716501229,13.936072852508094,46.38536415556629,3527.65144703981,735.3706484461462,2151.602007844494,13888.947037204549,4290.803189279355,15490.446563968735,8707.093101389648,9042.788466937334,14200.217315057258
8.772964057627615,72.46646151359158,302.0552267303981,23031.470075475234,4785.819593351517,13888.947037204553,91237.35999515219,27860.05993899825,101433.41157288096,56733.108450202955,58898.966984148254,92095.09232509385
6.137133828680611,67.31354890615333,92.9722074937695,7061.167315773112,1472.154097394561,4290.803189279356,27860.05993899825,8643.83136626453,31083.976873638494,17402.296219226544,18138.693627945442,28272.567975843023
8.320409820172141,69.49800310449578,336.4682463032523,25657.691907005104,5327.350263400954,15490.446563968737,101433.41157288096,31083.976873638494,113210.88077038605,63055.06880831878,65521.606209448,102484.88208525878
7.946089124002047,63.77864432056718,188.57255176827988,14369.568022995163,2997.942719610507,8707.09310138965,56733.10845020294,17402.296219226544,63055.06880831877,35559.607280400596,36782.159256170875,57627.85019620719
7.108236103950121,82.0930506134204,195.75100973800602,14903.205227087656,3104.188717881583,9042.788466937334,58898.96698414825,18138.693627945442,65521.60620944799,36782.15925617087,38318.45781344892,59800.54728915711
9.280119380442605,67.21927258801668,307.1127280789789,23356.025567041786,4855.026114156573,14200.21731505726,92095.09232509385,28272.567975843023,102484.88208525877,57627.85019620719,59800.54728915712,94318.2277481128
