v,mu,sd,comat,,,,,,,,
8.220717680341675,23.383688228297373,108.7230660570425,11820.705092844024,8465.452893126883,23281.580586232332,9266.226870012268,2037.0300844715634,6153.385508658936,9492.395807403227,33636.31428076846,15894.4451193819
6.903742448175583,34.51767936443139,78.09866628284256,8465.452893126885,6099.401675158809,16775.138376299743,6680.439200067005,1465.0080874291175,4419.770739293454,6836.4920187034095,24137.37907925968,11465.889068410836
8.315239526678344,81.66786061573994,215.59027282101982,23281.58058623233,16775.138376299747,46479.165735041766,18533.306600324635,4049.321943020782,12241.332901331927,18783.938446344837,66578.88389934134,31726.25517800913
5.818253630513767,53.63461913170429,86.16000340262693,9266.226870012268,6680.439200067004,18533.306600324635,7423.546186340681,1618.2136072785263,4886.333080194423,7479.166302223532,26518.422096896848,12616.761271705729
9.813039068371594,17.763276065577973,18.861476479480704,2037.0300844715634,1465.0080874291173,4049.321943020782,1618.2136072785265,355.75529498600395,1067.352222482485,1640.913768172148,5833.301078556145,2767.3284273723075
6.7333092018988285,41.006257944624984,56.859194515600535,6153.3855086589365,4419.7707392934535,12241.332901331925,4886.333080194424,1067.3522224824853,3232.968000962898,4948.387135225362,17576.36249145134,8329.955953814131
9.958754961468038,47.007726617793395,87.74806624716463,9492.395807403229,6836.4920187034095,18783.938446344837,7479.166302223533,1640.9137681721484,4948.387135225362,7699.723130116792,27057.157550981337,12866.425257849749
6.175289478028228,83.55572417812296,310.75568111918426,33636.31428076847,24137.37907925968,66578.88389934134,26518.42209689685,5833.301078556145,17576.36249145134,27057.157550981337,96569.09334784813,45503.94838604744
7.9284713426082885,30.59583966235206,147.70603937851058,15894.445119381899,11465.889068410836,31726.255178009134,12616.761271705729,2767.3284273723075,8329.955953814131,12866.425257849747,45503.94838604744,21817.07406888612
