v,mu,sd,comat,,,,,,,,
6.254618118724701,36.824486006815896,131.84203060668972,17382.321034495304,12361.879556764636,7870.321405602017,15879.943730797344,39738.23073738885,19982.43501783434,9557.779025986862,23039.966633318476,5739.043446096913
5.230479103363058,38.52288596442561,94.24861868167186,12361.879556764638,8882.802123403186,5613.762864766567,11372.279426274783,28378.812515563925,14254.398533670408,6839.0445069252155,16507.74355041245,4097.208937408239
8.384081205552793,35.63348380053209,59.879815710392506,7870.321405602019,5613.762864766566,3585.5923295105686,7235.524158331698,17997.343765331698,9048.824246160713,4350.6681250623005,10497.406938908105,2611.3692856973485
5.217347428223761,37.26019436778081,121.17225794357208,15879.943730797346,11372.279426274781,7235.524158331698,14682.716095143565,36492.58133565056,18284.00052088431,8798.574738756253,21307.87474562646,5282.747840262714
5.582118515832656,71.60643660615536,303.28736246809086,39738.23073738884,28378.81251556392,17997.343765331698,36492.58133565056,91983.22423285113,45867.12454888099,21984.310795790185,53020.4343417249,13185.784875121473
8.019328444744065,37.592240959768034,151.90342441609496,19982.43501783434,14254.398533670408,9048.824246160715,18284.00052088431,45867.12454888099,23074.65034933628,11010.727663957186,26576.083213370774,6609.657303990273
5.954653313898696,36.449069768003106,72.81794971065989,9557.779025986863,6839.0445069252155,4350.6681250623005,8798.574738756255,21984.310795790185,11010.727663957186,5302.4538000641915,12764.592836373304,3179.7240505412633
8.342578586301729,66.65399411510953,176.0644004543344,23039.966633318476,16507.743550412448,10497.406938908107,21307.87474562646,53020.434341724904,26576.083213370774,12764.592836373304,30998.673107344224,7660.850414962213
9.587239244354484,13.077522309040221,43.750760897463735,5739.043446096913,4097.208937408239,2611.3692856973485,5282.747840262714,13185.784875121471,6609.657303990273,3179.7240505412633,7660.850414962214,1914.1290791070423
