v,mu,sd,comat,,,,,,,,
7.179974510710019,88.75696239611212,364.9715263320665,133204.2150331583,28776.657128592342,115857.08967393088,38721.249464170956,112532.46618923181,28201.440622197766,89132.10029648374,70069.24202685477,105949.59589203795
5.129631159139457,17.725649776310647,79.33409699610417,28776.657128592346,6293.898946187264,25219.883974241,8420.40137519167,24539.67701775135,6172.448466557814,19434.564310216065,15299.372750161156,23103.86797779492
7.748312389393545,76.13389843630118,319.33165476376746,115857.08967393091,25219.883974241002,101972.70573416595,33865.161391761954,98729.19037501271,24676.778816360176,78135.96096441853,61346.845745386345,92563.1722583416
7.176611963091384,56.617796905470755,106.63122180138055,38721.24946417095,8420.401375191668,33865.16139176195,11370.217462855215,32927.10904986793,8249.532214568848,26086.024732388272,20460.757413283874,30901.417872469727
7.101839010437445,92.25357142601204,310.74123892995294,112532.46618923181,24539.67701775135,98729.1903750127,32927.10904986794,96560.1175717221,24051.532225606847,75640.75403884775,59550.70724729649,89933.83197810155
6.651674105019371,37.89260139823891,77.87362006792483,28201.440622197762,6172.448466557813,24676.778816360173,8249.532214568848,24051.532225606847,6064.300702483505,19020.253405629835,14988.871045044147,22649.14034295435
6.023243170189213,91.82197033068753,245.98571863009687,89132.10029648372,19434.56431021606,78135.96096441854,26086.02473238827,75640.75403884774,19020.253405629835,60508.973769965196,47290.72361970507,71547.64423114224
8.096354831753318,56.31819398837743,193.38364788426438,70069.24202685477,15299.372750161154,61346.84574538634,20460.75741328387,59550.70724729648,14988.871045044149,47290.72361970507,37397.23526902515,56216.4580596017
6.498273368372615,83.493733701245,291.74820761216836,105949.59589203798,23103.867977794915,92563.1722583416,30901.417872469734,89933.83197810156,22649.140342954353,71547.64423114226,56216.45805960171,85117.01664491289
