v,mu,sd,comat,,,,,,,,
9.36714701395908,79.9154101272995,240.41029311974046,57797.10903791953,116932.17921245961,27955.7212247563,38015.87187998483,79216.68940938622,24653.624476687288,35804.25558244198,6008.968122084062,39497.30551226124
9.84270331410466,99.72627284596959,492.2650972119386,116932.17921245962,242324.92593307933,57166.15829042489,78314.3726615653,161768.54676266757,50379.65410017375,73364.34841210388,12292.915835369313,80575.05464653437
9.345972701069599,26.57246952541116,116.91432629128079,27955.7212247563,57166.15829042489,13668.959692144068,18560.112533704287,38473.16901599583,11963.863952277672,17446.67808125803,2919.7320217361716,19139.812782599336
7.654278457777995,82.2176658856263,159.87533291567524,38015.871879984836,78314.3726615653,18560.112533704283,25560.122074897994,52399.76530872005,16316.66505261743,23772.9831508508,3977.557042419568,26206.824782190026
6.163641639886453,67.40106294952955,330.85051970076574,79216.68940938624,161768.54676266754,38473.16901599583,52399.76530872006,109462.0663862668,33978.16690256002,49438.06990913155,8283.862555526439,54462.70975102626
5.056994021387149,74.4990089062289,102.99588146720016,24653.624476687284,50379.65410017374,11963.863952277672,16316.66505261743,33978.16690256002,10608.151599205548,15389.500163076451,2581.3345989061518,16882.50507192681
7.152344091462453,52.55758006471002,149.7596874506606,35804.25558244199,73364.34841210388,17446.678081258033,23772.9831508508,49438.06990913154,15389.500163076451,22427.963985319548,3757.388337247812,24611.478028700378
7.011756800186824,5.070669497123589,25.128999576765125,6008.968122084064,12292.915835369315,2919.7320217361716,3977.5570424195676,8283.862555526439,2581.3345989061518,3757.3883372478126,631.4666197290618,4129.143078378779
7.613373356762848,88.37389441163403,165.15707638302126,39497.30551226124,80575.05464653437,19139.812782599336,26206.82478219003,54462.709751026254,16882.50507192681,24611.478028700378,4129.143078378778,27276.859879387113
