v,mu,sd,comat,,,,,,,,
9.318799927850414,66.82928123777162,333.9086000325372,111494.9531756889,99740.37383717757,63459.42563306605,76663.41955865455,78377.13851195967,30790.072287592448,21223.288554260645,22331.840645725995,135175.03742049207
6.424529826138134,74.68386224218781,300.25008237675854,99740.37383717755,90150.11196725031,56942.09881761312,69177.12708759056,70184.18924243172,27617.610569998054,19056.94807794897,20085.474134761265,122325.86500784721
5.366281940418681,57.589473978190426,190.91551205616622,63459.42563306606,56942.09881761312,36448.732743668144,43889.98085440482,44681.566670047265,17575.181176355047,12065.211129796897,12751.559596526247,77553.90240459453
8.816186021651426,76.93672601465727,231.16903932881087,76663.41955865455,69177.12708759056,43889.98085440482,53439.1247442053,54170.89040006295,21227.75812809498,14648.03500112333,15400.602868647997,94193.21962822495
7.263595287997057,50.31950478207126,235.51553248719375,78377.13851195965,70184.18924243173,44681.566670047265,54170.890400062955,55467.5660427264,21661.02067549513,14915.48628693928,15684.952119714138,95361.48830351747
7.711484370043872,50.683695974616,92.65864287133166,30790.072287592448,27617.610569998054,17575.181176355043,21227.75812809498,21661.02067549513,8585.624098756982,5878.975231941956,6210.358937852097,37622.03529278435
8.633178914137536,40.79512669646571,63.70208879640281,21223.288554260645,19056.94807794897,12065.211129796897,14648.035001123331,14915.486286939282,5878.975231941957,4057.9561170247885,4265.202481469704,25879.531759984202
9.244525538074111,59.878837537426016,67.21076614968581,22331.84064572599,20085.47413476126,12751.559596526246,15400.602868647999,15684.952119714138,6210.3589378520965,4265.202481469704,4517.287086427752,27352.770741725413
8.84099988904491,87.86935945006813,409.08876261746974,135175.03742049207,122325.8650078472,77553.90240459453,94193.21962822492,95361.48830351749,37622.03529278434,25879.531759984195,27352.770741725413,167353.61569989249
