v,mu,sd,comat,,,,,,,,
9.835149195068382,46.492797734253756,95.01680206816624,9028.192675261082,11219.077128682908,42208.221434115,8098.419905733538,26086.056785749744,18818.226674956422,3441.788621354042,6409.658912289652,19979.96858394989
7.736161245878612,44.184860107961896,118.24470089663495,11219.07712868291,13981.809290134663,52550.14836834097,10088.426430993582,32580.252563598136,23441.587864578294,4286.252832025244,7991.725322842481,24910.402768168708
9.863421799824422,90.73007630823338,446.2527091391117,42208.22143411501,52550.14836834097,199141.4804139966,38108.72059306869,123278.95119648734,88585.94676470259,16241.513598751568,30143.751003803605,94316.72439225212
8.574079968371823,64.23903974365682,85.6137123671399,8098.419905733538,10088.42643099358,38108.72059306869,7329.707745283364,23595.14411789027,16986.422066986208,3122.4295247803,5773.091659273071,18050.127353697266
8.488644122986354,74.63487817161952,277.2492874951216,26086.05678574975,32580.252563598136,123278.95119648737,23595.14411789028,76867.16741655259,54853.38238234807,10042.763770338412,18712.009601725025,58513.05676046801
6.080447477901882,83.47217236739586,199.4822438363052,18818.226674956426,23441.587864578294,88585.94676470259,16986.422066986208,54853.38238234806,39793.16560596713,7249.579109039502,13442.16200707732,42086.81441049218
9.881372273881208,10.593608945021696,36.51921321526251,3441.788621354042,4286.252832025245,16241.513598751568,3122.4295247803,10042.763770338413,7249.579109039503,1333.6529338618038,2457.143802259164,7701.4194305815545
5.03115127602295,16.78138873976084,67.76522989263036,6409.658912289652,7991.7253228424825,30143.751003803605,5773.091659273073,18712.009601725025,13442.16200707732,2457.143802259164,4592.126382401043,14299.46355703746
6.264911811917219,80.47021516978101,211.99935698538303,19979.968583949892,24910.402768168708,94316.7243922521,18050.127353697266,58513.05676046801,42086.81441049218,7701.419430581554,14299.46355703746,44943.727362215854
