v,mu,sd,comat,,,,,,,,
5.240906137501188,78.64732091742196,170.1026379787506,28934.907447329882,56974.98896913776,38679.25729595754,6442.579970656673,31404.160646900626,7276.0888318413845,28848.445782280345,4294.897000611513,47118.34913057846
8.40481506933859,96.16358232364585,339.1605822984728,56974.988969137776,115029.90058503913,76892.76489676762,12761.617272688447,62574.198568598134,14462.849026570873,57168.68958112607,8570.358451044869,93579.43265036112
8.993480339519008,76.25177739871934,229.22900740979202,38679.25729595755,76892.76489676762,52545.93783807849,8618.319204030216,42265.5164883514,9753.505463744428,38592.071786277265,5800.786943304163,63266.679369279635
9.000542958289412,12.74994689596392,37.97022771004882,6442.579970656673,12761.617272688445,8618.319204030218,1441.738192352959,7035.264315638905,1625.6082022410499,6453.07665124241,958.8049230537953,10520.872035528922
9.826486250781302,66.77542940772233,185.83725348538016,31404.16064690063,62574.19856859815,42265.51648835141,7035.264315638905,34535.48478298944,7924.570636321418,31497.28099142365,4704.331649065752,51326.74392767271
7.220099121096446,10.879192057193215,42.90612371021012,7276.088831841385,14462.849026570873,9753.505463744426,1625.6082022410496,7924.570636321417,1840.9354518358548,7270.662232773663,1081.8638416483138,11907.954061960165
9.156174382804242,73.22872477333723,170.11392863063776,28848.44578228035,57168.68958112606,38592.071786277265,6453.07665124241,31497.28099142365,7270.662232773664,28938.74871414971,4304.0240683086895,47053.55909639114
6.232838174386064,11.118815300453871,25.46290219240798,4294.897000611513,8570.358451044869,5800.786943304164,958.8049230537952,4704.331649065751,1081.8638416483138,4304.02406830869,648.359388060135,7027.051197200042
5.25138939054962,95.53048554185251,277.8066108828822,47118.34913057848,93579.43265036114,63266.679369279635,10520.872035528922,51326.74392767272,11907.954061960167,47053.559096391145,7027.051197200043,77176.51305023313
