v,mu,sd,comat,,,,,,,,
5.0518707694285,77.01342236766328,157.80765568536387,24903.25619291036,10673.714202015612,13085.330460726429,10739.036531406548,18270.509412766347,21200.786876186237,37560.612650947325,46653.63129366639,28596.57851407415
7.509372960743693,14.581566149296057,68.07799061541694,10673.714202015613,4634.612806232796,5622.676010012563,4628.9803507247925,7870.418093221375,9091.696429053247,16166.344106135948,20161.12112253634,12270.306238496249
7.47886646567073,54.158722968038894,83.08807622235463,13085.330460726429,5622.676010012562,6903.628410331814,5647.7172309825555,9598.832279255243,11159.685208432727,19743.38415900766,24605.588084407304,15055.264593765993
5.669147644796383,15.691595834118877,68.51836678722832,10739.03653140655,4628.980350724792,5647.717230982555,4694.766587189152,7908.190978745653,9182.489479650947,16251.791364460014,20328.413467808885,12309.932560999494
5.710555427272693,56.877099970390034,116.2605651448363,18270.509412766347,7870.418093221377,9598.832279255243,7908.190978745654,13516.519007796729,15547.832875136499,27603.551037943806,34449.97173714429,20943.246267289658
6.092793378130391,59.70342419288707,134.65572545890979,21200.786876186234,9091.696429053247,11159.685208432726,9182.489479650947,15547.832875136497,18132.16439886528,31974.829595574774,39800.94046990478,24313.633671536074
7.092540902552262,80.20420260414045,238.39599412818873,37560.612650947325,16166.34410613595,19743.38415900766,16251.791364460016,27603.551037943806,31974.82959557478,56832.65001636739,70543.80230336265,43142.68941631404
6.240505842067796,96.69002742870443,297.9259321683536,46653.631293666396,20161.121122536344,24605.588084407307,20328.413467808885,34449.97173714429,39800.94046990477,70543.80230336265,88759.86105838243,53588.26462855926
5.420298255826751,90.7870515722406,181.50312967777438,28596.578514074157,12270.30623849625,15055.264593765995,12309.932560999494,20943.246267289658,24313.633671536074,43142.68941631404,53588.264628559264,32943.38608282699
