v,mu,sd,comat,,,,,,,,
6.82552791511347,22.026240913405573,56.66243748485378,3210.6318217249627,2704.991584037602,3221.210548459089,13685.0219499224,2351.8177259618155,6287.415204691988,4190.966495824015,14965.704313484779,16044.174391876997
7.25602957946669,11.644005483153094,47.90435708465562,2704.991584037602,2294.827427694195,2731.5047623974287,11605.046802738878,2001.0304360685698,5321.538038525542,3543.8066479234703,12722.476515302513,13655.469575257728
7.480301743838948,31.332836733142926,57.22419149233809,3221.2105484590893,2731.5047623974287,3274.6080919517794,13794.905936200877,2391.2107228521168,6348.997176951056,4236.34537259807,15163.742019727688,16321.351296014986
5.378110332975685,87.51827328659415,243.10573792125297,13685.0219499224,11605.046802738882,13794.90593620088,59100.39981023693,10145.14118106844,26987.835144961842,17950.949137314463,64315.89853528914,69229.43531371282
7.858807911638604,11.015133565347117,42.02494356274292,2351.8177259618155,2001.03043606857,2391.2107228521168,10145.14118106844,1766.0958814517276,4644.454317440731,3086.750384225861,11133.98050678833,11920.735922170721
6.448170028869793,73.10998404953963,111.38497242716498,6287.415204691987,5321.538038525542,6348.997176951056,26987.835144961842,4644.454317440731,12406.612082600306,8228.35378634606,29519.970596563187,31768.948797483776
6.544022293942124,17.0183541988675,74.36718932359275,4190.9664958240155,3543.80664792347,4236.34537259807,17950.949137314463,3086.750384225861,8228.353786346062,5530.478847891088,19609.22609501907,21187.208715514927
6.8743808325261035,94.04467080518502,266.5185815065347,14965.704313484777,12722.476515302513,15163.742019727693,64315.89853528915,11133.980506788328,29519.970596563187,19609.22609501907,71032.15428825538,76191.81138311558
9.079283372155071,92.5678843963363,287.30480732657406,16044.174391876997,13655.469575257732,16321.351296014986,69229.43531371282,11920.735922170721,31768.94879748378,21187.208715514927,76191.8113831156,82544.05231295984
