v,mu,sd,comat,,,,,,,,
9.23331203605067,33.608144482023945,69.5194267920849,4832.950701500052,8687.987748253538,13006.42402164294,5706.329828656196,14984.255312339974,8116.365225059276,13107.810465259721,6486.727787481031,21994.776060568398
7.805827701325171,61.382999283332104,125.66217774447287,8687.987748253538,15790.982915483495,23403.857964741146,10332.993023112653,27198.046952779023,14709.266987066216,23572.534358077886,11723.02489550192,39760.13961944692
7.274377012028764,59.660525958223566,187.97744463831052,13006.42402164294,23403.857964741146,35335.5196927491,15497.293754843035,40176.1063893684,21927.786118849726,35365.152734696836,17561.18024507088,59338.30787460621
6.760874568459808,40.2984789574835,82.71800448555214,5706.329828656196,10332.993023112651,15497.293754843033,6842.268266071823,17760.46397534748,9678.203621350527,15520.740594481713,7736.425470378949,26133.134784871978
7.929256920674186,91.2433298655168,216.97252122557126,14984.255312339976,27198.04695277902,40176.1063893684,17760.46397534748,47077.07496698097,25305.751809923433,40594.87882215235,20186.212521201003,68394.327416678
7.678748721365379,23.697102203279258,117.5649171678614,8116.365225059276,14709.266987066218,21927.78611884973,9678.203621350529,25305.751809923433,13821.509748686107,22050.30980558482,10962.477103325526,37281.49428461125
9.137281383896731,56.75487822985691,188.84257529827704,13107.810465259718,23572.534358077883,35365.15273469684,15520.740594481713,40594.87882215235,22050.309805584817,35661.518245285435,17657.915256822514,59826.50576931359
6.322710993610173,62.47713488311865,93.75536320117372,6486.727787481032,11723.024895501918,17561.18024507088,7736.425470378949,20186.212521201003,10962.477103325526,17657.915256822514,8790.068128984,29684.94022129045
7.391895306693579,87.25143498358847,317.66203378247815,21994.776060568394,39760.13961944692,59338.30787460622,26133.134784871978,68394.327416678,37281.49428461125,59826.50576931359,29684.940221290446,100909.16770682027
