v,mu,sd,comat,,,,,,,,
6.376128349006688,63.60058442371565,268.9798917885512,72350.1821865807,66770.67823423527,20156.307018942935,15368.657642604947,45752.50745962954,15305.990394076687,52388.5639431328,94494.77250782959,15328.36974549283
8.196153804626348,76.73321981447042,250.66905207425242,66770.67823423527,62834.97366780426,18711.984812949395,14257.816540735535,42608.71421315056,14279.473059796082,48294.99172521326,88594.87757046327,14284.913071652189
8.119496061676898,46.31188204552542,75.43412995295881,20156.307018942938,18711.984812949395,5690.307961759878,4315.903546804025,12837.946042650357,4281.033320886973,14630.424762729175,26511.7078717199,4273.956875025783
8.89021153657708,39.28036850468706,57.50219008114178,15368.657642604945,14257.816540735537,4315.903546804026,3306.50186412776,9772.78317277313,3259.4967872821653,11178.4315462696,20186.966895738078,3263.152956922943
7.3905676475025,77.95271269792585,170.89216858149996,45752.50745962954,42608.71421315055,12837.946042650357,9772.783172773128,29204.1332824878,9736.975152447325,33152.94858006297,60067.090697047366,9729.37081643055
9.795669427444036,32.94694591791803,57.35694839945175,15305.990394076689,14279.473059796086,4281.033320886974,3259.4967872821653,9736.975152447325,3289.8195296973704,11092.245597278838,20208.420801727923,3278.0068862830335
9.987171033547423,42.04579519448396,195.00538985244498,52388.5639431328,48294.99172521325,14630.424762729173,11178.431546269598,33152.94858006297,11092.245597278834,38027.10207150404,68464.26781559692,11106.21486038115
9.162566382318673,82.88862516506667,354.5159707374254,94494.77250782958,88594.87757046327,26511.707871719893,20186.966895738075,60067.09069704737,20208.42080172792,68464.26781559692,125681.57350789905,20228.017177615344
6.019225259923972,13.559669857765636,57.30885965153222,15328.369745492831,14284.91307165219,4273.956875025782,3263.152956922943,9729.37081643055,3278.006886283034,11106.214860381151,20228.017177615347,3284.3053945590173
