v,mu,sd,comat,,,,,,,,
7.4984716023441695,32.16817652217789,68.11229852374802,4639.285210188167,28366.446243846545,7469.641676664634,4951.4073193626255,4634.01700110716,9426.18116229281,13149.099014082289,8421.015194930274,18498.416544863852
6.279685671558351,90.92854984687223,420.3378418683309,28366.44624384655,176683.90130652595,46138.45059752744,30682.386684121506,28609.843055855516,58323.627882396366,81310.65624541813,52053.15890968227,114783.87111795742
6.290503154942872,44.83039903485971,110.62095516645658,7469.641676664635,46138.45059752743,12236.9957219392,8070.749866708272,7541.036432073778,15260.883645834398,21449.20701962046,13667.946220022204,30109.44675726468
5.484608547195821,26.260901051787013,73.31616516147797,4951.4073193626255,30682.386684121506,8070.749866708272,5375.260073985115,4996.796049231246,10192.603755308506,14166.94322185242,9124.774217009006,20086.550852523862
7.820925572809623,45.99625087898684,68.56044694052707,4634.01700110716,28609.84305585552,7541.036432073777,4996.796049231247,4700.534884684827,9511.320217341898,13255.5347590571,8498.316727360268,18681.286274135782
5.0799503673027715,33.05077295535088,139.46469676744556,9426.18116229281,58323.62788239637,15260.883645834398,10192.603755308508,9511.320217341898,19450.40164443554,26890.68026932305,17360.28596629454,38071.089556245206
5.762976144419594,99.13109503420955,194.362769783803,13149.09901408229,81310.65624541813,21449.20701962046,14166.94322185242,13255.534759057102,26890.680269323053,37776.886278031605,24051.1259618004,52865.59389154265
7.401238652809499,35.384602203306265,124.71717688263092,8421.015194930274,52053.158909682286,13667.946220022204,9124.774217009006,8498.316727360268,17360.28596629454,24051.125961800397,15554.374209573449,34100.54279711413
5.499363798862599,61.37063376893671,274.5310453046195,18498.41654486385,114783.87111795742,30109.44675726467,20086.55085252386,18681.286274135782,38071.0895562452,52865.593891542645,34100.542797114125,75367.29483604705
