v,mu,sd,comat,,,,,,,,
6.116455395767694,91.33859400106886,251.00131018350865,63001.65771383793,89133.87929188808,13002.847121235167,72114.5948764534,79672.14275060476,10869.582877338322,21941.1880272313,7698.433974216783,105799.15416128421
7.615816707003381,93.6597911418031,358.2364311012035,89133.87929188808,128333.34056812731,18603.751168672297,102313.40515506704,113754.0347100703,15525.491812589908,31403.863940111816,10986.022392082146,151933.02316813054
7.753507282905906,30.37797992057099,52.22174045100057,13002.847121235165,18603.751168672297,2727.11017573167,14939.93901953152,16652.25924708762,2262.239872493318,4574.3505178961705,1604.7383190372918,22005.389443309432
5.2280097506640315,67.27756871159052,288.4937002785557,72114.59487645337,102313.40515506701,14939.939019531519,83228.61510041311,91896.36730619273,12464.300669961707,25225.57199641141,8808.041811901143,121563.69486595914
6.803644176738864,91.25134237313496,319.80884298589217,79672.14275060475,113754.0347100703,16652.25924708762,91896.36730619271,102277.69605197504,13861.444540262655,27949.9145294629,9804.009068004361,134762.78425663276
6.115404708456444,20.463391067192262,43.517135837963394,10869.58287733832,15525.491812589906,2262.2398724933187,12464.300669961707,13861.444540262655,1893.741111539758,3806.388576131137,1340.011048984374,18389.68453292553
8.443630809106782,60.87986193011885,88.09301638329251,21941.188027231306,31403.86394011182,4574.350517896171,25225.57199641141,27949.914529462905,3806.3885761311367,7760.379535507043,2701.669045897494,37358.73577109261
5.818657125004496,30.604616833101513,30.84754416769961,7698.433974216783,10986.022392082145,1604.7383190372918,8808.041811901143,9804.00906800436,1340.0110489843737,2701.669045897494,951.5709811781782,13045.344439426402
5.351624334027502,90.17352053446533,425.7371291643374,105799.1541612842,151933.02316813054,22005.38944330943,121563.69486595911,134762.7842566328,18389.68453292553,37358.7357710926,13045.344439426404,181252.10314909165
