v,mu,sd,comat,,,,,,,,
7.290274741120452,32.28002512482254,80.12419199837606,6419.886143392632,10508.178668875722,1799.6438164803121,19711.40339663818,25923.581416978814,11579.566391535152,20198.91698031031,20592.560686819772,1372.2938598021444
6.5417480348245585,52.07496058744676,131.55032833956108,10508.178668875724,17305.488886246323,2950.6596982339347,32364.001721251636,42613.498801938935,18987.064402057178,33130.026777633626,33758.3081518502,2249.4920529962474
6.157435225177812,8.064774610621097,22.611708499919004,1799.643816480312,2950.6596982339347,511.2893612853093,5556.641365512477,7305.962940481642,3289.246192405868,5741.20811002722,5823.530522192705,388.0844819219351
6.387122758780629,95.09462889327337,247.46641884539622,19711.40339663818,32364.001721251636,5556.641365512476,61239.62845616509,80311.94303321045,35745.160576209506,62617.10637165131,63818.31538693654,4237.998607305546
9.08617405951335,98.0705624483917,325.1122822136946,25923.58141697881,42613.49880193893,7305.962940481641,80311.94303321045,105697.99604619697,46961.137214846734,82205.89658247554,83576.70679011532,5573.359878258918
5.556733180462491,76.0825957740537,145.75464668285517,11579.566391535152,18987.06440205718,3289.2461924058675,35745.16057620951,46961.137214846734,21244.417029643944,37025.147844866704,37525.830565648816,2488.9752199413238
8.132186144771262,88.32856330321053,254.51039535243555,20198.91698031031,33130.02677763363,5741.208110027219,62617.10637165131,82205.89658247554,37025.147844866704,64775.54134245305,65615.07669049186,4359.205804678652
6.383939433182571,54.78132719529657,258.58216676336065,20592.560686819776,33758.3081518502,5823.530522192705,63818.31538693654,83576.70679011532,37525.83056564881,65615.07669049186,66864.73696803444,4430.07491175949
8.410873370942475,6.7606122906389885,17.240071090558246,1372.2938598021442,2249.492052996247,388.084481921935,4237.998607305545,5573.359878258918,2488.9752199413238,4359.205804678652,4430.07491175949,297.2200512075022
