v,mu,sd,comat,,,,,,,,
7.729257149674893,88.29209163400014,336.05632751723675,112933.8552643723,30474.90086930024,53432.64681278148,14941.285318287091,106517.19727387781,5844.848185194613,135038.95648196523,73841.86461412377,18297.86213128928
9.294283052956795,21.589554092244963,91.0703549999198,30474.900869300243,8293.809559811418,14520.067631860084,4059.1733790517924,28964.24036891545,1588.3993086146525,36618.85764859951,20043.20577617012,4967.365171726971
8.429462932832896,41.756345951923954,160.56307289172304,53432.64681278148,14520.067631860084,25780.500376432767,7206.7430480942985,51062.08659947951,2794.3480938079356,64500.923889181555,35259.850880519,8739.986812781197
6.657959105067171,32.496785354052,44.993166203290166,14941.285318287091,4059.1733790517924,7206.743048094298,2024.385004996893,14253.722150740521,783.5180889417741,18043.19697602809,9843.239358464336,2454.59587271896
5.2999896478030895,68.3819139311309,318.78638061740054,106517.19727387784,28964.24036891545,51062.086599479524,14253.72215074052,101624.75646714217,5561.553027476371,128122.05566429687,70156.2371180338,17367.223371421456
6.931388905213545,15.884619734684872,17.526178492901096,5844.8481851946135,1588.3993086146522,2794.348093807935,783.5180889417742,5561.553027476372,307.1669325650289,7037.833771920124,3836.5035215455414,953.3828717674086
6.065749293421778,91.08255231973607,403.42294900069845,135038.95648196526,36618.85764859951,64500.92388918156,18043.196976028095,128122.05566429689,7037.833771920123,162750.07578042013,88841.05549344904,21950.41154645097
9.662533250406801,77.057351219015,221.0248335037743,73841.86461412377,20043.205776170118,35259.850880519,9843.239358464334,70156.23711803378,3836.5035215455414,88841.05549344902,48851.97702537114,11971.055574962236
8.614091494279311,17.335848527500815,54.93585929031625,18297.86213128928,4967.365171726971,8739.986812781197,2454.5958727189604,17367.223371421456,953.3828717674086,21950.41154645097,11971.055574962236,3017.948635965427
