v,mu,sd,comat,,,,,,,,
8.361392793153959,66.5750879377211,271.6363798128675,73786.32283784042,67381.38262488284,39401.00342792596,10843.932119024312,16063.94869845408,63806.182590338896,28980.682064902358,12923.992849591772,71456.37182766157
7.440391996202918,80.08151685914034,248.76084800995903,67381.38262488284,61881.959502633945,36140.7697120856,9948.391405829363,14750.38304842416,58642.90978902759,26649.681282971553,11883.859271211646,65448.16926924191
9.127475870179481,29.347799864086312,146.19487709545135,39401.00342792597,36140.76971208561,21372.94208895413,5844.251060087809,8706.708841794023,34406.55628221601,15577.376256173438,6946.861703352576,38558.041807148955
5.157231938131491,15.1292201387741,40.240172269748584,10843.932119024312,9948.391405829361,5844.251060087808,1619.2714642990427,2385.5238841114897,9427.706487012343,4309.129965993661,1918.608653818352,10596.271846323298
9.04024981682424,19.688912649167438,59.624289873609115,16063.948698454082,14750.38304842416,8706.708841794023,2385.523884111489,3555.0559429321656,14015.940136600208,6358.599136177182,2836.8797252627587,15717.402030412672
7.828087098052653,81.65327831470806,236.71695699964533,63806.18259033889,58642.90978902759,34406.556282216,9427.706487012343,14015.94013660021,56034.917731171925,25160.66479477017,11289.2811983631,62268.326690231755
6.48811249351972,46.243471020916274,107.59995276880579,28980.682064902358,26649.68128297155,15577.376256173437,4309.129965993662,6358.599136177181,25160.66479477017,11577.749835849238,5120.513419023649,28189.989634514786
5.233478602534766,12.291096471968565,47.897195225629986,12923.99284959177,11883.859271211642,6946.861703352573,1918.6086538183522,2836.8797252627587,11289.281198363098,5120.513419023649,2294.1413104821117,12593.818094233035
9.95313699735398,76.37860258795838,264.2820053416018,71456.37182766157,65448.1692692419,38558.04180714895,10596.271846323296,15717.402030412673,62268.326690231734,28189.98963451479,12593.818094233035,69844.97834737845
