v,mu,sd,comat,,,,,,,,
5.436748214510875,77.56989231537966,330.93849445550666,109520.28711247742,23094.14722132839,48811.87459105063,26222.418571540882,27789.756597118943,122038.1549371675,76299.4562943958,57279.51310517301,39114.0808316779
6.15238549775864,19.07187488447161,70.47924578870828,23094.147221328392,4967.324086945156,10423.168763020194,5606.889930197694,5938.02115761985,25954.13417734903,16378.759496900324,12346.12189889294,8371.823110228554
7.055305353194564,60.12707586470097,149.0087930571382,48811.87459105064,10423.168763020192,22203.620408345043,11874.306626531683,12610.79829593163,55104.07943463523,34593.05312955458,25980.66120967151,17705.586666660147
6.553913492800435,18.015034951005482,79.8761883597951,26222.41857154088,5606.889930197695,11874.306626531683,6380.205466889468,6754.960516562803,29546.91748281369,18588.5172210779,13981.805793510159,9494.118554927009
7.829779453807528,31.39211145806071,84.8397995908283,27789.756597118943,5938.021157619851,12610.798295931632,6754.960516562804,7197.791594611912,31424.377666440625,19678.83549835703,14791.433139903153,10052.292467595136
7.725318518919252,74.7324242359788,371.17444957408895,122038.1549371675,25954.13417734903,55104.079434635234,29546.917482813693,31424.37766644063,137770.4720166279,86110.01501806657,64706.41875467435,43969.78936624784
9.035497214151883,96.07000354952552,233.10044611352882,76299.4562943958,16378.759496900324,34593.05312955459,18588.517221077902,19678.83549835703,86110.01501806657,54335.81797832616,40822.15676169323,27662.26803722791
9.590775536417986,50.21951709535253,175.80062786961565,57279.513105173006,12346.121898892941,25980.661209671507,13981.80579351016,14791.433139903154,64706.418754674356,40822.15676169323,30905.860759351082,20848.662076006516
7.610453764218386,25.47784946325128,119.15741097725422,39114.0808316779,8371.823110228554,17705.586666660147,9494.118554927007,10052.292467595136,43969.78936624784,27662.26803722791,20848.662076006513,14198.488590802264
