v,mu,sd,comat,,,,,,,,
5.46554143335929,31.971920484228672,68.02401008309035,4627.265947784376,11980.759854931948,6577.520264869926,13546.359495183882,12040.94155810927,16855.26861503572,11324.441401577515,6110.952650243331,26727.563214504466
9.858279599948936,59.76327376336852,177.1381161176279,11980.759854931948,31377.912181702224,17158.887848257076,35399.68498158488,31239.807416037547,43692.1732316257,29605.046374435526,15906.61441405319,69441.50078840334
7.4192999023182304,76.7265057478922,97.65237047877281,6577.520264869928,17158.887848257076,9535.9854601235,19394.587108874566,17257.867151636405,24111.663856166368,16325.707970895077,8827.425367240023,38238.53785975923
6.212613507490321,93.10548468039185,199.98321648524816,13546.359495183882,35399.68498158488,19394.58710887457,39993.28687578562,35356.480611344974,49520.6847014493,33419.92700413778,17985.15409449191,78511.26560631991
7.655619149036266,57.13335395754248,177.69407442045275,12040.94155810927,31239.807416037544,17257.8671516364,35356.480611344974,31575.1840841414,44089.48601992639,29588.168449497753,16011.911933932146,69655.60678996504
6.427721177323994,51.76922423927348,248.91555536542214,16855.268615035722,43692.1732316257,24111.66385616637,49520.6847014493,44089.4860199264,61958.953702876526,41368.0358875907,22375.67031028906,97535.65468016788
9.313151885258197,62.91799355981484,167.78114919156906,11324.441401577516,29605.046374435526,16325.707970895077,33419.92700413778,29588.16844949776,41368.0358875907,28150.514024043554,15127.26060294322,65711.1489788854
5.205500767304368,46.57555146205703,90.52122772331663,6110.952650243332,15906.614414053192,8827.425367240025,17985.154094491914,16011.911933932148,22375.67031028906,15127.260602943219,8194.092668536547,35444.25475241796
5.541738669753602,98.15534341481184,393.97264805298175,26727.56321450447,69441.50078840335,38238.537859759235,78511.26560631992,69655.60678996505,97535.65468016788,65711.1489788854,35444.25475241797,155214.44741387857
