v,mu,sd,comat,,,,,,,,
8.642535957978629,39.90345156270531,125.29733974458657,15699.423347070355,14740.441162396357,17162.4010189856,8371.909374194642,6273.230343156376,14393.748733832106,25855.35906160351,23004.12568463246,14943.192603884763
8.008071061851066,60.156993737506085,117.91476121135014,14740.441162396355,13903.890911529721,16121.622356552272,7861.6898750794535,5915.583513423701,13483.773973388465,24329.029879721016,21679.533092424164,14032.83735941665
9.760903337030069,79.56125981679108,137.33341243951895,17162.401018985598,16121.622356552274,18860.466172283024,9135.642583059831,6849.314702817322,15679.303902205964,28296.836905280772,25110.73304239566,16261.196636029123
5.715867238605153,19.07395543744353,67.05399190740478,8371.909374194642,7861.689875079452,9135.64258305983,4496.237830718305,3348.901831132408,7709.68275357583,13820.256406795765,12272.548880621522,7995.302671265305
9.036795649350823,22.475870633493095,50.24336010206016,6273.230343156376,5915.583513423701,6849.314702817321,3348.9018311324085,2524.3952343452906,5752.651329190834,10346.781522323889,9234.051332491605,5970.1975980649495
6.816072982605145,86.1023243916035,115.37009352237786,14393.748733832104,13483.773973388461,15679.303902205962,7709.682753575829,5752.651329190833,13310.258479362212,23658.44423619869,21124.1277599135,13721.042077580401
5.932784061446579,60.723712367963444,206.79231310702954,25855.359061603518,24329.029879721016,28296.836905280772,13820.256406795766,10346.781522323887,23658.444236198695,42763.06076015575,37847.63144057896,24658.15930725071
6.295756191439736,60.68545052061107,184.29446077466577,23004.12568463246,21679.533092424164,25110.733042395663,12272.548880621522,9234.051332491603,21124.1277599135,37847.63144057895,33964.44827222482,21879.910676090345
8.148811713059747,30.43582897836411,119.70372292438702,14943.192603884763,14032.837359416651,16261.196636029123,7995.302671265306,5970.1975980649495,13721.042077580403,24658.159307250706,21879.910676090345,14328.981281958417
