v,mu,sd,comat,,,,,,,,
5.381541446869786,67.58108460064382,86.30160460906141,7447.966958098771,14188.370085479488,13344.105998775018,27231.73256100812,6821.449551139313,10950.80261746045,2792.872926860857,23243.535665331066,12242.29570714076
8.899593961200573,38.9217096935235,165.4685728206798,14188.370085479488,27379.84859131262,25632.84809100649,52478.28245476105,13028.92381740592,21025.94681021834,5361.200376145466,44614.53455655035,23495.058739283195
7.192046157204468,45.63195913761731,155.12209186762115,13344.105998775014,25632.84809100649,24062.863385386692,49240.4797210856,12262.08749568621,19740.32659039903,5032.409941799845,41883.40610665471,22045.69197844091
8.617325889154706,74.17532189897771,317.83461069284425,27231.73256100812,52478.28245476105,49240.479721085605,101018.83975427186,25053.458490235753,40436.04472916003,10307.908520961082,85766.7562867785,45017.93635062455
9.889947559983014,77.2489363981269,79.45617806893357,6821.4495511393125,13028.923817405921,12262.08749568621,25053.45849023575,6313.284233322081,10148.178793554705,2566.4251936039473,21416.44414580203,11297.89924733314
7.692479352052168,44.92439919889083,128.14886456933192,10950.80261746045,21025.946810218335,19740.32659039903,40436.04472916003,10148.178793554704,16422.131490408978,4144.247843325549,34526.950788338356,18224.84619606679
7.505602318299689,10.272452795708654,32.520207769932625,2792.8729268608568,5361.200376145466,5032.409941799844,10307.908520961082,2566.4251936039473,4144.247843325548,1057.5639133995862,8785.518117139049,4622.392972458617
5.360255666798808,62.73822138716738,270.6409412134596,23243.535665331063,44614.53455655035,41883.40610665471,85766.7562867785,21416.444145802026,34526.95078833836,8785.518117139049,73246.51906090729,38465.51567428887
6.342194900509356,94.47188047818761,142.89735546571728,12242.29570714076,23495.05873928319,22045.69197844091,45017.93635062455,11297.899247333142,18224.846196066792,4622.392972458618,38465.51567428887,20419.65419909556
