v,mu,sd,comat,,,,,,,,
6.872700594236813,15.249685564363922,17.16682636143074,294.69992732351335,2522.4917873268523,4229.847029866143,1296.9447390021849,2507.0754739396684,455.0991085520971,1631.0021484255465,4947.777026267314,6327.953051951875
9.75357153204958,65.45898907005915,147.76868798759108,2522.4917873268523,21835.585149574043,36168.61499867555,11144.522065973786,21625.218533122097,3904.2142878456298,14027.729807600432,42538.1892410187,54111.901277395256
8.659969709057025,53.31421566064677,246.85899452972066,4229.847029866143,36168.61499867554,60939.36318022466,18642.099716149427,35939.95181806659,6511.720809815865,23417.098297775032,71010.90892003878,90797.12534350155
7.993292420985183,28.68276176914312,75.76642423136538,1296.9447390021846,11144.522065973786,18642.099716149427,5740.5510408072305,11080.28888028004,1999.1012134274636,7182.877672881242,21862.64488532445,27796.891868123013
5.780093202212183,76.77735816158962,147.04343295624943,2507.0754739396684,21625.218533122097,35939.95181806659,11080.28888028004,21621.771175559017,3867.132120300828,13993.928628835283,42266.24743061914,53889.2555123563
5.779972601681013,12.313091433735334,26.58403596487487,455.09910855209705,3904.2142878456298,6511.720809815865,1999.1012134274636,3867.1321203008283,706.7109681817607,2524.8517147824878,7639.431529770304,9791.010439375108
5.290418060840997,20.31602228913042,95.86705519770616,1631.002148425547,14027.729807600432,23417.098297775032,7182.877672881243,13993.928628835287,2524.8517147824873,9190.492272280038,27367.181091230224,35301.57316586258
9.330880728874675,81.77143605861961,288.94877515774584,4947.777026267315,42538.18924101871,71010.90892003877,21862.64488532445,42266.24743061915,7639.431529770305,27367.181091230217,83491.39466516156,106121.07412977806
8.005575058716044,87.78875606783318,370.00224373753406,6327.953051951876,54111.901277395256,90797.12534350155,27796.89186812302,53889.25551235631,9791.01043937511,35301.57316586258,106121.07412977805,136901.66037080958
