v,mu,sd,comat,,,,,,,,
6.895492627168851,7.219558199012841,24.615775423584854,605.936399704364,958.7227122409748,937.1929481020547,1529.0328631628522,753.2369363000483,1023.5843959183899,1027.2003605296723,7388.646124405001,1445.0013357512134
7.83549083589807,12.346580648755618,39.22261999962095,958.7227122409748,1538.4139196346655,1499.1757082804756,2442.352477172406,1196.0066374624175,1628.9986032836703,1636.970878075051,11767.413723429245,2299.292582688412
7.97796256328561,9.673669884143544,38.30552831243581,937.1929481020546,1499.1757082804754,1467.3134992948212,2392.4540967984794,1174.4477423872163,1599.0698804315884,1600.6714505599296,11486.789140263441,2246.6810330887415
7.2492944942772635,52.78688512802672,62.72641495627635,1529.032863162852,2442.352477172406,2392.4540967984794,3934.60313326697,1917.3973700223107,2618.772547694297,2617.3321305332197,18788.267566975537,3680.25653920187
7.285099126973593,7.150110940224792,30.78816501124571,753.2369363000483,1196.006637462417,1174.4477423872163,1917.3973700223107,947.9111047596946,1284.9790209612665,1283.8340969065935,9221.304756161975,1799.0450866913206
6.5582549893769775,40.68726875919369,41.85154730544596,1023.5843959183899,1628.9986032836703,1599.0698804315887,2618.772547694297,1284.9790209612665,1751.552011859981,1750.266446486755,12532.198788164918,2453.2975844871958
6.566686805987851,9.78826037131853,42.001997699244036,1027.2003605296723,1636.9708780750514,1600.6714505599298,2617.3321305332206,1283.8340969065937,1750.2664464867555,1764.1678107273017,12562.591348627111,2465.1919976972213
6.4742973050079025,97.01547319814605,301.2476281688903,7388.646124404999,11767.413723429245,11486.789140263443,18788.267566975537,9221.304756161973,12532.198788164917,12562.591348627107,90750.13347738194,17695.397415431504
7.653862306178132,20.311714745750287,58.97113756113938,1445.0013357512132,2299.292582688412,2246.6810330887415,3680.25653920187,1799.0450866913209,2453.2975844871958,2465.191997697221,17695.397415431504,3477.595065254824
