v,mu,sd,comat,,,,,,,,
8.919161754028753,34.498014350293346,45.368946358344225,2058.3412936663153,12799.899259146454,483.6259517565256,4879.1317064389095,2382.382298683299,5497.060677704563,7042.830768869643,1488.9894107067464,1030.6138723442625
8.17416853026365,72.90943262468842,283.9090883665826,12799.899259146456,80604.37045714402,3008.980768385575,30675.736978096367,14896.708765575944,34454.34104559552,44182.10057282194,9256.91636871421,6477.257191989348
6.245215457578745,7.203117264087684,10.745324269199685,483.6259517565256,3008.980768385575,115.46199365025173,1149.0559966836245,563.36043536054,1302.761071978056,1663.7355603930594,351.1671279684292,243.54040696764923
8.790379323249088,47.63957034521571,108.40716994080793,4879.1317064389095,30675.73697809636,1149.0559966836245,11752.11449457521,5667.050328457679,13160.37050457616,16920.33847550004,3542.6245249316667,2464.5488977749615
6.565384678158399,51.210495047543404,52.769602404294,2382.382298683299,14896.708765575942,563.3604353605401,5667.05032845768,2784.6309379072713,6386.650045644667,8186.558275899663,1726.3507395151248,1202.9274688007354
9.686186787441986,44.816607067119314,121.9151715469109,5497.060677704564,34454.34104559552,1302.761071978056,13160.370504576162,6386.6500456446665,14863.30905331271,18967.597692604817,3985.958276668807,2773.2135282127765
5.214327241761319,79.820724469771,156.401328958519,7042.830768869644,44182.10057282193,1663.7355603930591,16920.33847550004,8186.5582758996625,18967.597692604817,24461.37569999087,5120.200202099351,3556.8852725408988
7.204336017149022,24.66003781844132,32.89809920824531,1488.9894107067466,9256.91636871421,351.1671279684292,3542.624524931667,1726.350739515125,3985.9582766688072,5120.200202099352,1082.2849315155509,745.5336624452018
9.563611449675989,6.2474968420736445,22.856680468224912,1030.6138723442625,6477.257191989347,243.54040696764923,2464.5488977749615,1202.9274688007356,2773.2135282127756,3556.8852725408988,745.5336624452018,522.4278420265341
