v,mu,sd,comat,,,,,,,,
9.244088486342893,39.512625812898264,41.88404027486558,1754.272829746562,13064.20140712111,14128.787491560912,13211.543763052194,2809.6114130724563,2463.927638731074,4878.230073538247,8285.127234310676,15344.788862073938
5.894479624604992,90.47410383704067,313.18521824912693,13064.201407121112,98084.98092975326,105749.12732430513,99618.83026106366,21080.699260187863,18433.184771333566,36381.868888134624,61955.57393234955,115334.70899156675
5.271816071532157,97.23949648969075,339.02368966383295,14128.787491560914,105749.12732430513,114937.06215327891,107234.15698133627,22831.315560637082,19943.503619500905,39363.71566162458,67120.76225541302,123976.71632545089
6.8076922304411145,93.94493334529284,319.0519013476842,13211.543763052194,99618.83026106366,107234.15698133629,101794.11575357239,21398.765791864003,18705.388208807974,36867.576727139734,62916.215472920114,117433.37841032293
6.37700464303206,18.23147795531976,67.70257320402938,2809.6114130724563,21080.69926018786,22831.315560637086,21398.765791864,4583.638418446957,3963.4213617493697,7826.299150865239,13327.717211190771,24782.025809711104
7.650001124477127,56.90220949664477,58.960791123046654,2463.927638731074,18433.184771333566,19943.5036195009,18705.388208807974,3963.42136174937,3476.3748898555377,6858.123400499819,11681.001741458167,21645.96572815186
6.52959457867958,78.60317279240608,116.78057814465657,4878.230073538247,36381.868888134624,39363.71566162458,36867.576727139734,7826.299150865239,6858.12340049982,13637.70343180024,23118.657860571217,42729.23591321254
6.522371795770716,54.152443544420635,198.36090840220967,8285.127234310674,61955.57393234954,67120.762255413,62916.215472920114,13327.71721119077,11681.001741458169,23118.657860571213,39347.049982149816,72798.59538779249
5.5587063808779735,77.47671994286107,369.06155809610857,15344.78886207394,115334.70899156675,123976.7163254509,117433.37841032293,24782.025809711107,21645.965728151863,42729.23591321254,72798.5953877925,136206.43366432734
