v,mu,sd,comat,,,,,,,,
8.596928931219793,5.996747533666587,10.879717444007204,118.36825166143463,209.6737663770426,1842.8707678846229,521.5217105675938,825.2145499732591,3753.323052252443,604.7128566562818,2779.0687867016545,1026.431458436734
8.036105878109947,15.65386516215782,19.40646028614084,209.67376637704263,376.61070083756175,3268.9206862185056,928.1696662663092,1481.2069364329852,6694.105379359788,1075.67757153949,4959.407940511044,1833.4779863651568
8.449308072893817,71.19800646202205,170.2865218023805,1842.870767884623,3268.9206862185056,28997.499507552613,8145.1929830953,12902.460742437712,58562.13446481144,9453.270116077108,43338.30685410485,15985.201125439682
7.117164894502675,12.927664062014246,48.109424725403045,521.5217105675939,928.1696662663093,8145.192983095301,2314.5167474092227,3659.8613884106885,16582.273079780225,2681.722725544026,12308.066976806578,4526.30251465703
7.253830552951318,53.855224404469396,76.54840605129672,825.214549973259,1481.2069364329855,12902.460742437714,3659.8613884106885,5859.658468994201,26354.862936806458,4267.6454579933015,19543.41762974118,7215.490239366439
6.962359849948458,75.1675754935516,345.77230332172576,3753.3230522524436,6694.105379359788,58562.13446481143,16582.273079780225,26354.86293680646,119558.48574441152,19249.85328134831,88594.54284790783,32671.56867737586
7.559535740656448,12.573825242227947,56.03346222124899,604.7128566562819,1075.6775715394901,9453.27011607711,2681.722725544026,4267.6454579933015,19249.85328134831,3139.7488885001367,14301.112059860292,5255.434902602946
5.563759794973942,56.09660791419844,256.68525913753496,2779.068786701654,4959.407940511043,43338.30685410484,12308.066976806578,19543.417629741176,88594.5428479078,14301.112059860292,65887.32225850347,24196.875492749503
9.871485064304746,37.47906849052479,94.65461921988371,1026.431458436734,1833.4779863651568,15985.201125439684,4526.30251465703,7215.490239366437,32671.568677375864,5255.434902602946,24196.87549274951,8959.496939661181
