v,mu,sd,comat,,,,,,,,
8.10186907276628,59.762774905618926,118.02495316337726,13929.889569217396,25140.844220551702,18596.72405895442,7378.678082814321,15532.364083690045,13583.631734952025,9416.561379135162,23726.552859033363,7868.47996735686
7.544765343227035,77.55598417374557,213.53863073014887,25140.8442205517,45598.746814106875,33703.54940306823,13298.13783331738,28112.43947844705,24617.96518615914,17024.491816397363,42867.94065495756,14215.0118771133
6.491224208793644,63.910855670768036,158.61377362069902,18596.72405895442,33703.54940306823,25158.32918219835,9840.873707378774,20834.96572762866,18252.778892307117,12669.26988209497,31758.859114225634,10558.948361463079
8.26899356196298,35.100915936194596,62.705388551711586,7378.678082814321,13298.13783331738,9840.873707378772,3931.9657534211224,8217.517087228149,7228.163342454096,4982.001942620476,12508.079300624844,4152.610826151091
6.367532671761333,31.891964699011233,132.03527781472147,15532.364083690041,28112.43947844705,20834.96572762866,8217.517087228149,17433.314587610683,15220.780972444027,10516.244334569796,26543.87608360906,8828.887502460771
7.615630391750171,44.68023407272729,116.10574718875301,13583.631734952023,24617.96518615914,18252.778892307124,7228.163342454096,15220.780972444027,13480.544530258627,9229.78762509955,23040.711510488723,7728.69181331369
6.866248710496384,28.753590399588166,80.08904190481928,9416.56137913516,17024.491816397367,12669.26988209497,4982.001942620476,10516.244334569796,9229.78762509955,6414.254633231899,16049.345014843433,5349.156160289621
6.846392967866183,59.07722232758431,201.7195782977226,23726.55285903336,42867.94065495755,31758.859114225634,12508.079300624842,26543.876083609055,23040.711510488723,16049.345014843433,40690.78826861104,13454.393043672053
8.67346800704752,16.63324359800793,67.18999214374229,7868.4799673568605,14215.011877113302,10558.94836146308,4152.610826151092,8828.887502460771,7728.691813313689,5349.156160289621,13454.393043672053,4514.495044276149
