v,mu,sd,comat,,,,,,,,
7.569716718863451,97.01852079337851,188.9734381675188,35710.96033285304,10546.403629792789,33855.096306779604,6375.778270220117,6060.037323643444,63109.636326241925,38671.17855827933,37165.81851438044,26108.60749270858
8.865825260396484,42.308755966911065,56.29860554490055,10546.403629792789,3169.532986300307,10020.079154253766,1898.0963922202855,1808.8279129314383,18867.194586014408,11494.926685270599,11057.58032113043,7724.267667107919
9.352138428624063,83.23732604374595,179.62491895248044,33855.096306779604,10020.079154253766,32265.111508685168,6057.525007821863,5760.456457007633,60086.57411894904,36761.59570122051,35404.99327629491,24822.35844994988
5.04023474264909,20.57981782901745,34.0089762959179,6375.7782702201175,1898.0963922202857,6057.525007821863,1156.6104686963058,1092.6060601190084,11385.202106868379,6942.914365427677,6678.138208884275,4673.820450754633
6.54867962752602,31.406550813259635,32.29378874663756,6060.037323643446,1808.827912931438,5760.456457007634,1092.6060601190086,1042.888791612455,10835.297950995837,6597.731274939829,6340.436706011269,4442.07750650944
9.788018696829454,76.13178177741815,336.14157853242267,63109.63632624193,18867.194586014404,60086.57411894904,11385.202106868377,10835.297950995837,112991.16081826888,68797.11480917761,66078.27684672123,46283.56932247067
7.5655835613394355,92.94173108243365,205.26921564723924,38671.17855827934,11494.926685270599,36761.59570122051,6942.914365427678,6597.731274939831,68797.11480917761,42135.45089243281,40420.02440185101,28295.555883614008
6.591422124360493,50.042384334847675,198.2309890235122,37165.818514380444,11057.580321130434,35404.99327629492,6678.138208884275,6340.436706011271,66078.27684672124,40420.02440185102,39295.52500923981,27224.216458353356
7.695999687128241,66.8105361643176,138.32927023836288,26108.60749270858,7724.267667107917,24822.358449949876,4673.820450754633,4442.07750650944,46283.56932247068,28295.55588361401,27224.21645835335,19134.987004678027
