v,mu,sd,comat,,,,,,,,
8.213449578930394,96.79186997069546,262.825134729798,69077.05144573645,5152.249725573002,18086.02046882631,15484.864419994292,19362.179219932204,22043.262074300703,7854.762509330179,11798.516380291641,11199.906250840912
7.693104654844735,5.056507316684415,19.822808234004526,5152.249725573004,392.9437262821178,1369.6954193255785,1174.4701561698305,1463.9930738590103,1677.701475192831,592.2431488437214,891.064168014843,851.2403884456282
7.5594899122931505,50.33840658754829,69.40328063051929,18086.02046882631,1369.6954193255785,4816.815362278615,4112.694737302968,5133.093395841962,5866.862299333454,2078.746244029056,3134.0838082196615,2981.602091833007
8.051286135564983,26.180374342794963,59.40360931871531,15484.86441999429,1174.4701561698305,4112.694737302967,3528.78880009056,4397.167092805873,5033.458896921073,1776.638088924685,2674.5145038822693,2549.3817435161213
7.464944918055958,21.421884608910226,74.36366554917291,19362.179219932204,1463.9930738590103,5133.093395841963,4397.167092805874,5529.954753909245,6266.736675043553,2224.18355048521,3338.4764511618196,3178.6108980638187
6.072309988957176,46.96853413036514,84.90377023540198,22043.262074300703,1677.701475192831,5866.862299333455,5033.458896921073,6266.736675043554,7208.6502001859335,2540.9334829985787,3822.371553483829,3648.203742736436
6.219900096437906,17.775252808012993,30.08018143374332,7854.762509330177,592.2431488437213,2078.7462440290556,1776.6380889246848,2224.1835504852097,2540.9334829985783,904.8173150869164,1357.8000398103231,1291.397616115504
7.860472629891987,39.14552589027378,45.2436430977434,11798.516380291641,891.0641680148431,3134.0838082196615,2674.5145038822693,3338.4764511618196,3822.371553483829,1357.8000398103231,2046.9872407559842,1948.0737029738448
8.863143318625296,12.581890369748173,43.129786043041015,11199.906250840912,851.2403884456281,2981.6020918330064,2549.3817435161213,3178.6108980638187,3648.2037427364353,1291.397616115504,1948.0737029738443,1860.1784441184952
