v,mu,sd,comat,,,,,,,,
5.533691011276554,26.57198529802893,86.38706161412082,7462.724414321908,21161.265085656734,21188.754767570983,16673.045964991885,4829.92120838958,39366.25608576349,15157.100556020887,4332.274301708027,26865.030165673295
8.421713166393436,77.02401351551046,246.36951861571268,21161.265085656738,60697.939702938005,60208.24691546917,47477.34010631027,13725.968763361034,112638.19106556768,43303.53398183448,12320.498418996598,76464.68183213678
7.674813086955436,77.08112648969067,246.91366298293877,21188.75476757098,60208.24691546916,60966.35696765227,47655.191607875066,13801.195786376753,112202.27677768416,43140.799978387164,12376.93357854222,76636.81418133661
6.845935383749826,50.57780343911391,193.74857062396825,16673.04596499189,47477.340106310265,47655.191607875066,37538.508618830805,10851.688285862103,88328.72065939588,33995.62740076376,9704.546553563609,60199.34000148543
7.063073218632175,53.07173710795877,56.32270900448065,4829.921208389581,13725.968763361034,13801.195786376751,10851.688285862105,3172.247549603406,25719.3393179954,9862.756877647904,2810.344229105871,17437.043566821412
7.939237380125903,92.56247942755209,458.6529538397677,39366.25608576349,112638.19106556766,112202.27677768416,88328.72065939591,25719.339317995393,210362.53206594408,80730.85736558912,22936.387188633133,142167.61216552978
8.58036894145998,68.19099291438886,176.45008365192558,15157.100556020887,43303.53398183448,43140.799978387164,33995.62740076376,9862.756877647902,80730.85736558912,31134.632020771536,8822.925986318014,54585.980915698594
5.866670193871999,15.208719965942292,50.29827185630254,4332.274301708028,12320.498418996598,12376.933578542223,9704.546553563609,2810.3442291058705,22936.38718863313,8822.925986318016,2529.9161517305165,15643.075953515228
5.333711467351353,70.88549095826018,311.5736341903807,26865.03016567329,76464.68183213678,76636.81418133661,60199.34000148543,17437.04356682141,142167.61216552978,54585.980915698594,15643.075953515228,97078.12952260114
