v,mu,sd,comat,,,,,,,,
7.100914835703869,17.408920779527694,55.10745257054248,3036.8313288145882,16002.911848934576,2733.1812475372176,6838.6738571948745,15735.095028523736,8552.58865691181,4994.082713756237,5567.91293000457,17607.062310668753
6.8161974848254285,96.1104376762371,291.75683644873607,16002.911848934576,85122.05161457455,14433.24227369954,36040.54297784758,83196.27732349151,45246.44694528925,26503.081078829382,29376.110294984097,93127.70808392919
5.924383438807259,13.725018538305884,49.83312527990957,2733.1812475372176,14433.24227369954,2483.340375163162,6195.7575466163535,14182.110078933008,7765.2345291342635,4498.935195855389,5044.814089109335,15892.955013849838
7.591413640837381,52.978790194697176,124.96652079383708,6838.673857194875,36040.54297784758,6195.7575466163535,15616.631319316513,35534.12694868428,19441.273463932375,11287.832562709391,12622.892494445374,39840.29561953081
5.043027260043846,63.65340698994857,286.66067269252903,15735.095028523736,83196.27732349151,14182.110078933008,35534.12694868427,82174.34126853326,44462.46765904257,26005.771205166908,28874.370463395906,91641.31916453612
9.844681033597432,83.43882798633459,156.73871792103571,8552.588656911812,45246.44694528926,7765.234529134263,19441.273463932375,44462.467659042566,24567.02569553,14174.016983124102,15765.066474000705,49534.74797352789
9.006906280082305,26.41516868173985,91.09230415701245,4994.082713756236,26503.081078829386,4498.935195855389,11287.83256270939,26005.771205166904,14174.016983124102,8297.807876633668,9164.156172789815,29055.061670972198
8.786559943043272,64.7530232301074,101.33474332689946,5567.91293000457,29376.110294984097,5044.814089109335,12622.892494445372,28874.370463395902,15765.066474000707,9164.156172789815,10268.730205128595,32383.61512126947
8.35742150920912,89.36954507752064,320.84501597832434,17607.062310668753,93127.70808392919,15892.955013849838,39840.29561953081,91641.31916453614,49534.74797352789,29055.061670972194,32383.615121269464,102941.52427813123
