v,mu,sd,comat,,,,,,,,
9.11555170354896,95.70793872171518,394.3229499739248,155490.58887613835,87326.32859047857,33934.1123979744,14728.42448466934,14333.279013419626,41376.03389205842,32732.258733581773,111799.83465968078,81776.69324780529
5.130589907849337,85.60699028134265,222.36097404931047,87326.32859047856,49444.40278015813,19067.886744989686,8341.187945494952,8064.796561093159,23290.55695017952,18493.459174591113,63225.261697919006,46324.347843332675
6.053853199656469,80.70776640813716,86.41242182059301,33934.1123979744,19067.88674498969,7467.1066449001,3226.189086909061,3143.643893145798,9034.616514755715,7174.483079054513,24418.66737288079,17937.272099419195
8.09210884674805,20.907156736073183,37.68076203999121,14728.424484669338,8341.187945494954,3226.1890869090603,1419.8398279144421,1367.4855474893066,3937.066023475304,3144.3387103036634,10690.658719346105,7843.384950812037
5.4914223266844955,27.87205567774779,36.46445132461392,14333.279013419622,8064.79656109316,3143.6438931457974,1367.4855474893063,1329.656210405138,3815.101969614363,3035.8240853072134,10352.229984418058,7600.346444148751
8.100656549384293,74.52424152311801,105.27471386591635,41376.033892058425,23290.55695017953,9034.616514755713,3937.066023475304,3815.1019696143635,11082.765379550563,8730.365369532643,29810.970256094322,21795.1371355852
5.269451097992219,44.39329401472435,83.66991647127082,32732.258733581773,18493.459174591113,7174.483079054512,3144.3387103036634,3035.824085307213,8730.365369532643,7000.654922309437,23743.246117347157,17351.420495899816
9.803270289021192,94.29262944273275,285.0882769583604,111799.83465968078,63225.261697919,24418.667372880787,10690.658719346105,10352.22998441806,29810.970256094315,23743.246117347157,81275.32565908681,59342.268152006836
9.902146871075367,62.836522798840576,209.5294225239399,81776.69324780528,46324.347843332675,17937.272099419195,7843.384950812036,7600.346444148752,21795.137135585195,17351.420495899816,59342.26815200683,43902.578903215726
