v,mu,sd,comat,,,,,,,,
7.844701100596228,6.401804735022816,19.98416964692247,399.3670364769774,3721.4269774583668,3379.9945456252835,2136.2115142845832,1304.691159113915,511.8225417911863,189.91711439997042,4019.005468949017,1210.1063904270327
5.329821137947212,52.89028103467376,188.50249111525082,3721.4269774583668,35533.189156655215,31733.818532352605,20098.57439773669,12366.887836208725,4848.50149994783,1778.2145854677763,37580.661139085794,11409.684761622582
9.440553349501286,36.781015105435586,169.98709444709465,3379.994545625284,31733.818532352605,28895.61227856547,18149.360507103072,11076.400219115058,4362.916512714121,1608.766259886809,34156.904130626746,10266.589526933614
9.648290885870345,52.81666041421668,107.86304341491011,2136.2115142845832,20098.574397736687,18149.360507103076,11634.436134726782,7030.260154373968,2770.1466697717965,1021.5974485916856,21673.315095605976,6519.2399054446605
8.39846020688065,44.34792704749989,65.76534120785833,1304.6911591139149,12366.887836208723,11076.400219115056,7030.260154373969,4325.0801041860295,1690.1555223960158,622.7882870409053,13160.483180883713,3980.774874735716
7.7213790821241695,5.581525068694917,25.790298528564136,511.8225417911862,4848.50149994783,4362.9165127141205,2770.1466697717965,1690.1555223960156,665.1394981924573,244.57640555976292,5178.590941419907,1565.2857806789025
5.939246710790018,5.023276417405997,9.525090398757797,189.91711439997044,1778.2145854677763,1608.7662598868092,1021.5974485916857,622.7882870409054,244.57640555976295,90.72734710450798,1918.6800918022038,576.9327977105963
8.09131731092507,52.47232275393378,201.7339732892923,4019.005468949017,37580.66113908579,34156.904130626746,21673.31509560598,13160.483180883713,5178.590941419907,1918.6800918022038,40696.595979084894,12192.679041440648
6.870638841926912,13.677980875562076,60.82156890320157,1210.1063904270325,11409.68476162258,10266.589526933612,6519.239905444661,3980.7748747357155,1565.2857806789027,576.9327977105962,12192.679041440646,3699.2632438468954
