v,mu,sd,comat,,,,,,,,
9.920959252712883,8.135234677267773,10.282362174312798,105.72697188373864,4590.570296218258,1016.0448273296081,2976.4657844186804,428.05703326928,1073.4954640172175,2016.358803969658,2443.312192945144,1471.4490676005698
6.667061330073267,98.0549336242658,449.1683060428686,4590.570296218258,201752.1671534201,44248.91858841847,130338.91909576405,18759.783080121557,46931.00473776245,87988.58116564041,106873.49476803505,64752.14022072182
8.368508123345688,71.0561337857114,99.36029872589873,1016.0448273296079,44248.91858841846,9872.46896289983,28724.595002818503,4149.58093212799,10380.453400521988,19476.92224135916,23543.659745906636,14262.694924855386
5.9819520860726225,80.52188110554648,292.1288026460489,2976.4657844186804,130338.91909576405,28724.595002818503,85339.23733541417,12175.63886386732,30456.90122087362,57359.62503532157,69215.2702131561,41920.04998872534
6.7722323232051185,31.515381447217436,41.980210979767705,428.05703326927994,18759.783080121553,4149.58093212799,12175.63886386732,1762.3381139058092,4374.095500336138,8250.84931234613,9926.112617314495,6048.706106092325
9.066829765910303,52.781846855569945,105.20104935310512,1073.4954640172177,46931.00473776246,10380.45340052199,30456.901220873617,4374.095500336139,11067.26078499446,20526.675631170983,24954.17262082966,15103.027903019294
6.239247767556305,60.3970450904651,197.02680298740668,2016.358803969658,87988.5811656404,19476.92224135916,57359.625035321566,8250.84931234613,20526.675631170983,38819.56109543837,46716.709637879096,28323.032667729727
7.293056625731069,62.41469602533266,238.6052303117006,2443.3121929451445,106873.49476803505,23543.659745906643,69215.2702131561,9926.112617314495,24954.17262082966,46716.7096378791,56932.45593209971,34222.654210953566
9.38650710748544,71.83520831606616,144.6700238738112,1471.4490676005698,64752.140220721805,14262.69492485539,41920.04998872533,6048.706106092324,15103.02790301929,28323.03266772973,34222.65421095356,20929.4158076491
