v,mu,sd,comat,,,,,,,,
6.09322525073603,67.22645449409137,137.6354828285194,18943.52613343966,19967.047337730477,14959.840519433214,55016.49588239396,21766.7032336809,18380.82356991487,22827.909437422808,24809.92479013123,52777.04529723116
5.157013597512902,41.18147497471798,146.45150611953815,19967.04733773047,21448.04364468112,15910.010054733153,58273.42504882707,23017.112794296274,19610.643117257467,24253.556834030445,26406.430040472307,56020.40064396582
6.435626386698517,86.42792025418223,109.00150356072528,14959.840519433214,15910.010054733157,11881.327778498806,43545.70678731536,17252.263256902188,14582.991437035627,18127.042091342588,19697.220649544073,41857.367218450185
5.863223277776032,80.51080918915876,401.3768221704993,55016.49588239395,58273.42504882706,43545.70678731535,161103.35337568863,63292.735934835604,53719.60546463573,66419.91541300823,72291.49215942991,153752.11147195083
6.516881904392052,80.3671985606902,158.71477215967724,21766.7032336809,23017.112794296274,17252.263256902184,63292.735934835604,25190.378901698256,21100.593440778524,26408.398463668487,28592.72033481464,60834.75658495984
5.814751112535442,49.36198283177649,134.37502438684413,18380.82356991487,19610.64311725747,14582.99143703563,53719.60546463575,21100.59344077852,18056.647178964955,22248.642557118037,24206.222245569243,51491.250501804476
8.496568766138832,82.75881240275166,166.85732640325455,22827.909437422804,24253.556834030445,18127.042091342588,66419.91541300825,26408.39846366849,22248.64255711804,27841.36737444223,30031.217370841005,64128.80836913376
8.857554158340966,84.4349478527297,180.8012625320725,24809.924790131226,26406.430040472307,19697.220649544066,72291.4921594299,28592.720334814632,24206.222245569243,30031.217370841,32689.0965331914,69346.55271974122
7.572762238141335,88.83229430611952,385.2455733835504,52777.04529723115,56020.400643965826,41857.36721845018,153752.1114719508,60834.75658495984,51491.25050180446,64128.80836913376,69346.55271974122,148414.15181162045
