v,mu,sd,comat,,,,,,,,
6.481245808362168,62.54945446296852,235.4011560449341,55413.70426729143,44070.07933799055,32680.169852642175,25770.1312490656,65400.42694310092,28568.28843605379,17927.923640591467,90127.71868474821,33900.26744615508
9.045338578366634,56.33338524428823,187.99812603031776,44070.07933799056,35343.29539091123,25990.208893372554,20489.97775868817,52206.25473717435,22760.314862693507,14229.356197605883,71874.23586594113,26991.15669462962
6.751262626117057,62.39574274574422,138.971026038789,32680.16985264218,25990.208893372554,19312.94607827377,15179.01045838328,38566.96872488311,16870.65139953065,10583.953211426446,53172.52640639815,19976.602725388675
8.947046282154464,86.65377265854276,109.92746845252421,25770.131249065606,20489.977758688172,15179.010458383278,12084.048320380707,30322.971711864928,13257.743165790363,8317.313075034348,41728.00811779182,15742.900878000335
7.806744878852863,85.3393195751771,278.47384250370067,65400.42694310092,52206.25473717436,38566.9687248831,30322.97171186493,77547.68095877589,33768.10986799027,21151.148224250373,106660.05315604877,40049.71473045985
6.267944771100666,26.679975638411843,121.71622539528353,28568.28843605379,22760.31486269351,16870.65139953065,13257.743165790362,33768.10986799027,14814.839524475465,9244.382915316402,46640.53911567688,17495.36712451237
5.524885418425545,59.96424395980523,76.2222456221868,17927.923640591467,14229.356197605885,10583.953211426444,8317.313075034346,21151.148224250377,9244.3829153164,5809.830727688976,29165.804305608162,10965.472426953667
5.292303645984399,83.64444357221532,383.79165566925474,90127.71868474822,71874.23586594113,53172.52640639815,41728.00811779182,106660.05315604879,46640.53911567689,29165.804305608166,147296.0349613478,55226.36152564592
8.36646190384922,44.91593483986933,144.10627734165382,33900.26744615508,26991.156694629626,19976.602725388675,15742.900878000333,40049.71473045985,17495.36712451237,10965.472426953667,55226.361525645916,20766.619169269652
