v,mu,sd,comat,,,,,,,,
9.350620683136059,49.59239864913756,209.40145312443184,43848.96857062363,5414.32192684792,54502.40582828842,9645.791234296565,77972.31885424822,36818.11370587709,49487.223358450414,23440.912192617136,13837.09430043477
7.911384643362799,13.136413043604557,25.97749409117298,5414.321926847921,674.830199256927,6757.162662788535,1203.917148406169,9700.908968400376,4570.714775196605,6130.550871657027,2923.9957098985496,1711.1246877777885
6.394194703505345,89.8165307090537,261.765278005539,54502.40582828843,6757.162662788535,68521.06076931713,12051.76486130588,97649.75451271662,45841.56016985578,61889.15930256145,29322.219274814,17221.53487273748
5.929556160450896,23.088064244505198,46.45727026799332,9645.791234296565,1203.9171484061687,12051.76486130588,2158.2779607533766,17311.450156897587,8141.173667428818,10938.29624213762,5243.670096458157,3042.2312301677352
7.055500639625566,77.42222853070587,374.27151424449573,77972.31885424822,9700.908968400376,97649.75451271665,17311.450156897587,140079.16637486775,65714.68569179351,88459.08463156589,42062.510670050295,24721.223207023973
5.5868777356735775,77.42016471670141,176.520182479328,36818.1137058771,4570.714775196604,45841.56016985578,8141.173667428818,65714.6856917935,31159.374822535257,41529.12389011647,19806.854411026365,11646.635274578999
8.424843721870676,80.20023352683117,237.2390430925648,49487.223358450414,6130.550871657027,61889.159302561464,10938.29624213762,88459.0846315659,41529.123890116476,56282.363567475826,26533.9791659423,15611.68456070465
7.188055298298252,33.15331502745208,112.98135323584678,23440.912192617136,2923.9957098985496,29322.219274814,5243.670096458157,42062.510670050295,19806.854411026365,26533.9791659423,12764.786179003184,7391.322648233054
7.781146625859851,26.085333320826706,66.36866533225667,13837.09430043477,1711.1246877777887,17221.53487273748,3042.2312301677357,24721.223207023973,11646.635274578999,15611.684560704653,7391.322648233054,4404.799737985089
