v,mu,sd,comat,,,,,,,,
5.487668008747258,12.79719794684202,54.81474331354527,3004.6560845298563,10504.17519157573,18550.195714461464,19271.758681060688,11682.74955151538,6219.126163289281,10236.699320530412,18026.459120320702,1065.4299632504703
8.80624858337428,82.58244118787815,192.61386523804902,10504.175191575729,37100.1010819413,65115.30983952823,67692.14078875964,41167.37774995848,21862.39063307338,36059.508481925564,63634.21401243521,3747.8395320405657
6.234689865831635,69.1850174632054,341.3411042055776,18550.195714461464,65115.309839528236,116513.749420283,119943.53391831966,72659.75727053375,38741.95257748479,63540.46065905484,112438.62812679444,6629.0368781303105
5.690658437381598,96.12393345660858,353.71450696111185,19271.758681060688,67692.14078875964,119943.53391831969,125113.95243474246,75443.73287793816,40051.0799956707,66420.15030272104,116571.92178861499,6874.604183140344
6.657232816354657,89.83135650220652,214.7176852948289,11682.749551515379,41167.37774995848,72659.75727053377,75443.73287793818,46103.68437836917,24411.459539630956,40185.29464370235,70766.48888471535,4190.232187088076
5.414997825034464,65.00822665793427,114.02266008303644,6219.12616328928,21862.39063307338,38741.9525774848,40051.079995670705,24411.45953963096,13001.16701241167,21264.99541755867,37660.28208891899,2227.9193778895287
8.359885406402334,38.08703333132436,188.11598198583923,10236.69932053041,36059.50848192557,63540.46065905484,66420.15030272106,40185.29464370234,21264.99541755867,35387.622678496584,61948.06924792246,3648.5517012653386
9.032968990808287,76.40496771366695,331.00467058721927,18026.459120320702,63634.21401243521,112438.62812679444,116571.92178861497,70766.48888471535,37660.28208891899,61948.06924792247,109564.09195055351,6455.14622640449
9.91370957272107,18.492903481121207,19.600938907564224,1065.42996325047,3747.839532040566,6629.036878130312,6874.6041831403445,4190.232187088075,2227.9193778895283,3648.551701265339,6455.146226404489,384.196806058065
