v,mu,sd,comat,,,,,,,,
8.378657077517762,89.51074877688286,375.5304490139624,141023.1181366282,31066.830768154206,128913.32028201435,6475.848839284672,29793.085649873763,77353.7479706814,63738.772693517305,81992.07042169804,14518.310538239448
5.22356091101473,18.365647665484385,82.9439474375182,31066.830768154206,6879.698416517784,28493.4795786371,1432.9964228393446,6570.93809056496,17081.486338107326,14093.532016511414,18039.025164914507,3215.5892566436014
6.716518362712962,72.14726159141907,345.1218364226161,128913.32028201436,28493.4795786371,119109.081975719,5923.5431011723285,27323.93371864684,70953.10078555331,58442.859474107405,74997.42322027359,13351.928003858493
8.220098635099156,14.517351983208812,17.35330581645183,6475.848839284671,1432.9964228393446,5923.543101172328,301.13722275930087,1371.659472313831,3562.4140968962993,2940.4597197208286,3775.3041452564225,670.8169371797583
6.421064993701448,35.40614093362852,79.6375392047985,29793.085649873767,6570.938090564959,27323.93371864684,1371.6594723138307,6342.137650595818,16397.788326306203,13458.646831322363,17405.99626472343,3080.2730382911377
9.746689033250025,60.52391957729763,206.87349845523647,77353.7479706814,17081.486338107326,70953.10078555331,3562.4140968962993,16397.788326306203,42796.64436310873,35071.44591054766,45027.96420293764,7993.605879124868
5.78835084386882,84.46821906273532,170.12001612117797,63738.772693517305,14093.53201651141,58442.8594741074,2940.459719720829,13458.646831322363,35071.445910547656,28940.819885069854,37020.889128768584,6593.920755533693
6.939864812113812,47.770411599006295,219.4493753938683,81992.07042169804,18039.02516491451,74997.42322027359,3775.304145256423,17405.99626472343,45027.96420293765,37020.88912876859,48158.02836075893,8466.784897527361
7.949968382361572,7.879352569773468,38.854686112636635,14518.31053823945,3215.5892566436014,13351.928003858491,670.8169371797584,3080.2730382911386,7993.605879124867,6593.920755533695,8466.784897527361,1509.6866329115185
