v,mu,sd,comat,,,,,,,,
8.251871208697958,23.190864878961342,84.2967139269258,7105.935978877967,13610.399762159193,16416.047021209502,21949.803934327847,14323.796527758801,10572.410504524627,20481.328898180225,12222.589166302378,1110.9220104101573
7.527266868674214,55.96418369200907,162.5259160858459,13610.399762159197,26414.673399543426,31785.729649829304,42368.127087441615,27785.04116349454,20462.527112376854,39501.54771811673,23619.664188262374,2145.1942984391503
9.39300735460776,66.5020976404575,196.3855410687421,16416.047021209502,31785.729649829304,38567.28074086259,51237.99351179886,33402.9163820019,24742.588546702213,47600.5592161831,28547.890829001346,2582.9144555766798
5.909201126857672,56.23778441317917,262.9932633934338,21949.803934327843,42368.12708744161,51237.993511798864,69165.45659032803,44475.204083366734,32846.64140514693,63628.863891881636,38072.82859933375,3475.826347566949
9.261165343372985,48.27784795950844,171.24007304568937,14323.796527758797,27785.041163494545,33402.9163820019,44475.20408336673,29323.16261669304,21516.96240173269,41652.42550331448,24827.073570399836,2258.4609811055943
8.750681430530054,62.319168072592355,126.22205422162986,10572.410504524627,20462.527112376854,24742.588546702213,32846.641405146926,21516.96240173269,15932.006971928067,30673.612088116966,18342.780714168224,1662.679708850668
8.330508337426613,77.12197307401273,244.04015649124926,20481.32889818023,39501.54771811673,47600.5592161831,63628.863891881636,41652.42550331448,30673.61208811696,59555.59798027343,35463.13940148592,3222.086081238969
9.939477241379812,32.68708498378395,146.05808561211367,12222.589166302378,23619.66418826237,28547.890829001346,38072.82859933375,24827.073570399836,18342.780714168224,35463.13940148591,21332.96437267553,1918.179606720028
6.284842113019151,6.106667579696323,13.268264118788025,1110.9220104101576,2145.1942984391503,2582.9144555766798,3475.8263475669487,2258.460981105594,1662.679708850668,3222.086081238969,1918.179606720028,176.04683272591774
