v,mu,sd,comat,,,,,,,,
8.281320926164785,93.02222282395657,399.2332704842282,159387.20426153293,41310.990230220494,38056.96406475583,143454.19500394183,55803.123371281356,58022.32559256515,100942.08900499727,90627.14447845651,47711.922070937704
9.774506884566136,36.492898325158464,103.7539236572167,41310.990230220494,10764.876674267553,9885.645181114329,37204.64948917141,14499.913949458529,15053.046259868715,26289.39326977941,23655.812241767584,12382.328265159606
9.854380174969082,54.78339715277976,95.93478605257962,38056.96406475583,9885.645181114329,9203.483174954228,34629.34599092171,13411.258483190295,13989.19600017135,24375.973486194067,21885.765442309726,11521.102667774516
5.489160886576936,94.44974007609707,362.63007202457914,143454.19500394186,37204.64948917141,34629.34599092171,131500.56913655144,50747.94752590759,52874.44168240075,92334.02370962204,82510.90112988201,43481.911885314206
6.203724578905905,66.65347735437115,140.58863764996482,55803.12337128136,14499.913949458529,13411.258483190293,50747.9475259076,19765.165036273112,20423.8988262578,35699.750833049045,31924.115234824076,16883.906235599457
9.343209934568952,41.5982274037529,146.29034258604662,58022.32559256514,15053.046259868714,13989.19600017135,52874.44168240074,20423.898826257795,21400.86433394289,37241.03122869578,33455.00564982636,17519.631899918393
7.737264672262567,51.676704244077314,255.63139569001137,100942.08900499727,26289.39326977941,24375.973486194067,92334.02370962204,35699.750833049045,37241.031228695785,65347.41046242316,58503.46820320668,30599.999976835632
8.59576648964379,48.31836842381743,229.85742865721693,90627.14447845651,23655.812241767588,21885.765442309726,82510.90112988201,31924.11523482408,33455.00564982636,58503.46820320667,52834.43750890757,27373.831165073803
9.62841840245326,84.34037204099975,120.66412459918067,47711.922070937704,12382.328265159607,11521.102667774518,43481.911885314206,16883.906235599457,17519.63189991839,30599.999976835632,27373.8311650738,14559.830965286596
