v,mu,sd,comat,,,,,,,,
9.429402497188129,71.89003341531225,323.34262315366556,104550.4519478934,14778.066133940341,13163.358902666392,76946.29089654061,19776.45243780262,56792.147015436014,30672.11139848076,47044.685824530236,61314.60236292739
8.942907834018623,15.01056147898376,46.20329225948139,14778.066133940338,2134.7442156150523,1876.3287002328607,10966.054600644926,2825.486157860923,8102.583125431349,4349.6595599349575,6695.482841337032,8826.531459126001
7.123640657375538,31.496425851984863,40.873424056316665,13163.358902666394,1876.3287002328605,1670.6367940874857,9710.275528287328,2511.0534279607014,7195.200117644684,3873.9547433218386,5953.065602192346,7772.728941737656
7.394348234235947,51.06553589188618,239.21155160136576,76946.2908965406,10966.054600644924,9710.275528287328,57222.16641953287,14619.351659882013,42046.90012835312,22681.62483917307,34714.511929005756,45522.0641590488
5.001770298657749,59.55321338126741,61.58285660913605,19776.45243780262,2825.486157860923,2511.0534279607014,14619.351659882013,3792.4482281414116,10838.68313324787,5843.883561196638,8947.5281296983,11713.90708912198
9.281835230369264,90.88843088587718,176.90651833829483,56792.147015436,8102.583125431348,7195.200117644684,42046.90012835312,10838.68313324787,31295.916230577444,16794.182208032875,25703.743424589007,33804.157302730775
6.7666084666832385,20.857742203266355,95.27998761370526,30672.111398480763,4349.659559934958,3873.9547433218386,22681.624839173073,5843.883561196637,16794.182208032875,9078.276039667826,13808.449118362661,18104.62754610612
7.433745228528791,37.562989329403756,146.1928025839096,47044.68582453023,6695.4828413370315,5953.065602192346,34714.51192900576,8947.5281296983,25703.743424589,13808.449118362661,21372.335527337964,27883.899862533744
7.206365531410016,39.88830547439562,191.98158897290443,61314.602362927406,8826.531459126003,7772.728941737658,45522.06415904881,11713.90708912198,33804.15730273077,18104.627546106127,27883.899862533744,36856.93050456122
