v,mu,sd,comat,,,,,,,,
5.927876374092697,12.279447625669466,38.75371794137837,1501.8506542799116,3716.17579803498,9771.531118021185,1029.1408144882007,6774.71841525229,6577.0048325850075,3636.673773551057,5911.881635958707,2837.680175396657
6.93299651521035,69.8108182459713,96.49516480843039,3716.1757980349794,9311.316831406142,24404.211003190045,2559.0179816350005,16884.992893425504,16449.06584972236,9059.771451585279,14658.567654849674,7062.507413808297
9.159480993185849,74.39622095661755,254.24863684616608,9771.531118021185,24404.21100319005,64642.36933813364,6730.867900479172,44405.31329009145,43258.11031152748,23887.254715519368,38737.479864906105,18640.977559403455
5.993487245199411,6.509320033286121,26.692539194661684,1029.140814488201,2559.0179816350005,6730.867900479172,712.4916486585504,4669.8377298108935,4541.664056747453,2501.4356914014265,4063.0718401007725,1955.5212452379114
9.582789829497457,67.71837508407273,175.71289077041723,6774.718415252291,16884.992893425508,44405.31329009144,4669.8377298108935,30875.01998289658,29849.523783885023,16478.317613801875,26744.82043004732,12845.281115999762
8.941553503192246,98.14980564234679,171.49407965178958,6577.004832585007,16449.065849722356,43258.11031152748,4541.664056747453,29849.523783885015,29410.21935561434,16144.829053230886,26119.32742752739,12556.84814504741
8.613021421899187,32.93784649186075,94.55938252373015,3636.673773551057,9059.771451585279,23887.254715519368,2501.4356914014265,16478.31761380188,16144.82905323089,8941.476823269124,14425.273245082799,6945.074910597202
9.978472604322324,85.75987210398559,153.17536617792328,5911.881635958708,14658.567654849674,38737.479864906105,4063.0718401007725,26744.82043004732,26119.327427527394,14425.273245082797,23462.692803740887,11228.958086975757
9.22686071293835,18.739979898130876,73.58639473092572,2837.6801753966574,7062.507413808297,18640.977559403455,1955.5212452379117,12845.281115999764,12556.848145047412,6945.0749105972,11228.958086975756,5414.957489495611
