v,mu,sd,comat,,,,,,,,
8.85660321633373,54.38071365816111,180.13860025332113,32449.91530122583,19659.575981070182,36290.10805477832,43961.62350234037,3671.124412358663,23105.467969279925,35576.17932160092,4349.925617673492,9497.532975722943
5.1037597467970075,86.1237062975462,109.5828646409305,19659.575981070182,12008.404222912493,22110.140370454774,26674.353174932916,2229.4352774020967,14015.614748364776,21596.322536102973,2637.2302754105554,5790.3406150274195
8.168241174631376,49.130426739036594,202.8004022829258,36290.10805477832,22110.14037045477,41128.003166116534,49267.93811031089,4128.876441703616,25803.40440894868,39970.29625164263,4884.117986194809,10702.117626972678
8.74401941269306,73.26726698631377,245.0121824759309,43961.62350234036,26674.353174932912,49267.93811031089,60030.96956161886,4995.312426230681,31290.587789795525,48089.0103880851,5903.6539084303095,12887.831871992064
7.492535061512952,8.523969257268748,20.479906453917653,3671.124412358663,2229.4352774020967,4128.8764417036155,4995.312426230681,419.426568361218,2616.599512090721,4040.2087043463653,493.4384911743236,1078.4991218162043
6.1239832276542385,58.503115026810775,128.64363984051283,23105.46796927992,14015.614748364778,25803.40440894869,31290.587789795525,2616.5995120907214,16549.186071415585,25419.39418481916,3095.997564886574,6802.591866590691
5.99031432379812,53.67174456098718,198.256323697607,35576.179321600925,21596.32253610297,39970.29625164262,48089.01038808512,4040.2087043463653,25419.39418481916,39305.56988609032,4768.2706117178905,10460.566701250425
8.802653560994793,20.123404670918884,24.18653500433512,4349.925617673491,2637.230275410555,4884.117986194809,5903.65390843031,493.4384911743236,3095.997564886574,4768.2706117178905,584.988475515928,1277.595479209812
5.845554182812677,37.09250927114455,53.12593524593136,9497.532975722941,5790.340615027419,10702.117626972677,12887.831871992066,1078.4991218162043,6802.59186659069,10460.566701250424,1277.595479209812,2822.3649957548914
