v,mu,sd,comat,,,,,,,,
7.473008227690107,29.973317064593665,35.93173508249771,1291.0895860387966,4598.9484826406615,2354.970951490284,10674.28289277195,1646.9382957932241,13183.157737961923,5533.291410848012,7085.538743255263,1059.6367838216424
6.1404155222466805,48.95574279616755,128.89440471052774,4598.9484826406615,16613.76756568132,8406.01564841481,38129.669173487535,5875.318258514311,47216.90306574054,19821.58584127844,25312.826880488148,3792.4172870890507
6.277369618786057,51.269130663428605,65.73026128479417,2354.970951490284,8406.01564841481,4320.467248567311,19489.596942279582,3005.955442979175,24171.78116401283,10071.60737292664,12950.686259177106,1942.90075683151
6.981649548613884,60.300318060730575,298.3712315556407,10674.282892771947,38129.669173487535,19489.596942279586,89025.39182002975,13680.05597263007,109298.70101228975,45843.06314522463,58790.01836641363,8808.562820346126
6.88657548845562,24.863403319776364,45.98497564147729,1646.9382957932241,5875.31825851431,3005.9554429791756,13680.055972630073,2114.61798474726,16859.511170866113,7066.861872424549,9058.014487819599,1357.7529509430212
9.982871150773246,96.30782970317159,368.6486804021182,13183.157737961923,47216.90306574054,24171.781164012835,109298.70101228975,16859.511170866113,135901.84956222313,56696.62050093236,72541.79264864091,10896.075796240559
7.040986001665985,61.33198024983591,154.76570948332545,5533.291410848011,19821.585841278444,10071.607372926643,45843.06314522463,7066.861872424549,56696.62050093236,23952.4248318771,30326.971083863875,4544.437850933027
8.859469974198568,65.68034715816242,197.67907852562377,7085.5387432552625,25312.82688048815,12950.686259177108,58790.018366413635,9058.014487819597,72541.79264864091,30326.97108386387,39077.01808673972,5842.009715339185
8.802683440044422,13.530342096144148,29.613841719625526,1059.6367838216424,3792.41728708905,1942.9007568315099,8808.562820346124,1357.752950943021,10896.075796240557,4544.437850933026,5842.009715339185,876.9796213950332
