v,mu,sd,comat,,,,,,,,
7.717024708954828,67.47435652525346,277.53261253734496,77024.35102180405,74843.34309179198,36013.62991290794,83525.04998161766,132756.52415406785,6274.493296423971,26227.360363283922,48399.90027703081,34690.062034971364
6.391846925468981,79.06184786802122,272.07653426246696,74843.34309179196,74025.64049627537,35024.90212912049,82135.33552994892,130492.79113773296,6151.151152759697,25738.689785583614,47560.921550082276,33884.50933453893
7.122587953745665,34.35503310981821,130.23785650775238,36013.62991290794,35024.90212912049,16961.8992677339,39242.85942671279,62275.13267169457,2940.5825026577154,12277.74679948772,22797.611505822264,16245.78024505927
9.22388066159952,86.66373809426119,303.435315559682,83525.04998161766,82135.33552994892,39242.85942671279,92072.99072880382,145826.08527892324,6855.309403299445,28648.823797360405,53228.788336984144,37969.25620278736
5.023594280954863,98.32874381290722,482.40086710336084,132756.52415406785,130492.79113773297,62275.13267169457,145826.08527892324,232710.5965820744,10907.720856499585,45586.01352481235,84672.36302057341,60413.408325045
5.607845603915571,20.83594246389152,22.767695736228493,6274.4932964239715,6151.151152759698,2940.582502657716,6855.309403299446,10907.720856499587,518.3679691374772,2164.6214260804422,3998.3051734939763,2836.829152993461
8.353745423633892,20.27073210817276,95.15055909847271,26227.360363283922,25738.68978558361,12277.74679948772,28648.82379736041,45586.01352481234,2164.621426080442,9053.628896751947,16689.949177356473,11859.655526021741
9.129263775525239,95.58723573855572,176.25461112170711,48399.90027703081,47560.92155008228,22797.61150582227,53228.78833698415,84672.3630205734,3998.3051734939763,16689.949177356477,31065.687941664197,21977.306891184297
5.683532948424765,39.249898827387774,125.50159257601106,34690.062034971364,33884.50933453893,16245.78024505927,37969.25620278736,60413.408325045006,2836.829152993461,11859.655526021743,21977.306891184297,15750.649739115077
