v,mu,sd,comat,,,,,,,,
5.901348444383846,59.67806140024728,135.63324099837297,18396.376063722724,15203.702713618079,12506.845002672148,4080.790101636651,4194.60833880598,47871.284547727046,18036.645662551917,31835.905925302635,35325.16566364999
5.097376207438123,25.710320650699394,112.60488288611742,15203.70271361808,12679.85964979622,10357.787012311248,3373.5865497206837,3497.2011410734103,39751.28937436116,14977.352445977525,26503.159994556554,29310.682900230415
7.316092632491723,33.70564533982302,92.78768739250725,12506.845002672148,10357.787012311244,8609.554931649647,2780.3426600122866,2881.3283417750913,32595.6395323475,12361.776523993218,21780.29437039104,24200.0618536375
8.62466964596074,13.684385757936768,30.1592460187644,4080.79010163665,3373.586549720683,2780.3426600122866,909.5801204203561,931.6157335921273,10667.794347072795,4005.125057532512,7086.192389693932,7855.839172845619
7.1010180229386375,13.141006571271742,31.207961872867344,4194.608338805979,3497.2011410734103,2881.3283417750913,931.6157335921274,973.9368842583418,10971.98109760899,4145.105434388526,7344.929229761921,8130.539337890494
7.4271354908389124,72.38359668828639,354.3808983383115,47871.28454772705,39751.28937436116,32595.639532347504,10667.794347072799,10971.981097608992,125585.82110706872,47025.033531454246,83467.17582455615,92315.62853816131
5.063904072953044,64.39635980677542,133.7650304890792,18036.64566255192,14977.352445977524,12361.77652399322,4005.1250575325116,4145.105434388526,47025.033531454246,17893.08338174429,31410.155793176804,34852.337675685485
7.436858036599358,67.3873365879229,236.39418891487682,31835.905925302635,26503.159994556554,21780.294370391042,7086.192389693931,7344.92922976192,83467.17582455614,31410.155793176807,55882.21255272248,61667.28108904112
9.709033261716831,83.43696176186377,261.5561792019552,35325.16566364999,29310.682900230415,24200.0618536375,7855.839172845618,8130.539337890495,92315.62853816128,34852.337675685485,61667.281089041135,68411.63487872531
