v,mu,sd,comat,,,,,,,,
7.586489419232946,46.13668086430734,164.8851543262266,27187.114117183562,18970.776268236725,5520.549168175449,8775.543996414186,17300.89710067104,39554.27086925398,68965.3729519234,30231.46972571627,10326.030392107254
9.734813019074071,58.99322867139762,115.669652034032,18970.776268236725,13379.468401674043,3884.328042068799,6169.179192430857,12066.181675212689,27730.72728223332,48327.81929213292,21230.166564134382,7258.030346785138
8.827298796984534,33.09214629505354,33.7572883392683,5520.549168175449,3884.3280420687997,1139.5545160204995,1806.5684384895549,3519.409886558881,8103.455329953223,14158.227740512573,6227.911990551689,2120.6697814965705
6.411979219835564,17.24488711479674,53.745761437143265,8775.543996414186,6169.179192430857,1806.5684384895549,2888.606872458316,5607.506930200492,12944.271903166713,22503.434032466343,9934.660201273664,3376.4079736195526
6.105226816308263,66.51202387756365,105.18529503039198,17300.897100671038,12066.181675212689,3519.4098865588808,5607.506930200491,11063.946290630602,25207.463506452288,44042.612816113,19329.822173236997,6599.970294909461
8.431110426187335,70.68197974378027,241.892167065045,39554.27086925398,27730.72728223332,8103.455329953222,12944.271903166715,25207.46350645229,58511.82048742363,100811.02966591332,44472.02397317865,15142.209301910625
5.8356960155002815,96.53675410593124,422.00252427256146,68965.37295192339,48327.8192921329,14158.22774051257,22503.43403246634,44042.61281611299,100811.02966591332,178086.13049241382,77852.2863239325,26627.161636969537
6.962212332325153,54.23987228054958,185.16954493600835,30231.469725716262,21230.16656413438,6227.91199055169,9934.660201273662,19329.822173236997,44472.02397317865,77852.28632393251,34287.760371808414,11665.173276037382
8.090261736264047,13.122097457529296,63.22512256425526,10326.030392107254,7258.030346785139,2120.6697814965705,3376.407973619553,6599.970294909461,15142.209301910627,26627.161636969537,11665.173276037383,3997.4161232650995
