v,mu,sd,comat,,,,,,,,
6.0110114671512065,80.25817664509565,304.87201787350966,92946.94728226561,71282.37941347863,30485.132950773543,113175.40373257452,33236.11594283016,39844.86252397796,7058.185486736293,52322.365294675394,38562.285403239395
8.922738020552805,53.11771287673843,235.54718051487743,71282.37941347863,55482.47424850825,23535.445333824206,87440.33931252887,25732.656553157416,30760.973486454463,5429.999982335916,40475.33173909578,29773.59991846381
9.302686196185157,89.01967322858209,100.48849259732968,30485.132950773546,23535.445333824202,10097.937144483585,37361.54478577753,10959.957061581816,13135.43843675182,2326.4966103882716,17217.605419272204,12734.593094379348
6.635426005407173,85.71105593722714,373.06189710596675,113175.4037325745,87440.33931252887,37361.54478577752,139175.17907230294,40855.224792198125,48820.276394930406,8649.431289406977,64068.52909763692,47171.46153773468
6.244302380424167,51.71561377138036,109.77384676217224,33236.11594283016,25732.656553157412,10959.957061581816,40855.22479219813,12050.297432964873,14358.243719250848,2545.830992223509,18923.014874886016,13866.107322126423
9.051818581232387,50.135225616955466,131.4004477750425,39844.86252397796,30760.973486454463,13135.438436751821,48820.27639493042,14358.243719250848,17266.07767548167,3047.0998279867404,22567.337967945296,16629.045765828265
8.567173946286314,6.935433845775869,23.25380370342182,7058.185486736291,5429.999982335916,2326.4966103882716,8649.431289406977,2545.8309922235085,3047.0998279867404,540.7393866772743,3998.1985616157244,2939.0396306193334
8.306642066891122,70.72963273037531,172.887521716972,52322.365294675394,40475.33173909579,17217.605419272204,64068.52909763693,18923.014874886012,22567.337967945296,3998.198561615724,29890.095165436473,21878.981524021656
8.552456285147834,66.2036337274848,127.37261000958419,38562.285403239395,29773.599918463813,12734.593094379346,47171.461537734685,13866.107322126425,16629.045765828258,2939.039630619333,21878.981524021656,16223.781780653626
