v,mu,sd,comat,,,,,,,,
9.722483014286535,38.9580069267405,110.05262525972464,12111.580326557381,13550.144637402864,31932.928719226406,13869.712874751021,33577.987854482235,12783.974851581173,16533.893726900104,10369.83487656211,1812.836350396884
7.320490871522038,63.010077368793894,124.75837523240254,13550.144637402862,15564.65219062895,36483.44911479215,15696.937461825972,38164.9653065059,14502.700590231452,18733.902063393063,11780.570523692859,2053.2856290776317
5.963975144785788,72.08686940081687,293.18192409850104,31932.928719226402,36483.449114792136,85955.6406180992,36995.857235202064,89817.11886623113,34185.94874702811,43965.49710196621,27631.861986385065,4828.178286675518
7.90947438439996,29.778297613901238,126.57491119234606,13869.712874751021,15696.937461825968,36995.85723520207,16021.208143350295,38766.81340517776,14748.262309534051,19006.68510217834,11944.183197080363,2087.787283858946
8.100421050868135,70.54446850030011,307.00633887234886,33577.98785448223,38164.965306505896,89817.11886623112,38766.81340517776,94252.8921078035,35801.25584635538,46218.47648942418,29023.795665636804,5063.298833080619
8.42112008731587,69.0874122292677,116.87734974220245,12783.974851581173,14502.700590231452,34185.94874702811,14748.26230953405,35801.25584635538,13660.314882761113,17585.048558997918,10995.969387230227,1926.5609347021614
5.51718777509999,49.906342911437335,151.20509710029722,16533.8937269001,18733.90206339306,43965.49710196621,19006.68510217834,46218.47648942418,17585.048558997914,22862.981389110308,14317.06178397923,2489.6837001394565
8.727378831422168,69.82918988035185,95.26665231044535,10369.834876562109,11780.570523692859,27631.861986385065,11944.183197080363,29023.795665636808,10995.969387230225,14317.061783979228,9075.73504243928,1568.4022101232954
6.40989535037118,5.390496081569557,16.54194142130388,1812.8363503968837,2053.2856290776313,4828.1782866755175,2087.7872838589456,5063.29883308062,1926.5609347021614,2489.683700139456,1568.4022101232954,273.63582598584895
