v,mu,sd,comat,,,,,,,,
7.038435140401431,32.5121658353733,124.94669248438908,15611.675962788488,12203.844788527575,9107.28261055769,30341.789218761904,52309.353518038144,24041.46432632322,14252.713424772017,49524.75434805625,34603.65762222291
5.2768302005593,96.7504251965561,98.38526304466745,12203.844788527575,9679.659984368409,7146.6908770985565,23776.28628927069,41363.91585642952,18873.62626755622,11247.22474722283,39000.395387646655,27297.037704825616
8.942674387433764,25.690530004074645,73.09106179747475,9107.28261055769,7146.6908770985565,5342.303314682274,17687.549260648328,30618.54292541183,14070.518873926045,8339.961855351814,29055.17120397396,20239.42172074614
6.436525923946729,92.98006306205151,243.28525604416035,30341.7892187619,23776.28628927069,17687.549260648328,59187.715808472654,102204.59658368368,46794.02092523713,27766.07341359496,96378.64366021098,67526.91236439765
7.251752934836356,90.92500033079101,422.070714202457,52309.353518038144,41363.915856429514,30618.542925411835,102204.59658368368,178143.68778737212,80930.11092731127,48355.16215984749,167584.53853225344,117525.94407805138
6.519561526703828,48.36744370621057,193.0554308704097,24041.464326323217,18873.62626755622,14070.518873926045,46794.020925237135,80930.11092731127,37270.39938855955,21990.31606946829,76533.52065362316,53386.62997200323
7.631997621485727,28.497627366417305,115.38974561237616,14252.713424772015,11247.224747222828,8339.961855351814,27766.073413594953,48355.16215984748,21990.31606946829,13314.793392488886,45466.42384062494,31953.367938756197
8.119061064423434,81.72143213682621,398.92396499635544,49524.75434805625,39000.395387646655,29055.17120397397,96378.64366021099,167584.53853225344,76533.52065362317,45466.42384062495,159140.3298484134,110596.48005463646
8.883877288624786,80.02468937578021,278.7359420585681,34603.65762222291,27297.037704825616,20239.42172074614,67526.91236439765,117525.94407805138,53386.62997200323,31953.367938756197,110596.48005463644,77693.72539527745
