v,mu,sd,comat,,,,,,,,
7.503340631701906,63.669344555439906,266.6128105101308,71082.39072811093,34997.79596763927,37710.7139826376,59390.815226619445,59981.61391021484,91695.59408057648,24485.777965957306,46250.94929214586,31804.667150614194
7.3403371297405755,27.75077198144281,132.80346548101517,34997.79596763927,17636.760443767183,18877.317461858947,29756.964348799433,29892.106632779512,45990.60273454044,12182.174784926447,23023.225329863442,15872.461124348763
7.503912628211162,56.09488360853489,142.62869107505807,37710.71398263761,18877.31746185895,20342.943517784344,32045.80432037689,32210.957102271143,49419.36450333305,13121.417274601954,24744.115826086967,17108.099411136933
5.745890827260541,63.983810448392596,225.13258383768996,59390.81522661944,29756.964348799436,32045.804320376887,50684.68030543449,50779.550354630526,77869.75436217376,20635.087940051842,39016.91242862391,26951.104702372395
9.101389679097075,66.67732597156986,226.80309687719694,59981.61391021484,29892.106632779512,32210.957102271143,50779.55035463052,51439.64475308718,78356.65653413274,20752.466151661116,39381.59203835826,27120.214058104004
6.60682015804819,70.80476210166256,347.49262665579494,91695.59408057648,45990.60273454045,49419.36450333305,77869.75436217376,78356.65653413274,120751.12558014371,31799.8548287337,60157.64792404443,41540.11666304187
8.895869985537066,32.31366231499029,92.33352573357016,24485.777965957313,12182.17478492645,13121.417274601952,20635.08794005184,20752.46615166112,31799.854828733696,8525.479974391863,16032.513125333517,11059.830712449582
9.075401539396115,84.8782952513033,174.26200298884334,46250.94929214586,23023.225329863446,24744.11582608697,39016.91242862392,39381.59203835826,60157.64792404444,16032.513125333515,30367.245685683647,20883.785427551724
5.0740113864068705,38.7766443164902,120.15439667233892,31804.667150614194,15872.461124348763,17108.09941113693,26951.10470237239,27120.214058104,41540.11666304187,11059.830712449582,20883.785427551724,14437.079039693768
