v,mu,sd,comat,,,,,,,,
8.031771688882376,7.041855091440916,13.99808005525021,195.94624523319374,2552.29512395687,347.64605111401903,927.7279536300182,397.46751974514456,2943.1999560569107,5392.3717883404615,916.2167310400527,1870.9335832975573
8.287557843089079,61.561061833290694,183.02420435947397,2552.29512395687,33497.85938141849,4543.2317370737765,12108.85495011189,5186.351140915647,38472.26342633367,70521.95918056232,12004.800415554264,24534.60658054056
6.53620504671785,9.863251251395122,25.00976233263993,347.64605111401903,4543.231737073778,625.488211935135,1651.1831242304718,709.7631779701553,5235.849133576368,9638.954580747797,1639.2984082547716,3329.7529838110436
9.81001742575421,22.67526988703621,66.54675171479096,927.7279536300183,12108.85495011189,1651.1831242304718,4428.470163790034,1881.2287077483397,13941.203478857875,25512.472132708644,4346.753827111519,8882.529801305605
7.679594536656468,7.56894480552651,28.532826524397233,397.4675197451445,5186.351140915647,709.7631779701553,1881.2287077483393,814.1221894713461,5988.859431763738,11051.088991107343,1876.446284900327,3807.4145418506946
8.298173454433183,50.38771238083072,210.82989088985488,2943.1999560569107,38472.26342633369,5235.849133576367,13941.203478857873,5988.85943176374,44449.24289262812,81189.4189636935,13827.000242444368,28180.393081336613
9.996882644116358,84.68147050713645,387.8746106797899,5392.371788340461,70521.95918056233,9638.954580747797,25512.47213270864,11051.088991107341,81189.4189636935,150446.71360999855,25576.074605044534,51777.710480658076
8.754919634660956,14.605427168292296,66.14834613262613,916.2167310400525,12004.800415554264,1639.2984082547714,4346.753827111519,1876.446284900327,13827.000242444368,25576.07460504453,4375.603696081714,8817.12581292656
7.692611018347336,39.85371834756952,134.22068302646386,1870.9335832975576,24534.606580540563,3329.752983811043,8882.529801305605,3807.4145418506955,28180.39308133661,51777.71048065807,8817.12581292656,18015.191752090483
