v,mu,sd,comat,,,,,,,,
6.24255063718865,85.81379594452405,219.23497049618584,48063.972288463476,41228.413173543304,56679.3144144295,52601.07054834754,63643.1818381868,65457.90675662986,15061.242147488038,18762.441203860428,82147.21803767807
7.249877105253978,68.30873177959921,189.50494918166896,41228.413173543304,35912.125764346936,49001.52517888577,45383.86488875818,54970.17354611073,56586.31409885765,12992.47037329229,16242.874447544784,71076.91917311265
7.054704014982704,62.84931771750071,260.0506977280746,56679.3144144295,49001.52517888577,67626.36538885842,62370.41637972741,75444.74918094667,77873.99617292114,17881.842408491448,22258.379832880208,98095.99581523285
6.301498454434499,96.95771977318307,241.72258948971609,52601.07054834754,45383.86488875818,62370.416379727416,58429.8102696138,69970.79995497834,72357.37948544334,16671.244939973018,20708.698308451847,90833.82115924332
9.351978441734747,68.90880840554784,291.53388104336005,63643.1818381868,54970.17354611074,75444.74918094669,69970.79995497834,84992.00379620401,87038.26037242149,20005.994074822447,25047.292340384032,109497.82503369538
5.925199635809525,71.2587139033121,301.03388522024517,65457.90675662987,56586.31409885766,77873.99617292114,72357.37948544335,87038.26037242149,90621.40005079574,20680.260772003894,25829.2351142294,113136.79223357928
5.09830712715022,30.36723362496549,69.05523653239922,15061.24214748804,12992.470373292288,17881.842408491448,16671.244939973014,20005.994074822444,20680.260772003894,4768.625692545603,5912.794933913654,25995.0816002852
9.76626015751856,20.19664149109159,86.12449909132582,18762.44120386043,16242.874447544786,22258.37983288021,20708.698308451847,25047.29234038403,25829.2351142294,5912.794933913653,7417.429343731781,32287.31683081834
8.402254023655196,87.9135532145103,378.3530005614847,82147.21803767809,71076.91917311265,98095.99581523286,90833.82115924334,109497.82503369536,113136.79223357928,25995.0816002852,32287.316830818345,143150.99303387888
