v,mu,sd,comat,,,,,,,,
9.637402693094794,26.167896971669073,105.99377036849182,11234.679356928576,13814.848757177682,44917.06614339946,23799.938065266906,32617.997149858904,27971.26080592914,16268.56118443243,5299.928618690559,1602.1921852273708
9.362131472046078,70.65058670314897,131.53828750852983,13814.848757177682,17302.32108067666,55544.65744541483,29588.250884456407,40612.59028688616,34672.44421347485,20212.000316277517,6641.803149668429,1990.9045124347706
7.923156362977766,88.29605248848651,425.76594064361115,44917.066143399454,55544.65744541483,181276.63621213898,96002.32839676939,131217.7164476385,112502.85119152394,65045.14463283934,21359.78886544522,6434.017572499817
9.525850868618985,65.9830957122173,226.59045239652028,23799.938065266902,29588.250884456407,96002.3283967694,51343.23311725972,69744.79695852021,59781.792187306324,34799.04244834688,11442.694264141008,3431.702464143286
6.584162855953697,91.48968338011406,309.4631132885692,32617.997149858904,40612.59028688617,131217.7164476385,69744.79695852021,95767.41848625384,81405.991430296,47499.88413094673,15539.87040775176,4694.505107293374
5.740040504648919,89.97176155133246,266.0503013848527,27971.260805929145,34672.44421347485,112502.85119152394,59781.792187306324,81405.99143029597,70782.76286697094,40822.44758695274,13428.871299836783,4003.629756119394
9.297670511216035,38.441254047601795,154.65297755585692,16268.561184432432,20212.000316277517,65045.144632839336,34799.04244834688,47499.88413094673,40822.44758695273,23917.54346689238,7782.465124471983,2341.763891437946
7.168504833755769,22.81365130125539,50.82968761168932,5299.928618690558,6641.803149668428,21359.78886544522,11442.694264141006,15539.87040775176,13428.871299836786,7782.465124471983,2583.657142701923,763.9666288645427
7.467603986227223,7.306889316029684,15.200222441857331,1602.192185227371,1990.9045124347704,6434.017572499817,3431.7024641432863,4694.505107293375,4003.629756119394,2341.7638914379463,763.9666288645426,231.04676228194322
