v,mu,sd,comat,,,,,,,,
5.567442359468248,67.78686715128372,217.05339250109347,47112.17519623374,39425.52483561364,7923.740921047283,36933.14251240717,26976.167118151396,49563.6490889822,2327.174732516324,32238.60370859465,53724.478791454465
9.872415472182283,80.98045380375133,182.94320773436647,39425.52483561365,33468.21725613957,6686.722444465725,30983.234124741633,22709.50618705212,41530.33947097419,1967.9710151220804,27243.4791286106,45389.562552275784
8.643673167505531,8.681542189252028,36.75194192922693,7923.740921047283,6686.722444465723,1350.7052355692686,6252.1652360882135,4558.446477189806,8367.859851516721,394.8153332536511,5501.941357128716,9113.334087045747
6.757339029463507,80.62520874640003,170.89940598360187,36933.14251240717,30983.234124741633,6252.165236088214,29206.606965547977,21299.59689537726,39028.971156586595,1837.7405772107386,25528.165559052068,42404.72508108965
8.538025691295406,48.26676332353212,125.03971157291238,26976.1671181514,22709.50618705212,4558.446477189806,21299.59689537726,15634.929470237123,28551.05918542306,1345.6348247265103,18699.64238372296,31050.121396513183
8.998023008300269,95.57597669571258,229.26067975308627,49563.64908898221,41530.3394709742,8367.85985151672,39028.9711565866,28551.059185423062,52560.45928084719,2461.8812615378583,34252.69972296023,56702.48566268209
8.227809272541462,10.645535601550932,10.788154135929807,2327.174732516324,1967.97101512208,394.8153332536511,1837.7405772107386,1345.6348247265105,2461.881261537858,116.38426966057935,1614.9429418990321,2681.233651899733
7.072998035940832,63.10520347120431,150.286757392559,32238.603708594645,27243.479128610597,5501.941357128716,25528.16555905207,18699.642383722963,34252.69972296022,1614.9429418990321,22586.109447569885,37219.4655720942
8.530155056365047,50.485530984557236,248.97616567379458,53724.47879145446,45389.562552275784,9113.334087045747,42404.72508108966,31050.121396513183,56702.48566268209,2681.2336518997336,37219.465572094196,61989.13107362481
