v,mu,sd,comat,,,,,,,,
9.945057567378,68.52041862140672,212.07055768282655,44973.92143590506,23026.85711380716,14777.004332871053,50232.4783363428,16195.537646167122,12876.12304121825,10317.719323440911,3317.884697210642,14865.538413497496
7.747723634223627,33.299025311892954,109.35209533575863,23026.857113807164,11957.880754320846,7615.042120903468,25936.481184523243,8324.388490662643,6598.9159594248795,5299.557901077688,1708.650992148659,7630.258319851149
6.407236509775315,59.528849027973784,70.10631128420377,14777.004332871049,7615.042120903468,4914.894881877676,16548.83856462213,5346.195244514392,4231.123057802736,3414.2850849712217,1094.9120179070826,4895.266686424495
5.386447830395864,48.060198184012535,238.37994701243102,50232.4783363428,25936.481184523243,16548.83856462213,56824.99913764944,18122.63251088203,14438.354071450485,11564.278735709571,3712.9893817741568,16618.02950530229
7.222347479859016,26.538016025573043,76.77419894662142,16195.537646167124,8324.388490662643,5346.1952445143925,18122.63251088203,5894.277623895407,4636.257471521451,3733.2986340052544,1199.902958138927,5368.56782727404
7.364039848777427,12.491124793989748,60.82622541940219,12876.123041218247,6598.9159594248795,4231.123057802736,14438.354071450483,4636.2574715214505,3699.8296987719295,2951.430933467716,949.4887862154885,4242.171684938723
5.24261000453223,43.71984828842749,49.04900776069743,10317.719323440911,5299.557901077687,3414.285084971222,11564.278735709571,3733.298634005255,2951.430933467716,2405.8051623089573,765.4909094074303,3424.3181737106247
5.816622241041333,12.101885134264101,15.705972076679426,3317.8846972106426,1708.6509921486593,1094.9120179070826,3712.9893817741554,1199.9029581389268,949.4887862154885,765.4909094074302,246.6775588734339,1100.4689222871132
5.579753557489722,40.46357719399766,70.32916138049332,14865.538413497494,7630.258319851148,4895.266686424495,16618.029505302293,5368.56782727404,4242.171684938723,3424.318173710625,1100.4689222871134,4946.190940483474
