v,mu,sd,comat,,,,,,,,
7.160556028004512,21.27733029935549,25.549877255842617,652.7962277886239,6314.16125236046,1620.9390367242786,6793.345157917124,1967.3252331239123,986.063470497321,11087.117572301835,7087.525174753216,2782.8728172520123
5.871076315994153,84.1235935078621,247.90340675108263,6314.16125236046,61456.099078792715,15704.799318195834,65952.87400406948,19071.10297143904,9581.81343614173,107914.65632706205,68824.4363801743,27000.66411465055
5.85471842638751,14.095444796432128,63.745267710319304,1620.9390367242786,15704.799318195837,4063.4591554602785,16889.6596886012,4926.549118947423,2468.3750959090485,27752.286818591892,17733.66554524959,6986.074195818489
9.138161238103207,55.35146583000652,266.92328326607037,6793.345157917124,65952.87400406948,16889.6596886012,71248.03914953885,20540.891401293935,10254.34291119419,115830.86220877702,74019.95174157839,29029.909592625612
7.935856300628625,26.760940044574866,77.48010333250855,1967.3252331239119,19071.10297143904,4926.549118947422,20540.89140129393,6003.166412416201,2998.6786960910927,33621.70000564033,21509.032503932052,8460.155702099259
7.29676872822356,20.30099071626984,38.976382295163354,986.063470497321,9581.813436141729,2468.3750959090485,10254.34291119419,2998.6786960910927,1519.1583768187231,16855.770230109232,10803.555800236069,4244.4039592969175
9.1134237900893,93.25675723990031,436.7080546910753,11087.117572301833,107914.65632706204,27752.28681859189,115830.86220877702,33621.70000564033,16855.770230109232,190713.92503206315,121227.78357315982,47788.42543542629
9.107740554339967,84.07595390761311,279.0055339596679,7087.525174753217,68824.43638017432,17733.665545249587,74019.9517415784,21509.032503932052,10803.555800236069,121227.78357315982,77844.0879801194,30473.09569132773
6.535601257485696,33.095609806696984,109.72934515653772,2782.872817252012,27000.664114650543,6986.074195818488,29029.909592625612,8460.155702099257,4244.4039592969175,47788.425435426296,30473.09569132773,12040.529188482586
