v,mu,sd,comat,,,,,,,,
5.087451354655763,62.695346482209324,295.92971888312223,87574.39851824375,22197.390769314625,62977.74495069096,5196.129341621479,39785.18734549763,23643.072530569527,21753.395408633387,57366.79996446104,5261.687578936439
9.457866335901292,42.370570113223984,75.38022347521331,22197.390769314625,5682.1780911731,15972.263377125355,1331.9740072336244,10176.252394222096,6003.614491451803,5534.024823496009,14619.350519199987,1335.2698522212245
6.424305837369592,76.15797441293964,213.64594256152904,62977.744950690954,15972.263377125357,45644.58877300416,3747.427093669233,28717.050207160268,17013.798795620918,15625.319821302774,41389.89923420652,3791.422401856818
6.49488188729479,15.905606366084324,17.735853389931354,5196.12934162148,1331.9740072336244,3747.427093669233,314.5604954691395,2388.7686386797823,1408.4440378683132,1303.5155594703424,3438.0961039219405,314.9649847886503
8.960171303277146,31.50706052806469,135.3753425595195,39785.18734549763,10176.252394222096,28717.050207160264,2388.7686386797823,18326.48337310725,10772.901390749823,9932.5282670495,26258.068701751632,2394.9194851752054
6.622352987391144,29.203947423100782,80.26350588607346,23643.072530569527,6003.614491451803,17013.79879562092,1408.444037868313,10772.901390749825,6442.23037712375,5918.726684600284,15549.194377350137,1424.1045336869352
9.323551933451292,27.832183181396097,73.96841770974844,21753.395408633383,5534.024823496011,15625.319821302774,1303.5155594703422,9932.528267049498,5918.726684600283,5471.326818483825,14299.476004521963,1317.3157320243372
7.237563161069371,92.10483550501861,195.00984041860164,57366.79996446103,14619.350519199983,41389.89923420652,3438.09610392194,26258.068701751632,15549.194377350135,14299.476004521965,38028.837860088475,3452.6854286603684
7.741149531750471,10.271766875400157,17.88678873646468,5261.687578936439,1335.2698522212245,3791.4224018568175,314.96498478865027,2394.919485175206,1424.1045336869352,1317.3157320243374,3452.685428660369,319.9372113029197
