v,mu,sd,comat,,,,,,,,
6.296857349742217,8.355324745037244,14.986035403742605,224.58125712222673,1607.854532887213,5615.222501124535,3062.658252861168,1397.2999913221654,5954.46882288846,1160.8923351037754,246.11146449939346,460.9961329906437
5.2168052558095015,29.97482091631401,107.75863730350949,1607.8545328872135,11611.92391350931,40607.7066961964,22048.368905920444,10057.11551676677,42832.10690766752,8335.572336907047,1776.0382753658116,3316.556680813639
7.910151710633022,97.88860618911706,378.4277245480282,5615.2225011245355,40607.706696196394,143207.54270659832,77447.60124323089,35401.66900120728,150208.86605549537,29271.558433039372,6238.74542292794,11644.461096764977
5.562560839055607,70.57758755632304,205.3826041125867,3062.658252861168,22048.368905920444,77447.60124323088,42182.01407206751,19156.243716014455,81482.4569298325,15904.73575217564,3373.504328067895,6319.1885266012505
8.053883912485752,65.65300998652977,94.42168245915049,1397.2999913221654,10057.11551676677,35401.66900120729,19156.24371601446,8915.454118416648,37510.551020834115,7313.940807834475,1554.309753707033,2900.5528990537437
6.481939791478635,81.0852631026122,401.5679384708799,5954.468822888461,42832.10690766752,150208.86605549537,81482.4569298325,37510.55102083412,161256.80920775238,30971.43864476472,6588.631698205891,12343.681507694868
9.036260967055947,17.162447782781445,77.97242347243191,1160.8923351037756,8335.572336907046,29271.558433039365,15904.735752175642,7313.940807834475,30971.43864476472,6079.6988221642505,1276.4844217458747,2395.053431680819
5.474188674581098,15.197799845966712,16.570519668340886,246.11146449939346,1776.0382753658114,6238.745422927939,3373.5043280678956,1554.3097537070328,6588.631698205889,1276.4844217458747,274.58212207887215,510.13695536434074
8.500501868977846,15.583957668526219,30.877420058955444,460.99613299064373,3316.5566808136377,11644.461096764977,6319.1885266012505,2900.5528990537437,12343.681507694868,2395.053431680819,510.13695536434074,953.4150694971839
