v,mu,sd,comat,,,,,,,,
7.940654005386371,45.154304962770794,194.24745342116304,37732.07316060691,19435.961232348207,22772.546437286124,41149.30256719469,20764.713831477173,31909.459568141618,17249.777055323033,27156.849218903488,14316.038210054592
9.48856863954709,41.61343336411128,100.59564171615638,19435.961232348207,10119.4831322853,11818.802643233723,21315.80855917192,10754.15892369231,16599.360254743166,8986.733985261857,14114.428185018334,7433.807734286934
9.45765364737354,45.667459633491525,117.8339525583321,22772.546437286128,11818.802643233725,13884.84037551926,24947.528036999574,12608.951322881743,19438.015309466522,10531.386946821622,16581.862632517343,8740.826369562816
9.07918738653842,85.23982284401114,212.69852391570936,41149.30256719469,21315.808559171917,24947.528036999578,45240.662075921595,22738.326899565993,35083.31364546367,18932.54787712927,29880.61111011933,15678.892884126895
5.179447928084267,40.300192737661874,107.35051823997145,20764.713831477176,10754.15892369231,12608.951322881741,22738.32689956599,11524.13376639044,17707.128743984576,9572.210626149568,15100.299848760487,7940.07889214168
8.45878790879442,45.33172525450617,165.51607338530093,31909.459568141618,16599.36025474317,19438.015309466526,35083.31364546368,17707.12874398458,27395.570548888325,14754.802377659962,23234.215407844287,12246.176348748488
6.89340471002704,23.02871293355067,89.57972676189954,17249.777055323033,8986.733985261855,10531.38694682162,18932.547877129266,9572.210626149568,14754.80237765996,8024.527446736579,12607.338338416896,6621.5789579232105
7.592554727240403,29.09779242571571,141.1445614512736,27156.849218903488,14114.428185018336,16581.862632517343,29880.61111011934,15100.299848760487,23234.21540784429,12607.338338416897,19921.78722727235,10431.519078311501
8.289757327794065,17.60281835283707,74.41040119856851,14316.038210054594,7433.807734286933,8740.826369562814,15678.892884126892,7940.07889214168,12246.176348748486,6621.578957923211,10431.519078311501,5536.9078065319245
