v,mu,sd,comat,,,,,,,,
7.609578582501274,67.59442028254807,155.58159881518367,24205.63388988876,42871.92561812105,3583.452196583791,17078.127134028404,4602.674281383779,8134.071775994735,18892.160847143918,47171.14251037674,3908.22217856986
8.49703183507332,68.67839983139459,277.4565368669545,42871.92561812105,76982.12985020367,6404.096736055801,30444.10108275686,8198.506443384385,14511.25037831246,33635.576080631225,84331.3175050399,6929.415761127723
6.349344855364752,17.126907424723235,23.263632791243367,3583.4521965837907,6404.096736055801,541.1966106458137,2557.7256954508603,685.0283781440183,1214.163017704736,2817.427285788223,7028.90470076366,578.0810441258997
8.372409373444961,25.549569173558783,110.50654461461261,17078.127134028404,30444.101082756868,2557.72569545086,12211.696402661366,3257.295926394796,5766.762295484226,13439.6460215471,33392.22666738729,2749.8612213377337
9.540360416566575,22.120334186726865,29.681822358077692,4602.674281383778,8198.506443384387,685.0283781440182,3257.2959263947955,881.0105784964807,1559.229618700158,3601.0790839109663,9039.686632320012,745.1716508693306
8.425751020797037,22.089857231017998,52.68461087746664,8134.071775994734,14511.250378312461,1214.1630177047357,5766.762295484227,1559.229618700158,2775.668223310077,6362.862068748319,15927.813094261903,1315.8149122883103
6.0582667199653875,43.109552318510985,121.82028184499305,18892.160847143918,33635.576080631225,2817.427285788223,13439.646021547098,3601.079083910967,6362.862068748319,14840.181068793543,37007.46868700983,3047.9851814493286
6.586330370630902,67.77101028920964,305.5806494112866,47171.14251037673,84331.3175050399,7028.90470076366,33392.22666738728,9039.686632320012,15927.813094261903,37007.46868700982,93379.53329462363,7653.530679121256
6.336497024814774,6.274411990109684,25.17074822855509,3908.2221785698594,6929.415761127724,578.0810441258998,2749.8612213377337,745.1716508693306,1315.8149122883103,3047.9851814493286,7653.530679121256,633.5665663853093
