v,mu,sd,comat,,,,,,,,
6.777095589026183,47.9610226801272,225.3571244477167,50785.83353934369,36411.09464335732,53670.00886362509,35690.41275410194,48060.66225159163,28603.691537634346,8904.870318329666,73702.29989062839,43656.47590234416
6.704244383446508,55.96309227418495,162.54624400658963,36411.09464335731,26421.281440649775,38544.20799326532,25590.4402609634,34459.44242868249,20561.896401859944,6412.065806066978,53396.38593129658,31259.003888931933
9.66553221140785,71.54892862686879,238.8501971554945,53670.00886362507,38544.20799326532,57049.4166812186,37857.7379611999,50861.67280123363,30340.224751499314,9423.094510728582,77996.52752157697,46318.72651943829
9.569095928225131,56.738319510917606,159.0268062292264,35690.412754101926,25590.440260963394,37857.737961199906,25289.525099467915,33749.169685922905,20122.50560731206,6243.517421938042,51894.23070281946,30850.31030647737
9.18732364188197,44.06784628562671,213.91532105615482,48060.66225159163,34459.44242868249,50861.672801233646,33749.169685922905,45759.7645825578,27104.25189437815,8420.22517740396,69681.49213548214,41173.91148845677
5.29744032862453,83.51431341767696,127.3383290243747,28603.691537634342,20561.896401859944,30340.224751499318,20122.50560731206,27104.251894378147,16215.050038719912,5024.067004546292,41604.49825857746,24644.8529460937
6.241051125605026,31.923341911629148,39.69778135650815,8904.870318329666,6412.065806066978,9423.094510728584,6243.517421938042,8420.225177403961,5024.067004546292,1575.9138446291263,13028.530949626507,7664.125024440344
7.5455972220480305,88.15231788921024,329.64670119124065,73702.29989062839,53396.38593129658,77996.52752157697,51894.23070281946,69681.49213548214,41604.49825857747,13028.530949626505,108666.94760626709,63549.85518973508
5.447721105234987,49.101351682633116,194.68475528451447,43656.47590234416,31259.003888931937,46318.726519438314,30850.310306477375,41173.91148845677,24644.8529460937,7664.125024440344,63549.85518973508,37902.153940191296
