v,mu,sd,comat,,,,,,,,
5.230204968157428,35.75826308849449,154.1979966580549,23777.0221733575,28485.2888598549,9679.230848639183,35561.627415214876,40048.34476692864,6028.25221720974,29293.175766801127,23882.82603713951,35680.960760168105
6.851211580577996,40.34240903551388,186.9238900840043,28485.288859854903,34940.54068413692,11757.907713910852,43194.0959739566,48387.31079758507,7299.364362708557,35323.06005475972,28866.31320528613,43347.84251645231
6.2115913374570235,15.15749192234675,63.22281149955195,9679.230848639185,11757.907713910852,3997.12389390788,14640.15279347866,16446.300661762092,2481.881029615307,11978.104980690805,9809.964963760049,14672.270186613932
8.142400025222924,88.47363875259047,232.45670491148195,35561.62741521488,43194.0959739566,14640.152793478659,54036.11965830379,60308.33023081103,9108.353969396407,44187.264365606716,36024.34343977926,54036.329067194165
9.950550300134584,89.7946204100902,260.7496467103063,40048.34476692864,48387.31079758507,16446.300661762092,60308.330230811014,67990.37825954957,10198.3817594439,49493.778461570204,40378.963176173515,60542.926732603235
5.652940246291533,8.241629819150385,39.49971361094438,6028.252217209741,7299.364362708557,2481.881029615307,9108.353969396407,10198.3817594439,1560.227375346625,7436.02762761334,6096.358249689694,9127.263824503309
5.867945816733246,92.6476889834197,190.6220838090378,29293.175766801127,35323.06005475973,11978.104980690807,44187.264365606716,49493.77846157021,7436.027627613339,36336.778835699835,29578.690513948484,44302.39101591107
6.291570288298399,62.50086165074143,155.58793829676847,23882.82603713951,28866.313205286133,9809.964963760047,36024.343439779266,40378.963176173515,6096.358249689695,29578.690513948484,24207.606543439037,36118.10558568188
7.091994833413091,64.88622102338135,233.04964241970112,35680.960760168105,43347.84251645231,14672.27018661393,54036.32906719417,60542.92673260323,9127.263824503309,44302.39101591107,36118.10558568188,54312.13583195054
