v,mu,sd,comat,,,,,,,,
9.2944463364652,67.3054985654293,145.49732204460742,21169.470722152208,9158.834786861995,14669.660415957205,30539.881517924383,19175.068199143407,6504.722525504756,11841.486992310356,41377.375133126305,8277.50754883813
6.863555774876399,41.89488334117437,63.22867719818947,9158.834786861995,3997.8656202328457,6385.86849854087,13290.558464849022,8326.802605668123,2829.7541664915593,5141.976109747064,18059.14571407916,3593.336978854442
7.775643889992984,25.21709337385944,101.37813062849504,14669.660415957203,6385.868498540869,10277.525369728204,21281.08396038748,13347.191222120673,4532.179285462485,8274.620983498462,28961.357264157094,5767.442709901843
9.778282744958839,59.99271503608033,211.61391323374573,30539.881517924383,13290.558464849022,21281.083960387477,44780.44827409926,27723.03506648664,9494.617938095515,17211.333508791424,60440.19962960948,12036.168367467255
8.683347990056118,95.9684283997324,132.14981765529,19175.06819914341,8326.802605668123,13347.191222120673,27723.035066486635,17463.5743063264,5915.717290734309,10767.81225657906,37673.41973591043,7522.896909613619
9.081025695562404,17.13405411200398,45.00605629912603,6504.722525504756,2829.7541664915593,4532.179285462485,9494.617938095516,5915.717290734309,2025.5451036001018,3664.274985107154,12816.50305333299,2557.8949118013898
5.505432801543123,26.158344155716453,81.78086822309757,11841.486992310356,5141.976109747065,8274.620983498464,17211.333508791424,10767.81225657906,3664.2749851071544,6688.11040732365,23356.992767044845,4661.2937017026525
9.642440352039685,83.90500264401183,286.6918247858665,41377.375133126305,18059.145714079164,28961.357264157097,60440.19962960948,37673.41973591044,12816.503053332992,23356.99276704485,82192.20239904999,16317.911502946708
8.045545844956546,22.612000921159545,57.1005965270632,8277.50754883813,3593.3369788544414,5767.442709901845,12036.168367467253,7522.896909613619,2557.8949118013898,4661.293701702653,16317.91150294671,3260.4781237464626
