v,mu,sd,comat,,,,,,,,
8.645068711445596,97.98984569265289,247.6683638206948,61339.61843762003,44426.789239724436,3531.9930410998554,32707.357647042878,36890.28128716811,68330.09927554155,13006.130732004825,11365.823582677162,29276.397695696036
7.806198011638205,64.86421998419948,179.89489643540972,44426.789239724436,32362.173763506788,2553.3889747382627,23751.011008885936,26618.619673095032,49595.320277215054,9407.30157891166,8208.078024648476,21270.331505548696
5.624835460046205,7.424611603533114,14.350742069529264,3531.9930410998554,2553.3889747382627,205.94379794615708,1894.297313522953,2148.7274840656623,3952.4909347124253,753.9592503825382,658.1466158490815,1699.9957136293879
6.987961843500585,79.02860326734962,132.7583271791787,32707.357647042878,23751.011008885936,1894.297313522953,17624.773435413863,19750.60053812233,36692.988812837335,6952.004153346688,6088.606914850591,15701.5775148054
8.90654103136738,44.38425528509714,149.98328645336534,36890.2812871681,26618.619673095032,2148.7274840656623,19750.60053812233,22494.98621535224,41148.14241958271,7870.442937923319,6896.766000929893,17725.355597427002
7.554964908265566,91.53265740052916,276.9381212167295,68330.09927554155,49595.32027721506,3952.4909347124253,36692.988812837335,41148.14241958272,76694.72298305195,14538.155011686555,12668.524479505082,32782.04703117701
5.9134667920791255,46.6701541405126,52.698472493028284,13006.130732004827,9407.30157891166,753.9592503825385,6952.00415334669,7870.44293792332,14538.155011686553,2777.1290030984587,2416.202673030888,6241.669593462928
9.267564376244264,26.698876014495934,46.093410816058835,11365.823582677162,8208.078024648476,658.1466158490814,6088.606914850592,6896.766000929893,12668.52447950508,2416.2026730308876,2124.6025206579693,5436.553171335461
9.776859463174047,28.042840740791643,118.84057894157608,29276.39769569604,21270.331505548696,1699.9957136293876,15701.577514805402,17725.355597427002,32782.04703117701,6241.669593462928,5436.553171335461,14123.083203168977
