v,mu,sd,comat,,,,,,,,
5.168773552116042,68.84670302062622,268.4086320261805,72043.19374616555,88823.00070746822,13098.586582134012,7383.189202551347,35334.60901632443,79378.13750129729,30521.163101526407,75764.98733719495,6672.419112729343
7.4455375398279235,69.11079826607244,334.08263847096606,88823.0007074682,111611.20932772219,16332.492053143742,9176.136706415535,44305.488370765306,98613.75914714167,37893.1298824688,94775.68082263107,8339.20690866341
9.230425486404414,10.398771893801776,49.22598417099661,13098.586582134012,16332.492053143746,2423.197517603209,1354.814827350278,6522.405543158108,14578.411772246807,5581.882097718812,13960.212464008524,1218.8906380768992
7.057009999048872,22.357125791173758,27.65573160390441,7383.189202551346,9176.136706415533,1354.8148273502777,764.8394905471973,3650.889389499215,8180.394142834008,3150.0818689947237,7846.6702098406595,686.6614583422652
8.157076868653824,89.15743916406454,132.881630314682,35334.60901632443,44305.488370765306,6522.405543158108,3650.8893894992157,17657.52767508782,39283.60674980527,15067.450352782436,37658.776617075826,3309.6622954747936
6.45471618633067,61.27002281686101,297.62779039078583,79378.13750129729,98613.75914714167,14578.411772246809,8180.394142834009,39283.60674980527,88582.30161290156,33893.05252774872,84340.61482293335,7386.794258305438
7.714001444651046,38.76939123030976,114.23699833931025,30521.16310152641,37893.1298824688,5581.882097718812,3150.081868994724,15067.450352782438,33893.05252774872,13050.091789575574,32425.6344223116,2850.289103188998
6.140906899516519,61.53683534452833,285.2178011276682,75764.98733719495,94775.68082263108,13960.212464008524,7846.6702098406595,37658.77661707582,84340.61482293333,32425.634422311592,81349.1940801021,7090.252421757556
6.201381647102009,13.638946902638285,25.090000504662516,6672.4191127293425,8339.20690866341,1218.890638076899,686.6614583422653,3309.6622954747945,7386.794258305439,2850.289103188998,7090.252421757556,629.5081253239654
